编号,建议分组,分类,对象类型,审核层级,精确路径,保留对应项,其他出处,文件数,逻辑字节数,判断依据,删除影响,前置条件,执行动作,当前状态
PROJECT-CACHE-001,A1 项目与工作树缓存,可以删除（确认后）,目录,精确执行对象,E:/projects/codex/aether/.ruff_cache,,,2,78,recognized cache metadata/bytecode,缓存重新生成；第三方已安装库、模型、数据库与正式原始证据保留,逐项重查存在、非重解析点、路径仍在批准边界；核对没有同时进行的安装/测试/构建,按精确路径删除缓存子目录；不扩大到父目录,未执行；待用户确认
PROJECT-CACHE-002,A1 项目与工作树缓存,可以删除（确认后）,目录,精确执行对象,E:/projects/codex/aether/AgentJYS-main/.mypy_cache,,,667,53495153,recognized cache metadata/bytecode,缓存重新生成；第三方已安装库、模型、数据库与正式原始证据保留,逐项重查存在、非重解析点、路径仍在批准边界；核对没有同时进行的安装/测试/构建,按精确路径删除缓存子目录；不扩大到父目录,未执行；待用户确认
PROJECT-CACHE-003,A1 项目与工作树缓存,可以删除（确认后）,目录,精确执行对象,E:/projects/codex/aether/AgentJYS-main/.pytest_cache,,,5,64290,recognized cache metadata/bytecode,缓存重新生成；第三方已安装库、模型、数据库与正式原始证据保留,逐项重查存在、非重解析点、路径仍在批准边界；核对没有同时进行的安装/测试/构建,按精确路径删除缓存子目录；不扩大到父目录,未执行；待用户确认
PROJECT-CACHE-004,A1 项目与工作树缓存,可以删除（确认后）,目录,精确执行对象,E:/projects/codex/aether/AgentJYS-main/.ruff_cache,,,23,29857,recognized cache metadata/bytecode,缓存重新生成；第三方已安装库、模型、数据库与正式原始证据保留,逐项重查存在、非重解析点、路径仍在批准边界；核对没有同时进行的安装/测试/构建,按精确路径删除缓存子目录；不扩大到父目录,未执行；待用户确认
PROJECT-CACHE-005,A1 项目与工作树缓存,可以删除（确认后）,目录,精确执行对象,E:/projects/codex/aether/AgentJYS-main/examples/minimal_loop/__pycache__,,,3,57806,recognized cache metadata/bytecode,缓存重新生成；第三方已安装库、模型、数据库与正式原始证据保留,逐项重查存在、非重解析点、路径仍在批准边界；核对没有同时进行的安装/测试/构建,按精确路径删除缓存子目录；不扩大到父目录,未执行；待用户确认
PROJECT-CACHE-006,A1 项目与工作树缓存,可以删除（确认后）,目录,精确执行对象,E:/projects/codex/aether/AgentJYS-main/examples/__pycache__,,,1,6903,recognized cache metadata/bytecode,缓存重新生成；第三方已安装库、模型、数据库与正式原始证据保留,逐项重查存在、非重解析点、路径仍在批准边界；核对没有同时进行的安装/测试/构建,按精确路径删除缓存子目录；不扩大到父目录,未执行；待用户确认
PROJECT-CACHE-007,A1 项目与工作树缓存,可以删除（确认后）,目录,精确执行对象,E:/projects/codex/aether/AgentJYS-main/scripts/p3/__pycache__,,,5,38105,recognized cache metadata/bytecode,缓存重新生成；第三方已安装库、模型、数据库与正式原始证据保留,逐项重查存在、非重解析点、路径仍在批准边界；核对没有同时进行的安装/测试/构建,按精确路径删除缓存子目录；不扩大到父目录,未执行；待用户确认
PROJECT-CACHE-008,A1 项目与工作树缓存,可以删除（确认后）,目录,精确执行对象,E:/projects/codex/aether/AgentJYS-main/scripts/__pycache__,,,4,16582,recognized cache metadata/bytecode,缓存重新生成；第三方已安装库、模型、数据库与正式原始证据保留,逐项重查存在、非重解析点、路径仍在批准边界；核对没有同时进行的安装/测试/构建,按精确路径删除缓存子目录；不扩大到父目录,未执行；待用户确认
PROJECT-CACHE-009,A1 项目与工作树缓存,可以删除（确认后）,目录,精确执行对象,E:/projects/codex/aether/AgentJYS-main/src/aether_agent_memory/adapters/__pycache__,,,33,300926,recognized cache metadata/bytecode,缓存重新生成；第三方已安装库、模型、数据库与正式原始证据保留,逐项重查存在、非重解析点、路径仍在批准边界；核对没有同时进行的安装/测试/构建,按精确路径删除缓存子目录；不扩大到父目录,未执行；待用户确认
PROJECT-CACHE-010,A1 项目与工作树缓存,可以删除（确认后）,目录,精确执行对象,E:/projects/codex/aether/AgentJYS-main/src/aether_agent_memory/api/mappers/__pycache__,,,2,2148,recognized cache metadata/bytecode,缓存重新生成；第三方已安装库、模型、数据库与正式原始证据保留,逐项重查存在、非重解析点、路径仍在批准边界；核对没有同时进行的安装/测试/构建,按精确路径删除缓存子目录；不扩大到父目录,未执行；待用户确认
PROJECT-CACHE-011,A1 项目与工作树缓存,可以删除（确认后）,目录,精确执行对象,E:/projects/codex/aether/AgentJYS-main/src/aether_agent_memory/api/routers/__pycache__,,,13,38462,recognized cache metadata/bytecode,缓存重新生成；第三方已安装库、模型、数据库与正式原始证据保留,逐项重查存在、非重解析点、路径仍在批准边界；核对没有同时进行的安装/测试/构建,按精确路径删除缓存子目录；不扩大到父目录,未执行；待用户确认
PROJECT-CACHE-012,A1 项目与工作树缓存,可以删除（确认后）,目录,精确执行对象,E:/projects/codex/aether/AgentJYS-main/src/aether_agent_memory/api/__pycache__,,,2,2825,recognized cache metadata/bytecode,缓存重新生成；第三方已安装库、模型、数据库与正式原始证据保留,逐项重查存在、非重解析点、路径仍在批准边界；核对没有同时进行的安装/测试/构建,按精确路径删除缓存子目录；不扩大到父目录,未执行；待用户确认
PROJECT-CACHE-013,A1 项目与工作树缓存,可以删除（确认后）,目录,精确执行对象,E:/projects/codex/aether/AgentJYS-main/src/aether_agent_memory/application/__pycache__,,,8,85731,recognized cache metadata/bytecode,缓存重新生成；第三方已安装库、模型、数据库与正式原始证据保留,逐项重查存在、非重解析点、路径仍在批准边界；核对没有同时进行的安装/测试/构建,按精确路径删除缓存子目录；不扩大到父目录,未执行；待用户确认
PROJECT-CACHE-014,A1 项目与工作树缓存,可以删除（确认后）,目录,精确执行对象,E:/projects/codex/aether/AgentJYS-main/src/aether_agent_memory/b1/semantic/__pycache__,,,4,8371,recognized cache metadata/bytecode,缓存重新生成；第三方已安装库、模型、数据库与正式原始证据保留,逐项重查存在、非重解析点、路径仍在批准边界；核对没有同时进行的安装/测试/构建,按精确路径删除缓存子目录；不扩大到父目录,未执行；待用户确认
PROJECT-CACHE-015,A1 项目与工作树缓存,可以删除（确认后）,目录,精确执行对象,E:/projects/codex/aether/AgentJYS-main/src/aether_agent_memory/b1/__pycache__,,,12,177971,recognized cache metadata/bytecode,缓存重新生成；第三方已安装库、模型、数据库与正式原始证据保留,逐项重查存在、非重解析点、路径仍在批准边界；核对没有同时进行的安装/测试/构建,按精确路径删除缓存子目录；不扩大到父目录,未执行；待用户确认
PROJECT-CACHE-016,A1 项目与工作树缓存,可以删除（确认后）,目录,精确执行对象,E:/projects/codex/aether/AgentJYS-main/src/aether_agent_memory/b2/__pycache__,,,14,158011,recognized cache metadata/bytecode,缓存重新生成；第三方已安装库、模型、数据库与正式原始证据保留,逐项重查存在、非重解析点、路径仍在批准边界；核对没有同时进行的安装/测试/构建,按精确路径删除缓存子目录；不扩大到父目录,未执行；待用户确认
PROJECT-CACHE-017,A1 项目与工作树缓存,可以删除（确认后）,目录,精确执行对象,E:/projects/codex/aether/AgentJYS-main/src/aether_agent_memory/b3/__pycache__,,,7,47734,recognized cache metadata/bytecode,缓存重新生成；第三方已安装库、模型、数据库与正式原始证据保留,逐项重查存在、非重解析点、路径仍在批准边界；核对没有同时进行的安装/测试/构建,按精确路径删除缓存子目录；不扩大到父目录,未执行；待用户确认
PROJECT-CACHE-018,A1 项目与工作树缓存,可以删除（确认后）,目录,精确执行对象,E:/projects/codex/aether/AgentJYS-main/src/aether_agent_memory/bootstrap/__pycache__,,,2,15321,recognized cache metadata/bytecode,缓存重新生成；第三方已安装库、模型、数据库与正式原始证据保留,逐项重查存在、非重解析点、路径仍在批准边界；核对没有同时进行的安装/测试/构建,按精确路径删除缓存子目录；不扩大到父目录,未执行；待用户确认
PROJECT-CACHE-019,A1 项目与工作树缓存,可以删除（确认后）,目录,精确执行对象,E:/projects/codex/aether/AgentJYS-main/src/aether_agent_memory/config/__pycache__,,,3,13813,recognized cache metadata/bytecode,缓存重新生成；第三方已安装库、模型、数据库与正式原始证据保留,逐项重查存在、非重解析点、路径仍在批准边界；核对没有同时进行的安装/测试/构建,按精确路径删除缓存子目录；不扩大到父目录,未执行；待用户确认
PROJECT-CACHE-020,A1 项目与工作树缓存,可以删除（确认后）,目录,精确执行对象,E:/projects/codex/aether/AgentJYS-main/src/aether_agent_memory/context/__pycache__,,,3,11129,recognized cache metadata/bytecode,缓存重新生成；第三方已安装库、模型、数据库与正式原始证据保留,逐项重查存在、非重解析点、路径仍在批准边界；核对没有同时进行的安装/测试/构建,按精确路径删除缓存子目录；不扩大到父目录,未执行；待用户确认
PROJECT-CACHE-021,A1 项目与工作树缓存,可以删除（确认后）,目录,精确执行对象,E:/projects/codex/aether/AgentJYS-main/src/aether_agent_memory/context_store/__pycache__,,,10,89625,recognized cache metadata/bytecode,缓存重新生成；第三方已安装库、模型、数据库与正式原始证据保留,逐项重查存在、非重解析点、路径仍在批准边界；核对没有同时进行的安装/测试/构建,按精确路径删除缓存子目录；不扩大到父目录,未执行；待用户确认
PROJECT-CACHE-022,A1 项目与工作树缓存,可以删除（确认后）,目录,精确执行对象,E:/projects/codex/aether/AgentJYS-main/src/aether_agent_memory/core/__pycache__,,,5,23500,recognized cache metadata/bytecode,缓存重新生成；第三方已安装库、模型、数据库与正式原始证据保留,逐项重查存在、非重解析点、路径仍在批准边界；核对没有同时进行的安装/测试/构建,按精确路径删除缓存子目录；不扩大到父目录,未执行；待用户确认
PROJECT-CACHE-023,A1 项目与工作树缓存,可以删除（确认后）,目录,精确执行对象,E:/projects/codex/aether/AgentJYS-main/src/aether_agent_memory/demo/__pycache__,,,3,35650,recognized cache metadata/bytecode,缓存重新生成；第三方已安装库、模型、数据库与正式原始证据保留,逐项重查存在、非重解析点、路径仍在批准边界；核对没有同时进行的安装/测试/构建,按精确路径删除缓存子目录；不扩大到父目录,未执行；待用户确认
PROJECT-CACHE-024,A1 项目与工作树缓存,可以删除（确认后）,目录,精确执行对象,E:/projects/codex/aether/AgentJYS-main/src/aether_agent_memory/episodic/__pycache__,,,2,4132,recognized cache metadata/bytecode,缓存重新生成；第三方已安装库、模型、数据库与正式原始证据保留,逐项重查存在、非重解析点、路径仍在批准边界；核对没有同时进行的安装/测试/构建,按精确路径删除缓存子目录；不扩大到父目录,未执行；待用户确认
PROJECT-CACHE-025,A1 项目与工作树缓存,可以删除（确认后）,目录,精确执行对象,E:/projects/codex/aether/AgentJYS-main/src/aether_agent_memory/integration/__pycache__,,,4,4815,recognized cache metadata/bytecode,缓存重新生成；第三方已安装库、模型、数据库与正式原始证据保留,逐项重查存在、非重解析点、路径仍在批准边界；核对没有同时进行的安装/测试/构建,按精确路径删除缓存子目录；不扩大到父目录,未执行；待用户确认
PROJECT-CACHE-026,A1 项目与工作树缓存,可以删除（确认后）,目录,精确执行对象,E:/projects/codex/aether/AgentJYS-main/src/aether_agent_memory/interfaces/__pycache__,,,7,8985,recognized cache metadata/bytecode,缓存重新生成；第三方已安装库、模型、数据库与正式原始证据保留,逐项重查存在、非重解析点、路径仍在批准边界；核对没有同时进行的安装/测试/构建,按精确路径删除缓存子目录；不扩大到父目录,未执行；待用户确认
PROJECT-CACHE-027,A1 项目与工作树缓存,可以删除（确认后）,目录,精确执行对象,E:/projects/codex/aether/AgentJYS-main/src/aether_agent_memory/lifecycle/__pycache__,,,3,2885,recognized cache metadata/bytecode,缓存重新生成；第三方已安装库、模型、数据库与正式原始证据保留,逐项重查存在、非重解析点、路径仍在批准边界；核对没有同时进行的安装/测试/构建,按精确路径删除缓存子目录；不扩大到父目录,未执行；待用户确认
PROJECT-CACHE-028,A1 项目与工作树缓存,可以删除（确认后）,目录,精确执行对象,E:/projects/codex/aether/AgentJYS-main/src/aether_agent_memory/memory/context/__pycache__,,,2,3791,recognized cache metadata/bytecode,缓存重新生成；第三方已安装库、模型、数据库与正式原始证据保留,逐项重查存在、非重解析点、路径仍在批准边界；核对没有同时进行的安装/测试/构建,按精确路径删除缓存子目录；不扩大到父目录,未执行；待用户确认
PROJECT-CACHE-029,A1 项目与工作树缓存,可以删除（确认后）,目录,精确执行对象,E:/projects/codex/aether/AgentJYS-main/src/aether_agent_memory/memory/formation/__pycache__,,,4,13115,recognized cache metadata/bytecode,缓存重新生成；第三方已安装库、模型、数据库与正式原始证据保留,逐项重查存在、非重解析点、路径仍在批准边界；核对没有同时进行的安装/测试/构建,按精确路径删除缓存子目录；不扩大到父目录,未执行；待用户确认
PROJECT-CACHE-030,A1 项目与工作树缓存,可以删除（确认后）,目录,精确执行对象,E:/projects/codex/aether/AgentJYS-main/src/aether_agent_memory/memory/recall/__pycache__,,,9,4864,recognized cache metadata/bytecode,缓存重新生成；第三方已安装库、模型、数据库与正式原始证据保留,逐项重查存在、非重解析点、路径仍在批准边界；核对没有同时进行的安装/测试/构建,按精确路径删除缓存子目录；不扩大到父目录,未执行；待用户确认
PROJECT-CACHE-031,A1 项目与工作树缓存,可以删除（确认后）,目录,精确执行对象,E:/projects/codex/aether/AgentJYS-main/src/aether_agent_memory/memory/retrieval/__pycache__,,,5,47552,recognized cache metadata/bytecode,缓存重新生成；第三方已安装库、模型、数据库与正式原始证据保留,逐项重查存在、非重解析点、路径仍在批准边界；核对没有同时进行的安装/测试/构建,按精确路径删除缓存子目录；不扩大到父目录,未执行；待用户确认
PROJECT-CACHE-032,A1 项目与工作树缓存,可以删除（确认后）,目录,精确执行对象,E:/projects/codex/aether/AgentJYS-main/src/aether_agent_memory/memory/vector_projection/__pycache__,,,3,1431,recognized cache metadata/bytecode,缓存重新生成；第三方已安装库、模型、数据库与正式原始证据保留,逐项重查存在、非重解析点、路径仍在批准边界；核对没有同时进行的安装/测试/构建,按精确路径删除缓存子目录；不扩大到父目录,未执行；待用户确认
PROJECT-CACHE-033,A1 项目与工作树缓存,可以删除（确认后）,目录,精确执行对象,E:/projects/codex/aether/AgentJYS-main/src/aether_agent_memory/memory/__pycache__,,,3,11427,recognized cache metadata/bytecode,缓存重新生成；第三方已安装库、模型、数据库与正式原始证据保留,逐项重查存在、非重解析点、路径仍在批准边界；核对没有同时进行的安装/测试/构建,按精确路径删除缓存子目录；不扩大到父目录,未执行；待用户确认
PROJECT-CACHE-034,A1 项目与工作树缓存,可以删除（确认后）,目录,精确执行对象,E:/projects/codex/aether/AgentJYS-main/src/aether_agent_memory/mocks/__pycache__,,,5,17948,recognized cache metadata/bytecode,缓存重新生成；第三方已安装库、模型、数据库与正式原始证据保留,逐项重查存在、非重解析点、路径仍在批准边界；核对没有同时进行的安装/测试/构建,按精确路径删除缓存子目录；不扩大到父目录,未执行；待用户确认
PROJECT-CACHE-035,A1 项目与工作树缓存,可以删除（确认后）,目录,精确执行对象,E:/projects/codex/aether/AgentJYS-main/src/aether_agent_memory/operate/basic/__pycache__,,,7,124317,recognized cache metadata/bytecode,缓存重新生成；第三方已安装库、模型、数据库与正式原始证据保留,逐项重查存在、非重解析点、路径仍在批准边界；核对没有同时进行的安装/测试/构建,按精确路径删除缓存子目录；不扩大到父目录,未执行；待用户确认
PROJECT-CACHE-036,A1 项目与工作树缓存,可以删除（确认后）,目录,精确执行对象,E:/projects/codex/aether/AgentJYS-main/src/aether_agent_memory/operate/contracts/__pycache__,,,8,34499,recognized cache metadata/bytecode,缓存重新生成；第三方已安装库、模型、数据库与正式原始证据保留,逐项重查存在、非重解析点、路径仍在批准边界；核对没有同时进行的安装/测试/构建,按精确路径删除缓存子目录；不扩大到父目录,未执行；待用户确认
PROJECT-CACHE-037,A1 项目与工作树缓存,可以删除（确认后）,目录,精确执行对象,E:/projects/codex/aether/AgentJYS-main/src/aether_agent_memory/operate/standalone/__pycache__,,,9,95422,recognized cache metadata/bytecode,缓存重新生成；第三方已安装库、模型、数据库与正式原始证据保留,逐项重查存在、非重解析点、路径仍在批准边界；核对没有同时进行的安装/测试/构建,按精确路径删除缓存子目录；不扩大到父目录,未执行；待用户确认
PROJECT-CACHE-038,A1 项目与工作树缓存,可以删除（确认后）,目录,精确执行对象,E:/projects/codex/aether/AgentJYS-main/src/aether_agent_memory/operate/__pycache__,,,6,31433,recognized cache metadata/bytecode,缓存重新生成；第三方已安装库、模型、数据库与正式原始证据保留,逐项重查存在、非重解析点、路径仍在批准边界；核对没有同时进行的安装/测试/构建,按精确路径删除缓存子目录；不扩大到父目录,未执行；待用户确认
PROJECT-CACHE-039,A1 项目与工作树缓存,可以删除（确认后）,目录,精确执行对象,E:/projects/codex/aether/AgentJYS-main/src/aether_agent_memory/p2/__pycache__,,,6,64700,recognized cache metadata/bytecode,缓存重新生成；第三方已安装库、模型、数据库与正式原始证据保留,逐项重查存在、非重解析点、路径仍在批准边界；核对没有同时进行的安装/测试/构建,按精确路径删除缓存子目录；不扩大到父目录,未执行；待用户确认
PROJECT-CACHE-040,A1 项目与工作树缓存,可以删除（确认后）,目录,精确执行对象,E:/projects/codex/aether/AgentJYS-main/src/aether_agent_memory/persistence/__pycache__,,,4,49725,recognized cache metadata/bytecode,缓存重新生成；第三方已安装库、模型、数据库与正式原始证据保留,逐项重查存在、非重解析点、路径仍在批准边界；核对没有同时进行的安装/测试/构建,按精确路径删除缓存子目录；不扩大到父目录,未执行；待用户确认
PROJECT-CACHE-041,A1 项目与工作树缓存,可以删除（确认后）,目录,精确执行对象,E:/projects/codex/aether/AgentJYS-main/src/aether_agent_memory/placement/__pycache__,,,3,3311,recognized cache metadata/bytecode,缓存重新生成；第三方已安装库、模型、数据库与正式原始证据保留,逐项重查存在、非重解析点、路径仍在批准边界；核对没有同时进行的安装/测试/构建,按精确路径删除缓存子目录；不扩大到父目录,未执行；待用户确认
PROJECT-CACHE-042,A1 项目与工作树缓存,可以删除（确认后）,目录,精确执行对象,E:/projects/codex/aether/AgentJYS-main/src/aether_agent_memory/recall/basic/__pycache__,,,16,192707,recognized cache metadata/bytecode,缓存重新生成；第三方已安装库、模型、数据库与正式原始证据保留,逐项重查存在、非重解析点、路径仍在批准边界；核对没有同时进行的安装/测试/构建,按精确路径删除缓存子目录；不扩大到父目录,未执行；待用户确认
PROJECT-CACHE-043,A1 项目与工作树缓存,可以删除（确认后）,目录,精确执行对象,E:/projects/codex/aether/AgentJYS-main/src/aether_agent_memory/recall/contracts/__pycache__,,,8,63374,recognized cache metadata/bytecode,缓存重新生成；第三方已安装库、模型、数据库与正式原始证据保留,逐项重查存在、非重解析点、路径仍在批准边界；核对没有同时进行的安装/测试/构建,按精确路径删除缓存子目录；不扩大到父目录,未执行；待用户确认
PROJECT-CACHE-044,A1 项目与工作树缓存,可以删除（确认后）,目录,精确执行对象,E:/projects/codex/aether/AgentJYS-main/src/aether_agent_memory/recall/embedding/__pycache__,,,9,140828,recognized cache metadata/bytecode,缓存重新生成；第三方已安装库、模型、数据库与正式原始证据保留,逐项重查存在、非重解析点、路径仍在批准边界；核对没有同时进行的安装/测试/构建,按精确路径删除缓存子目录；不扩大到父目录,未执行；待用户确认
PROJECT-CACHE-045,A1 项目与工作树缓存,可以删除（确认后）,目录,精确执行对象,E:/projects/codex/aether/AgentJYS-main/src/aether_agent_memory/recall/vector_projection/__pycache__,,,3,11475,recognized cache metadata/bytecode,缓存重新生成；第三方已安装库、模型、数据库与正式原始证据保留,逐项重查存在、非重解析点、路径仍在批准边界；核对没有同时进行的安装/测试/构建,按精确路径删除缓存子目录；不扩大到父目录,未执行；待用户确认
PROJECT-CACHE-046,A1 项目与工作树缓存,可以删除（确认后）,目录,精确执行对象,E:/projects/codex/aether/AgentJYS-main/src/aether_agent_memory/recall/__pycache__,,,10,93972,recognized cache metadata/bytecode,缓存重新生成；第三方已安装库、模型、数据库与正式原始证据保留,逐项重查存在、非重解析点、路径仍在批准边界；核对没有同时进行的安装/测试/构建,按精确路径删除缓存子目录；不扩大到父目录,未执行；待用户确认
PROJECT-CACHE-047,A1 项目与工作树缓存,可以删除（确认后）,目录,精确执行对象,E:/projects/codex/aether/AgentJYS-main/src/aether_agent_memory/remember/basic/__pycache__,,,23,455146,recognized cache metadata/bytecode,缓存重新生成；第三方已安装库、模型、数据库与正式原始证据保留,逐项重查存在、非重解析点、路径仍在批准边界；核对没有同时进行的安装/测试/构建,按精确路径删除缓存子目录；不扩大到父目录,未执行；待用户确认
PROJECT-CACHE-048,A1 项目与工作树缓存,可以删除（确认后）,目录,精确执行对象,E:/projects/codex/aether/AgentJYS-main/src/aether_agent_memory/remember/contracts/__pycache__,,,8,82700,recognized cache metadata/bytecode,缓存重新生成；第三方已安装库、模型、数据库与正式原始证据保留,逐项重查存在、非重解析点、路径仍在批准边界；核对没有同时进行的安装/测试/构建,按精确路径删除缓存子目录；不扩大到父目录,未执行；待用户确认
PROJECT-CACHE-049,A1 项目与工作树缓存,可以删除（确认后）,目录,精确执行对象,E:/projects/codex/aether/AgentJYS-main/src/aether_agent_memory/remember/__pycache__,,,6,42170,recognized cache metadata/bytecode,缓存重新生成；第三方已安装库、模型、数据库与正式原始证据保留,逐项重查存在、非重解析点、路径仍在批准边界；核对没有同时进行的安装/测试/构建,按精确路径删除缓存子目录；不扩大到父目录,未执行；待用户确认
PROJECT-CACHE-050,A1 项目与工作树缓存,可以删除（确认后）,目录,精确执行对象,E:/projects/codex/aether/AgentJYS-main/src/aether_agent_memory/resource/__pycache__,,,4,12415,recognized cache metadata/bytecode,缓存重新生成；第三方已安装库、模型、数据库与正式原始证据保留,逐项重查存在、非重解析点、路径仍在批准边界；核对没有同时进行的安装/测试/构建,按精确路径删除缓存子目录；不扩大到父目录,未执行；待用户确认
PROJECT-CACHE-051,A1 项目与工作树缓存,可以删除（确认后）,目录,精确执行对象,E:/projects/codex/aether/AgentJYS-main/src/aether_agent_memory/runtime/contracts/__pycache__,,,8,74208,recognized cache metadata/bytecode,缓存重新生成；第三方已安装库、模型、数据库与正式原始证据保留,逐项重查存在、非重解析点、路径仍在批准边界；核对没有同时进行的安装/测试/构建,按精确路径删除缓存子目录；不扩大到父目录,未执行；待用户确认
PROJECT-CACHE-052,A1 项目与工作树缓存,可以删除（确认后）,目录,精确执行对象,E:/projects/codex/aether/AgentJYS-main/src/aether_agent_memory/runtime/flows/__pycache__,,,11,129883,recognized cache metadata/bytecode,缓存重新生成；第三方已安装库、模型、数据库与正式原始证据保留,逐项重查存在、非重解析点、路径仍在批准边界；核对没有同时进行的安装/测试/构建,按精确路径删除缓存子目录；不扩大到父目录,未执行；待用户确认
PROJECT-CACHE-053,A1 项目与工作树缓存,可以删除（确认后）,目录,精确执行对象,E:/projects/codex/aether/AgentJYS-main/src/aether_agent_memory/runtime/foundation/__pycache__,,,16,218174,recognized cache metadata/bytecode,缓存重新生成；第三方已安装库、模型、数据库与正式原始证据保留,逐项重查存在、非重解析点、路径仍在批准边界；核对没有同时进行的安装/测试/构建,按精确路径删除缓存子目录；不扩大到父目录,未执行；待用户确认
PROJECT-CACHE-054,A1 项目与工作树缓存,可以删除（确认后）,目录,精确执行对象,E:/projects/codex/aether/AgentJYS-main/src/aether_agent_memory/runtime/temporal/__pycache__,,,23,239522,recognized cache metadata/bytecode,缓存重新生成；第三方已安装库、模型、数据库与正式原始证据保留,逐项重查存在、非重解析点、路径仍在批准边界；核对没有同时进行的安装/测试/构建,按精确路径删除缓存子目录；不扩大到父目录,未执行；待用户确认
PROJECT-CACHE-055,A1 项目与工作树缓存,可以删除（确认后）,目录,精确执行对象,E:/projects/codex/aether/AgentJYS-main/src/aether_agent_memory/runtime/__pycache__,,,16,147078,recognized cache metadata/bytecode,缓存重新生成；第三方已安装库、模型、数据库与正式原始证据保留,逐项重查存在、非重解析点、路径仍在批准边界；核对没有同时进行的安装/测试/构建,按精确路径删除缓存子目录；不扩大到父目录,未执行；待用户确认
PROJECT-CACHE-056,A1 项目与工作树缓存,可以删除（确认后）,目录,精确执行对象,E:/projects/codex/aether/AgentJYS-main/src/aether_agent_memory/semantic/__pycache__,,,2,5325,recognized cache metadata/bytecode,缓存重新生成；第三方已安装库、模型、数据库与正式原始证据保留,逐项重查存在、非重解析点、路径仍在批准边界；核对没有同时进行的安装/测试/构建,按精确路径删除缓存子目录；不扩大到父目录,未执行；待用户确认
PROJECT-CACHE-057,A1 项目与工作树缓存,可以删除（确认后）,目录,精确执行对象,E:/projects/codex/aether/AgentJYS-main/src/aether_agent_memory/session/__pycache__,,,5,28885,recognized cache metadata/bytecode,缓存重新生成；第三方已安装库、模型、数据库与正式原始证据保留,逐项重查存在、非重解析点、路径仍在批准边界；核对没有同时进行的安装/测试/构建,按精确路径删除缓存子目录；不扩大到父目录,未执行；待用户确认
PROJECT-CACHE-058,A1 项目与工作树缓存,可以删除（确认后）,目录,精确执行对象,E:/projects/codex/aether/AgentJYS-main/src/aether_agent_memory/signal/__pycache__,,,3,5879,recognized cache metadata/bytecode,缓存重新生成；第三方已安装库、模型、数据库与正式原始证据保留,逐项重查存在、非重解析点、路径仍在批准边界；核对没有同时进行的安装/测试/构建,按精确路径删除缓存子目录；不扩大到父目录,未执行；待用户确认
PROJECT-CACHE-059,A1 项目与工作树缓存,可以删除（确认后）,目录,精确执行对象,E:/projects/codex/aether/AgentJYS-main/src/aether_agent_memory/skill/__pycache__,,,3,3898,recognized cache metadata/bytecode,缓存重新生成；第三方已安装库、模型、数据库与正式原始证据保留,逐项重查存在、非重解析点、路径仍在批准边界；核对没有同时进行的安装/测试/构建,按精确路径删除缓存子目录；不扩大到父目录,未执行；待用户确认
PROJECT-CACHE-060,A1 项目与工作树缓存,可以删除（确认后）,目录,精确执行对象,E:/projects/codex/aether/AgentJYS-main/src/aether_agent_memory/workers/__pycache__,,,4,11563,recognized cache metadata/bytecode,缓存重新生成；第三方已安装库、模型、数据库与正式原始证据保留,逐项重查存在、非重解析点、路径仍在批准边界；核对没有同时进行的安装/测试/构建,按精确路径删除缓存子目录；不扩大到父目录,未执行；待用户确认
PROJECT-CACHE-061,A1 项目与工作树缓存,可以删除（确认后）,目录,精确执行对象,E:/projects/codex/aether/AgentJYS-main/src/aether_agent_memory/working/__pycache__,,,2,2982,recognized cache metadata/bytecode,缓存重新生成；第三方已安装库、模型、数据库与正式原始证据保留,逐项重查存在、非重解析点、路径仍在批准边界；核对没有同时进行的安装/测试/构建,按精确路径删除缓存子目录；不扩大到父目录,未执行；待用户确认
PROJECT-CACHE-062,A1 项目与工作树缓存,可以删除（确认后）,目录,精确执行对象,E:/projects/codex/aether/AgentJYS-main/src/aether_agent_memory/__pycache__,,,4,15377,recognized cache metadata/bytecode,缓存重新生成；第三方已安装库、模型、数据库与正式原始证据保留,逐项重查存在、非重解析点、路径仍在批准边界；核对没有同时进行的安装/测试/构建,按精确路径删除缓存子目录；不扩大到父目录,未执行；待用户确认
PROJECT-CACHE-063,A1 项目与工作树缓存,可以删除（确认后）,目录,精确执行对象,E:/projects/codex/aether/AgentJYS-main/src/aether_p4_simulator/__pycache__,,,4,25862,recognized cache metadata/bytecode,缓存重新生成；第三方已安装库、模型、数据库与正式原始证据保留,逐项重查存在、非重解析点、路径仍在批准边界；核对没有同时进行的安装/测试/构建,按精确路径删除缓存子目录；不扩大到父目录,未执行；待用户确认
PROJECT-CACHE-064,A1 项目与工作树缓存,可以删除（确认后）,目录,精确执行对象,E:/projects/codex/aether/AgentJYS-main/tests/contracts/p3/__pycache__,,,6,122868,recognized cache metadata/bytecode,缓存重新生成；第三方已安装库、模型、数据库与正式原始证据保留,逐项重查存在、非重解析点、路径仍在批准边界；核对没有同时进行的安装/测试/构建,按精确路径删除缓存子目录；不扩大到父目录,未执行；待用户确认
PROJECT-CACHE-065,A1 项目与工作树缓存,可以删除（确认后）,目录,精确执行对象,E:/projects/codex/aether/AgentJYS-main/tests/integration/__pycache__,,,11,202433,recognized cache metadata/bytecode,缓存重新生成；第三方已安装库、模型、数据库与正式原始证据保留,逐项重查存在、非重解析点、路径仍在批准边界；核对没有同时进行的安装/测试/构建,按精确路径删除缓存子目录；不扩大到父目录,未执行；待用户确认
PROJECT-CACHE-066,A1 项目与工作树缓存,可以删除（确认后）,目录,精确执行对象,E:/projects/codex/aether/AgentJYS-main/tests/runtime/flows/__pycache__,,,21,931248,recognized cache metadata/bytecode,缓存重新生成；第三方已安装库、模型、数据库与正式原始证据保留,逐项重查存在、非重解析点、路径仍在批准边界；核对没有同时进行的安装/测试/构建,按精确路径删除缓存子目录；不扩大到父目录,未执行；待用户确认
PROJECT-CACHE-067,A1 项目与工作树缓存,可以删除（确认后）,目录,精确执行对象,E:/projects/codex/aether/AgentJYS-main/tests/runtime/native/__pycache__,,,4,76931,recognized cache metadata/bytecode,缓存重新生成；第三方已安装库、模型、数据库与正式原始证据保留,逐项重查存在、非重解析点、路径仍在批准边界；核对没有同时进行的安装/测试/构建,按精确路径删除缓存子目录；不扩大到父目录,未执行；待用户确认
PROJECT-CACHE-068,A1 项目与工作树缓存,可以删除（确认后）,目录,精确执行对象,E:/projects/codex/aether/AgentJYS-main/tests/runtime/p3/.pytest_cache,,,5,6888,recognized cache metadata/bytecode,缓存重新生成；第三方已安装库、模型、数据库与正式原始证据保留,逐项重查存在、非重解析点、路径仍在批准边界；核对没有同时进行的安装/测试/构建,按精确路径删除缓存子目录；不扩大到父目录,未执行；待用户确认
PROJECT-CACHE-069,A1 项目与工作树缓存,可以删除（确认后）,目录,精确执行对象,E:/projects/codex/aether/AgentJYS-main/tests/runtime/p3/__pycache__,,,6,388367,recognized cache metadata/bytecode,缓存重新生成；第三方已安装库、模型、数据库与正式原始证据保留,逐项重查存在、非重解析点、路径仍在批准边界；核对没有同时进行的安装/测试/构建,按精确路径删除缓存子目录；不扩大到父目录,未执行；待用户确认
PROJECT-CACHE-070,A1 项目与工作树缓存,可以删除（确认后）,目录,精确执行对象,E:/projects/codex/aether/AgentJYS-main/tests/runtime/temporal/__pycache__,,,9,238311,recognized cache metadata/bytecode,缓存重新生成；第三方已安装库、模型、数据库与正式原始证据保留,逐项重查存在、非重解析点、路径仍在批准边界；核对没有同时进行的安装/测试/构建,按精确路径删除缓存子目录；不扩大到父目录,未执行；待用户确认
PROJECT-CACHE-071,A1 项目与工作树缓存,可以删除（确认后）,目录,精确执行对象,E:/projects/codex/aether/AgentJYS-main/tests/unit/recall/__pycache__,,,20,486066,recognized cache metadata/bytecode,缓存重新生成；第三方已安装库、模型、数据库与正式原始证据保留,逐项重查存在、非重解析点、路径仍在批准边界；核对没有同时进行的安装/测试/构建,按精确路径删除缓存子目录；不扩大到父目录,未执行；待用户确认
PROJECT-CACHE-072,A1 项目与工作树缓存,可以删除（确认后）,目录,精确执行对象,E:/projects/codex/aether/AgentJYS-main/tests/unit/__pycache__,,,173,3056719,recognized cache metadata/bytecode,缓存重新生成；第三方已安装库、模型、数据库与正式原始证据保留,逐项重查存在、非重解析点、路径仍在批准边界；核对没有同时进行的安装/测试/构建,按精确路径删除缓存子目录；不扩大到父目录,未执行；待用户确认
PROJECT-CACHE-073,A1 项目与工作树缓存,可以删除（确认后）,目录,精确执行对象,E:/projects/codex/aether/AgentJYS-main/tests/__pycache__,,,2,18990,recognized cache metadata/bytecode,缓存重新生成；第三方已安装库、模型、数据库与正式原始证据保留,逐项重查存在、非重解析点、路径仍在批准边界；核对没有同时进行的安装/测试/构建,按精确路径删除缓存子目录；不扩大到父目录,未执行；待用户确认
PROJECT-CACHE-074,A1 项目与工作树缓存,可以删除（确认后）,目录,精确执行对象,E:/projects/codex/aether/P3_框架研读与工程验证_V1.0/tests/__pycache__,,,2,3558,recognized cache metadata/bytecode,缓存重新生成；第三方已安装库、模型、数据库与正式原始证据保留,逐项重查存在、非重解析点、路径仍在批准边界；核对没有同时进行的安装/测试/构建,按精确路径删除缓存子目录；不扩大到父目录,未执行；待用户确认
PROJECT-CACHE-075,A1 项目与工作树缓存,可以删除（确认后）,目录,精确执行对象,C:/Users/27921/.codex/worktrees/p3-production-closure/aether/AgentJYS-main/.mypy_cache,,,5399,150502826,recognized cache metadata/bytecode,缓存重新生成；第三方已安装库、模型、数据库与正式原始证据保留,逐项重查存在、非重解析点、路径仍在批准边界；核对没有同时进行的安装/测试/构建,按精确路径删除缓存子目录；不扩大到父目录,未执行；待用户确认
PROJECT-CACHE-076,A1 项目与工作树缓存,可以删除（确认后）,目录,精确执行对象,C:/Users/27921/.codex/worktrees/p3-production-closure/aether/AgentJYS-main/.pytest_cache,,,5,53467,recognized cache metadata/bytecode,缓存重新生成；第三方已安装库、模型、数据库与正式原始证据保留,逐项重查存在、非重解析点、路径仍在批准边界；核对没有同时进行的安装/测试/构建,按精确路径删除缓存子目录；不扩大到父目录,未执行；待用户确认
PROJECT-CACHE-077,A1 项目与工作树缓存,可以删除（确认后）,目录,精确执行对象,C:/Users/27921/.codex/worktrees/p3-production-closure/aether/AgentJYS-main/.ruff_cache,,,18,38658,recognized cache metadata/bytecode,缓存重新生成；第三方已安装库、模型、数据库与正式原始证据保留,逐项重查存在、非重解析点、路径仍在批准边界；核对没有同时进行的安装/测试/构建,按精确路径删除缓存子目录；不扩大到父目录,未执行；待用户确认
PROJECT-CACHE-078,A1 项目与工作树缓存,可以删除（确认后）,目录,精确执行对象,C:/Users/27921/.codex/worktrees/p3-production-closure/aether/AgentJYS-main/src/aether_agent_memory/b1/__pycache__,,,4,14453,recognized cache metadata/bytecode,缓存重新生成；第三方已安装库、模型、数据库与正式原始证据保留,逐项重查存在、非重解析点、路径仍在批准边界；核对没有同时进行的安装/测试/构建,按精确路径删除缓存子目录；不扩大到父目录,未执行；待用户确认
PROJECT-CACHE-079,A1 项目与工作树缓存,可以删除（确认后）,目录,精确执行对象,C:/Users/27921/.codex/worktrees/p3-production-closure/aether/AgentJYS-main/src/aether_agent_memory/context/__pycache__,,,3,11237,recognized cache metadata/bytecode,缓存重新生成；第三方已安装库、模型、数据库与正式原始证据保留,逐项重查存在、非重解析点、路径仍在批准边界；核对没有同时进行的安装/测试/构建,按精确路径删除缓存子目录；不扩大到父目录,未执行；待用户确认
PROJECT-CACHE-080,A1 项目与工作树缓存,可以删除（确认后）,目录,精确执行对象,C:/Users/27921/.codex/worktrees/p3-production-closure/aether/AgentJYS-main/src/aether_agent_memory/core/__pycache__,,,5,23680,recognized cache metadata/bytecode,缓存重新生成；第三方已安装库、模型、数据库与正式原始证据保留,逐项重查存在、非重解析点、路径仍在批准边界；核对没有同时进行的安装/测试/构建,按精确路径删除缓存子目录；不扩大到父目录,未执行；待用户确认
PROJECT-CACHE-081,A1 项目与工作树缓存,可以删除（确认后）,目录,精确执行对象,C:/Users/27921/.codex/worktrees/p3-production-closure/aether/AgentJYS-main/src/aether_agent_memory/interfaces/__pycache__,,,7,9237,recognized cache metadata/bytecode,缓存重新生成；第三方已安装库、模型、数据库与正式原始证据保留,逐项重查存在、非重解析点、路径仍在批准边界；核对没有同时进行的安装/测试/构建,按精确路径删除缓存子目录；不扩大到父目录,未执行；待用户确认
PROJECT-CACHE-082,A1 项目与工作树缓存,可以删除（确认后）,目录,精确执行对象,C:/Users/27921/.codex/worktrees/p3-production-closure/aether/AgentJYS-main/src/aether_agent_memory/operate/basic/__pycache__,,,8,135873,recognized cache metadata/bytecode,缓存重新生成；第三方已安装库、模型、数据库与正式原始证据保留,逐项重查存在、非重解析点、路径仍在批准边界；核对没有同时进行的安装/测试/构建,按精确路径删除缓存子目录；不扩大到父目录,未执行；待用户确认
PROJECT-CACHE-083,A1 项目与工作树缓存,可以删除（确认后）,目录,精确执行对象,C:/Users/27921/.codex/worktrees/p3-production-closure/aether/AgentJYS-main/src/aether_agent_memory/operate/contracts/__pycache__,,,2,9856,recognized cache metadata/bytecode,缓存重新生成；第三方已安装库、模型、数据库与正式原始证据保留,逐项重查存在、非重解析点、路径仍在批准边界；核对没有同时进行的安装/测试/构建,按精确路径删除缓存子目录；不扩大到父目录,未执行；待用户确认
PROJECT-CACHE-084,A1 项目与工作树缓存,可以删除（确认后）,目录,精确执行对象,C:/Users/27921/.codex/worktrees/p3-production-closure/aether/AgentJYS-main/src/aether_agent_memory/operate/standalone/__pycache__,,,3,11231,recognized cache metadata/bytecode,缓存重新生成；第三方已安装库、模型、数据库与正式原始证据保留,逐项重查存在、非重解析点、路径仍在批准边界；核对没有同时进行的安装/测试/构建,按精确路径删除缓存子目录；不扩大到父目录,未执行；待用户确认
PROJECT-CACHE-085,A1 项目与工作树缓存,可以删除（确认后）,目录,精确执行对象,C:/Users/27921/.codex/worktrees/p3-production-closure/aether/AgentJYS-main/src/aether_agent_memory/operate/__pycache__,,,1,295,recognized cache metadata/bytecode,缓存重新生成；第三方已安装库、模型、数据库与正式原始证据保留,逐项重查存在、非重解析点、路径仍在批准边界；核对没有同时进行的安装/测试/构建,按精确路径删除缓存子目录；不扩大到父目录,未执行；待用户确认
PROJECT-CACHE-086,A1 项目与工作树缓存,可以删除（确认后）,目录,精确执行对象,C:/Users/27921/.codex/worktrees/p3-production-closure/aether/AgentJYS-main/src/aether_agent_memory/p2/generated/__pycache__,,,3,57957,recognized cache metadata/bytecode,缓存重新生成；第三方已安装库、模型、数据库与正式原始证据保留,逐项重查存在、非重解析点、路径仍在批准边界；核对没有同时进行的安装/测试/构建,按精确路径删除缓存子目录；不扩大到父目录,未执行；待用户确认
PROJECT-CACHE-087,A1 项目与工作树缓存,可以删除（确认后）,目录,精确执行对象,C:/Users/27921/.codex/worktrees/p3-production-closure/aether/AgentJYS-main/src/aether_agent_memory/p2/__pycache__,,,3,61330,recognized cache metadata/bytecode,缓存重新生成；第三方已安装库、模型、数据库与正式原始证据保留,逐项重查存在、非重解析点、路径仍在批准边界；核对没有同时进行的安装/测试/构建,按精确路径删除缓存子目录；不扩大到父目录,未执行；待用户确认
PROJECT-CACHE-088,A1 项目与工作树缓存,可以删除（确认后）,目录,精确执行对象,C:/Users/27921/.codex/worktrees/p3-production-closure/aether/AgentJYS-main/src/aether_agent_memory/placement/__pycache__,,,3,3419,recognized cache metadata/bytecode,缓存重新生成；第三方已安装库、模型、数据库与正式原始证据保留,逐项重查存在、非重解析点、路径仍在批准边界；核对没有同时进行的安装/测试/构建,按精确路径删除缓存子目录；不扩大到父目录,未执行；待用户确认
PROJECT-CACHE-089,A1 项目与工作树缓存,可以删除（确认后）,目录,精确执行对象,C:/Users/27921/.codex/worktrees/p3-production-closure/aether/AgentJYS-main/src/aether_agent_memory/recall/basic/__pycache__,,,14,188221,recognized cache metadata/bytecode,缓存重新生成；第三方已安装库、模型、数据库与正式原始证据保留,逐项重查存在、非重解析点、路径仍在批准边界；核对没有同时进行的安装/测试/构建,按精确路径删除缓存子目录；不扩大到父目录,未执行；待用户确认
PROJECT-CACHE-090,A1 项目与工作树缓存,可以删除（确认后）,目录,精确执行对象,C:/Users/27921/.codex/worktrees/p3-production-closure/aether/AgentJYS-main/src/aether_agent_memory/recall/contracts/__pycache__,,,4,46254,recognized cache metadata/bytecode,缓存重新生成；第三方已安装库、模型、数据库与正式原始证据保留,逐项重查存在、非重解析点、路径仍在批准边界；核对没有同时进行的安装/测试/构建,按精确路径删除缓存子目录；不扩大到父目录,未执行；待用户确认
PROJECT-CACHE-091,A1 项目与工作树缓存,可以删除（确认后）,目录,精确执行对象,C:/Users/27921/.codex/worktrees/p3-production-closure/aether/AgentJYS-main/src/aether_agent_memory/recall/embedding/__pycache__,,,5,49563,recognized cache metadata/bytecode,缓存重新生成；第三方已安装库、模型、数据库与正式原始证据保留,逐项重查存在、非重解析点、路径仍在批准边界；核对没有同时进行的安装/测试/构建,按精确路径删除缓存子目录；不扩大到父目录,未执行；待用户确认
PROJECT-CACHE-092,A1 项目与工作树缓存,可以删除（确认后）,目录,精确执行对象,C:/Users/27921/.codex/worktrees/p3-production-closure/aether/AgentJYS-main/src/aether_agent_memory/recall/__pycache__,,,1,460,recognized cache metadata/bytecode,缓存重新生成；第三方已安装库、模型、数据库与正式原始证据保留,逐项重查存在、非重解析点、路径仍在批准边界；核对没有同时进行的安装/测试/构建,按精确路径删除缓存子目录；不扩大到父目录,未执行；待用户确认
PROJECT-CACHE-093,A1 项目与工作树缓存,可以删除（确认后）,目录,精确执行对象,C:/Users/27921/.codex/worktrees/p3-production-closure/aether/AgentJYS-main/src/aether_agent_memory/remember/basic/__pycache__,,,24,542861,recognized cache metadata/bytecode,缓存重新生成；第三方已安装库、模型、数据库与正式原始证据保留,逐项重查存在、非重解析点、路径仍在批准边界；核对没有同时进行的安装/测试/构建,按精确路径删除缓存子目录；不扩大到父目录,未执行；待用户确认
PROJECT-CACHE-094,A1 项目与工作树缓存,可以删除（确认后）,目录,精确执行对象,C:/Users/27921/.codex/worktrees/p3-production-closure/aether/AgentJYS-main/src/aether_agent_memory/remember/contracts/__pycache__,,,4,65152,recognized cache metadata/bytecode,缓存重新生成；第三方已安装库、模型、数据库与正式原始证据保留,逐项重查存在、非重解析点、路径仍在批准边界；核对没有同时进行的安装/测试/构建,按精确路径删除缓存子目录；不扩大到父目录,未执行；待用户确认
PROJECT-CACHE-095,A1 项目与工作树缓存,可以删除（确认后）,目录,精确执行对象,C:/Users/27921/.codex/worktrees/p3-production-closure/aether/AgentJYS-main/src/aether_agent_memory/remember/__pycache__,,,5,53767,recognized cache metadata/bytecode,缓存重新生成；第三方已安装库、模型、数据库与正式原始证据保留,逐项重查存在、非重解析点、路径仍在批准边界；核对没有同时进行的安装/测试/构建,按精确路径删除缓存子目录；不扩大到父目录,未执行；待用户确认
PROJECT-CACHE-096,A1 项目与工作树缓存,可以删除（确认后）,目录,精确执行对象,C:/Users/27921/.codex/worktrees/p3-production-closure/aether/AgentJYS-main/src/aether_agent_memory/resource/__pycache__,,,4,12559,recognized cache metadata/bytecode,缓存重新生成；第三方已安装库、模型、数据库与正式原始证据保留,逐项重查存在、非重解析点、路径仍在批准边界；核对没有同时进行的安装/测试/构建,按精确路径删除缓存子目录；不扩大到父目录,未执行；待用户确认
PROJECT-CACHE-097,A1 项目与工作树缓存,可以删除（确认后）,目录,精确执行对象,C:/Users/27921/.codex/worktrees/p3-production-closure/aether/AgentJYS-main/src/aether_agent_memory/runtime/contracts/__pycache__,,,18,108343,recognized cache metadata/bytecode,缓存重新生成；第三方已安装库、模型、数据库与正式原始证据保留,逐项重查存在、非重解析点、路径仍在批准边界；核对没有同时进行的安装/测试/构建,按精确路径删除缓存子目录；不扩大到父目录,未执行；待用户确认
PROJECT-CACHE-098,A1 项目与工作树缓存,可以删除（确认后）,目录,精确执行对象,C:/Users/27921/.codex/worktrees/p3-production-closure/aether/AgentJYS-main/src/aether_agent_memory/runtime/flows/__pycache__,,,18,204563,recognized cache metadata/bytecode,缓存重新生成；第三方已安装库、模型、数据库与正式原始证据保留,逐项重查存在、非重解析点、路径仍在批准边界；核对没有同时进行的安装/测试/构建,按精确路径删除缓存子目录；不扩大到父目录,未执行；待用户确认
PROJECT-CACHE-099,A1 项目与工作树缓存,可以删除（确认后）,目录,精确执行对象,C:/Users/27921/.codex/worktrees/p3-production-closure/aether/AgentJYS-main/src/aether_agent_memory/runtime/foundation/__pycache__,,,28,356415,recognized cache metadata/bytecode,缓存重新生成；第三方已安装库、模型、数据库与正式原始证据保留,逐项重查存在、非重解析点、路径仍在批准边界；核对没有同时进行的安装/测试/构建,按精确路径删除缓存子目录；不扩大到父目录,未执行；待用户确认
PROJECT-CACHE-100,A1 项目与工作树缓存,可以删除（确认后）,目录,精确执行对象,C:/Users/27921/.codex/worktrees/p3-production-closure/aether/AgentJYS-main/src/aether_agent_memory/runtime/storage/__pycache__,,,5,28709,recognized cache metadata/bytecode,缓存重新生成；第三方已安装库、模型、数据库与正式原始证据保留,逐项重查存在、非重解析点、路径仍在批准边界；核对没有同时进行的安装/测试/构建,按精确路径删除缓存子目录；不扩大到父目录,未执行；待用户确认
PROJECT-CACHE-101,A1 项目与工作树缓存,可以删除（确认后）,目录,精确执行对象,C:/Users/27921/.codex/worktrees/p3-production-closure/aether/AgentJYS-main/src/aether_agent_memory/runtime/temporal/__pycache__,,,22,261907,recognized cache metadata/bytecode,缓存重新生成；第三方已安装库、模型、数据库与正式原始证据保留,逐项重查存在、非重解析点、路径仍在批准边界；核对没有同时进行的安装/测试/构建,按精确路径删除缓存子目录；不扩大到父目录,未执行；待用户确认
PROJECT-CACHE-102,A1 项目与工作树缓存,可以删除（确认后）,目录,精确执行对象,C:/Users/27921/.codex/worktrees/p3-production-closure/aether/AgentJYS-main/src/aether_agent_memory/runtime/__pycache__,,,9,69933,recognized cache metadata/bytecode,缓存重新生成；第三方已安装库、模型、数据库与正式原始证据保留,逐项重查存在、非重解析点、路径仍在批准边界；核对没有同时进行的安装/测试/构建,按精确路径删除缓存子目录；不扩大到父目录,未执行；待用户确认
PROJECT-CACHE-103,A1 项目与工作树缓存,可以删除（确认后）,目录,精确执行对象,C:/Users/27921/.codex/worktrees/p3-production-closure/aether/AgentJYS-main/src/aether_agent_memory/signal/__pycache__,,,3,5987,recognized cache metadata/bytecode,缓存重新生成；第三方已安装库、模型、数据库与正式原始证据保留,逐项重查存在、非重解析点、路径仍在批准边界；核对没有同时进行的安装/测试/构建,按精确路径删除缓存子目录；不扩大到父目录,未执行；待用户确认
PROJECT-CACHE-104,A1 项目与工作树缓存,可以删除（确认后）,目录,精确执行对象,C:/Users/27921/.codex/worktrees/p3-production-closure/aether/AgentJYS-main/src/aether_agent_memory/__pycache__,,,1,4660,recognized cache metadata/bytecode,缓存重新生成；第三方已安装库、模型、数据库与正式原始证据保留,逐项重查存在、非重解析点、路径仍在批准边界；核对没有同时进行的安装/测试/构建,按精确路径删除缓存子目录；不扩大到父目录,未执行；待用户确认
PROJECT-CACHE-105,A1 项目与工作树缓存,可以删除（确认后）,目录,精确执行对象,C:/Users/27921/.codex/worktrees/p3-production-closure/aether/AgentJYS-main/src/aether_p4_simulator/demo/__pycache__,,,12,138738,recognized cache metadata/bytecode,缓存重新生成；第三方已安装库、模型、数据库与正式原始证据保留,逐项重查存在、非重解析点、路径仍在批准边界；核对没有同时进行的安装/测试/构建,按精确路径删除缓存子目录；不扩大到父目录,未执行；待用户确认
PROJECT-CACHE-106,A1 项目与工作树缓存,可以删除（确认后）,目录,精确执行对象,C:/Users/27921/.codex/worktrees/p3-production-closure/aether/AgentJYS-main/src/aether_p4_simulator/validation/__pycache__,,,8,87319,recognized cache metadata/bytecode,缓存重新生成；第三方已安装库、模型、数据库与正式原始证据保留,逐项重查存在、非重解析点、路径仍在批准边界；核对没有同时进行的安装/测试/构建,按精确路径删除缓存子目录；不扩大到父目录,未执行；待用户确认
PROJECT-CACHE-107,A1 项目与工作树缓存,可以删除（确认后）,目录,精确执行对象,C:/Users/27921/.codex/worktrees/p3-production-closure/aether/AgentJYS-main/src/aether_p4_simulator/__pycache__,,,5,39799,recognized cache metadata/bytecode,缓存重新生成；第三方已安装库、模型、数据库与正式原始证据保留,逐项重查存在、非重解析点、路径仍在批准边界；核对没有同时进行的安装/测试/构建,按精确路径删除缓存子目录；不扩大到父目录,未执行；待用户确认
PROJECT-CACHE-108,A1 项目与工作树缓存,可以删除（确认后）,目录,精确执行对象,C:/Users/27921/.codex/worktrees/p3-production-closure/aether/AgentJYS-main/tests/integration/__pycache__,,,18,848299,recognized cache metadata/bytecode,缓存重新生成；第三方已安装库、模型、数据库与正式原始证据保留,逐项重查存在、非重解析点、路径仍在批准边界；核对没有同时进行的安装/测试/构建,按精确路径删除缓存子目录；不扩大到父目录,未执行；待用户确认
PROJECT-CACHE-109,A1 项目与工作树缓存,可以删除（确认后）,目录,精确执行对象,C:/Users/27921/.codex/worktrees/p3-production-closure/aether/AgentJYS-main/tests/runtime/p3/.pytest_cache,,,5,1857,recognized cache metadata/bytecode,缓存重新生成；第三方已安装库、模型、数据库与正式原始证据保留,逐项重查存在、非重解析点、路径仍在批准边界；核对没有同时进行的安装/测试/构建,按精确路径删除缓存子目录；不扩大到父目录,未执行；待用户确认
PROJECT-CACHE-110,A1 项目与工作树缓存,可以删除（确认后）,目录,精确执行对象,C:/Users/27921/.codex/worktrees/p3-production-closure/aether/AgentJYS-main/tests/__pycache__,,,2,8545,recognized cache metadata/bytecode,缓存重新生成；第三方已安装库、模型、数据库与正式原始证据保留,逐项重查存在、非重解析点、路径仍在批准边界；核对没有同时进行的安装/测试/构建,按精确路径删除缓存子目录；不扩大到父目录,未执行；待用户确认
PROJECT-CACHE-111,A1 项目与工作树缓存,可以删除（确认后）,目录,精确执行对象,C:/Users/27921/.codex/worktrees/p3-ci-repair/aether/AgentJYS-main/.ruff_cache,,,14,21802,recognized cache metadata/bytecode,缓存重新生成；第三方已安装库、模型、数据库与正式原始证据保留,逐项重查存在、非重解析点、路径仍在批准边界；核对没有同时进行的安装/测试/构建,按精确路径删除缓存子目录；不扩大到父目录,未执行；待用户确认
PROJECT-CACHE-112,A1 项目与工作树缓存,可以删除（确认后）,目录,精确执行对象,C:/Users/27921/.codex/worktrees/p3-ci-repair/aether/AgentJYS-main/src/aether_agent_memory/runtime/contracts/__pycache__,,,5,47296,recognized cache metadata/bytecode,缓存重新生成；第三方已安装库、模型、数据库与正式原始证据保留,逐项重查存在、非重解析点、路径仍在批准边界；核对没有同时进行的安装/测试/构建,按精确路径删除缓存子目录；不扩大到父目录,未执行；待用户确认
PROJECT-CACHE-113,A1 项目与工作树缓存,可以删除（确认后）,目录,精确执行对象,C:/Users/27921/.codex/worktrees/p3-ci-repair/aether/AgentJYS-main/src/aether_agent_memory/runtime/foundation/__pycache__,,,14,211925,recognized cache metadata/bytecode,缓存重新生成；第三方已安装库、模型、数据库与正式原始证据保留,逐项重查存在、非重解析点、路径仍在批准边界；核对没有同时进行的安装/测试/构建,按精确路径删除缓存子目录；不扩大到父目录,未执行；待用户确认
PROJECT-CACHE-114,A1 项目与工作树缓存,可以删除（确认后）,目录,精确执行对象,C:/Users/27921/.codex/worktrees/p3-ci-repair/aether/AgentJYS-main/src/aether_agent_memory/runtime/__pycache__,,,2,8808,recognized cache metadata/bytecode,缓存重新生成；第三方已安装库、模型、数据库与正式原始证据保留,逐项重查存在、非重解析点、路径仍在批准边界；核对没有同时进行的安装/测试/构建,按精确路径删除缓存子目录；不扩大到父目录,未执行；待用户确认
PROJECT-CACHE-115,A1 项目与工作树缓存,可以删除（确认后）,目录,精确执行对象,C:/Users/27921/.codex/worktrees/p3-ci-repair/aether/AgentJYS-main/src/aether_agent_memory/__pycache__,,,1,4651,recognized cache metadata/bytecode,缓存重新生成；第三方已安装库、模型、数据库与正式原始证据保留,逐项重查存在、非重解析点、路径仍在批准边界；核对没有同时进行的安装/测试/构建,按精确路径删除缓存子目录；不扩大到父目录,未执行；待用户确认
PROJECT-CACHE-116,A1 项目与工作树缓存,可以删除（确认后）,目录,精确执行对象,C:/Users/27921/.codex/worktrees/p3-temporal/aether/AgentJYS-main/.ruff_cache,,,3,213,recognized cache metadata/bytecode,缓存重新生成；第三方已安装库、模型、数据库与正式原始证据保留,逐项重查存在、非重解析点、路径仍在批准边界；核对没有同时进行的安装/测试/构建,按精确路径删除缓存子目录；不扩大到父目录,未执行；待用户确认
PROJECT-CACHE-117,A1 项目与工作树缓存,可以删除（确认后）,目录,精确执行对象,C:/Users/27921/.codex/worktrees/p3-temporal/aether/AgentJYS-main/src/aether_agent_memory/operate/basic/__pycache__,,,6,120543,recognized cache metadata/bytecode,缓存重新生成；第三方已安装库、模型、数据库与正式原始证据保留,逐项重查存在、非重解析点、路径仍在批准边界；核对没有同时进行的安装/测试/构建,按精确路径删除缓存子目录；不扩大到父目录,未执行；待用户确认
PROJECT-CACHE-118,A1 项目与工作树缓存,可以删除（确认后）,目录,精确执行对象,C:/Users/27921/.codex/worktrees/p3-temporal/aether/AgentJYS-main/src/aether_agent_memory/operate/contracts/__pycache__,,,2,9836,recognized cache metadata/bytecode,缓存重新生成；第三方已安装库、模型、数据库与正式原始证据保留,逐项重查存在、非重解析点、路径仍在批准边界；核对没有同时进行的安装/测试/构建,按精确路径删除缓存子目录；不扩大到父目录,未执行；待用户确认
PROJECT-CACHE-119,A1 项目与工作树缓存,可以删除（确认后）,目录,精确执行对象,C:/Users/27921/.codex/worktrees/p3-temporal/aether/AgentJYS-main/src/aether_agent_memory/operate/standalone/__pycache__,,,3,11201,recognized cache metadata/bytecode,缓存重新生成；第三方已安装库、模型、数据库与正式原始证据保留,逐项重查存在、非重解析点、路径仍在批准边界；核对没有同时进行的安装/测试/构建,按精确路径删除缓存子目录；不扩大到父目录,未执行；待用户确认
PROJECT-CACHE-120,A1 项目与工作树缓存,可以删除（确认后）,目录,精确执行对象,C:/Users/27921/.codex/worktrees/p3-temporal/aether/AgentJYS-main/src/aether_agent_memory/operate/__pycache__,,,1,285,recognized cache metadata/bytecode,缓存重新生成；第三方已安装库、模型、数据库与正式原始证据保留,逐项重查存在、非重解析点、路径仍在批准边界；核对没有同时进行的安装/测试/构建,按精确路径删除缓存子目录；不扩大到父目录,未执行；待用户确认
PROJECT-CACHE-121,A1 项目与工作树缓存,可以删除（确认后）,目录,精确执行对象,C:/Users/27921/.codex/worktrees/p3-temporal/aether/AgentJYS-main/src/aether_agent_memory/recall/basic/__pycache__,,,13,172259,recognized cache metadata/bytecode,缓存重新生成；第三方已安装库、模型、数据库与正式原始证据保留,逐项重查存在、非重解析点、路径仍在批准边界；核对没有同时进行的安装/测试/构建,按精确路径删除缓存子目录；不扩大到父目录,未执行；待用户确认
PROJECT-CACHE-122,A1 项目与工作树缓存,可以删除（确认后）,目录,精确执行对象,C:/Users/27921/.codex/worktrees/p3-temporal/aether/AgentJYS-main/src/aether_agent_memory/recall/contracts/__pycache__,,,4,46214,recognized cache metadata/bytecode,缓存重新生成；第三方已安装库、模型、数据库与正式原始证据保留,逐项重查存在、非重解析点、路径仍在批准边界；核对没有同时进行的安装/测试/构建,按精确路径删除缓存子目录；不扩大到父目录,未执行；待用户确认
PROJECT-CACHE-123,A1 项目与工作树缓存,可以删除（确认后）,目录,精确执行对象,C:/Users/27921/.codex/worktrees/p3-temporal/aether/AgentJYS-main/src/aether_agent_memory/recall/embedding/__pycache__,,,4,46245,recognized cache metadata/bytecode,缓存重新生成；第三方已安装库、模型、数据库与正式原始证据保留,逐项重查存在、非重解析点、路径仍在批准边界；核对没有同时进行的安装/测试/构建,按精确路径删除缓存子目录；不扩大到父目录,未执行；待用户确认
PROJECT-CACHE-124,A1 项目与工作树缓存,可以删除（确认后）,目录,精确执行对象,C:/Users/27921/.codex/worktrees/p3-temporal/aether/AgentJYS-main/src/aether_agent_memory/recall/__pycache__,,,1,450,recognized cache metadata/bytecode,缓存重新生成；第三方已安装库、模型、数据库与正式原始证据保留,逐项重查存在、非重解析点、路径仍在批准边界；核对没有同时进行的安装/测试/构建,按精确路径删除缓存子目录；不扩大到父目录,未执行；待用户确认
PROJECT-CACHE-125,A1 项目与工作树缓存,可以删除（确认后）,目录,精确执行对象,C:/Users/27921/.codex/worktrees/p3-temporal/aether/AgentJYS-main/src/aether_agent_memory/remember/basic/__pycache__,,,21,429649,recognized cache metadata/bytecode,缓存重新生成；第三方已安装库、模型、数据库与正式原始证据保留,逐项重查存在、非重解析点、路径仍在批准边界；核对没有同时进行的安装/测试/构建,按精确路径删除缓存子目录；不扩大到父目录,未执行；待用户确认
PROJECT-CACHE-126,A1 项目与工作树缓存,可以删除（确认后）,目录,精确执行对象,C:/Users/27921/.codex/worktrees/p3-temporal/aether/AgentJYS-main/src/aether_agent_memory/remember/contracts/__pycache__,,,4,65112,recognized cache metadata/bytecode,缓存重新生成；第三方已安装库、模型、数据库与正式原始证据保留,逐项重查存在、非重解析点、路径仍在批准边界；核对没有同时进行的安装/测试/构建,按精确路径删除缓存子目录；不扩大到父目录,未执行；待用户确认
PROJECT-CACHE-127,A1 项目与工作树缓存,可以删除（确认后）,目录,精确执行对象,C:/Users/27921/.codex/worktrees/p3-temporal/aether/AgentJYS-main/src/aether_agent_memory/remember/__pycache__,,,2,8446,recognized cache metadata/bytecode,缓存重新生成；第三方已安装库、模型、数据库与正式原始证据保留,逐项重查存在、非重解析点、路径仍在批准边界；核对没有同时进行的安装/测试/构建,按精确路径删除缓存子目录；不扩大到父目录,未执行；待用户确认
PROJECT-CACHE-128,A1 项目与工作树缓存,可以删除（确认后）,目录,精确执行对象,C:/Users/27921/.codex/worktrees/p3-temporal/aether/AgentJYS-main/src/aether_agent_memory/runtime/contracts/__pycache__,,,5,49700,recognized cache metadata/bytecode,缓存重新生成；第三方已安装库、模型、数据库与正式原始证据保留,逐项重查存在、非重解析点、路径仍在批准边界；核对没有同时进行的安装/测试/构建,按精确路径删除缓存子目录；不扩大到父目录,未执行；待用户确认
PROJECT-CACHE-129,A1 项目与工作树缓存,可以删除（确认后）,目录,精确执行对象,C:/Users/27921/.codex/worktrees/p3-temporal/aether/AgentJYS-main/src/aether_agent_memory/runtime/flows/__pycache__,,,4,41466,recognized cache metadata/bytecode,缓存重新生成；第三方已安装库、模型、数据库与正式原始证据保留,逐项重查存在、非重解析点、路径仍在批准边界；核对没有同时进行的安装/测试/构建,按精确路径删除缓存子目录；不扩大到父目录,未执行；待用户确认
PROJECT-CACHE-130,A1 项目与工作树缓存,可以删除（确认后）,目录,精确执行对象,C:/Users/27921/.codex/worktrees/p3-temporal/aether/AgentJYS-main/src/aether_agent_memory/runtime/foundation/__pycache__,,,15,210878,recognized cache metadata/bytecode,缓存重新生成；第三方已安装库、模型、数据库与正式原始证据保留,逐项重查存在、非重解析点、路径仍在批准边界；核对没有同时进行的安装/测试/构建,按精确路径删除缓存子目录；不扩大到父目录,未执行；待用户确认
PROJECT-CACHE-131,A1 项目与工作树缓存,可以删除（确认后）,目录,精确执行对象,C:/Users/27921/.codex/worktrees/p3-temporal/aether/AgentJYS-main/src/aether_agent_memory/runtime/temporal/__pycache__,,,19,176214,recognized cache metadata/bytecode,缓存重新生成；第三方已安装库、模型、数据库与正式原始证据保留,逐项重查存在、非重解析点、路径仍在批准边界；核对没有同时进行的安装/测试/构建,按精确路径删除缓存子目录；不扩大到父目录,未执行；待用户确认
PROJECT-CACHE-132,A1 项目与工作树缓存,可以删除（确认后）,目录,精确执行对象,C:/Users/27921/.codex/worktrees/p3-temporal/aether/AgentJYS-main/src/aether_agent_memory/runtime/__pycache__,,,4,33374,recognized cache metadata/bytecode,缓存重新生成；第三方已安装库、模型、数据库与正式原始证据保留,逐项重查存在、非重解析点、路径仍在批准边界；核对没有同时进行的安装/测试/构建,按精确路径删除缓存子目录；不扩大到父目录,未执行；待用户确认
PROJECT-CACHE-133,A1 项目与工作树缓存,可以删除（确认后）,目录,精确执行对象,C:/Users/27921/.codex/worktrees/p3-temporal/aether/AgentJYS-main/src/aether_agent_memory/__pycache__,,,1,4650,recognized cache metadata/bytecode,缓存重新生成；第三方已安装库、模型、数据库与正式原始证据保留,逐项重查存在、非重解析点、路径仍在批准边界；核对没有同时进行的安装/测试/构建,按精确路径删除缓存子目录；不扩大到父目录,未执行；待用户确认
PROJECT-CACHE-134,A1 项目与工作树缓存,可以删除（确认后）,目录,精确执行对象,C:/Users/27921/.codex/worktrees/rf-completion-pr/aether/AgentJYS-main/scripts/p3/__pycache__,,,2,4795,recognized cache metadata/bytecode,缓存重新生成；第三方已安装库、模型、数据库与正式原始证据保留,逐项重查存在、非重解析点、路径仍在批准边界；核对没有同时进行的安装/测试/构建,按精确路径删除缓存子目录；不扩大到父目录,未执行；待用户确认
PROJECT-CACHE-135,A1 项目与工作树缓存,可以删除（确认后）,目录,精确执行对象,C:/Users/27921/.codex/worktrees/rf-completion-pr/aether/AgentJYS-main/src/aether_agent_memory/application/__pycache__,,,8,85979,recognized cache metadata/bytecode,缓存重新生成；第三方已安装库、模型、数据库与正式原始证据保留,逐项重查存在、非重解析点、路径仍在批准边界；核对没有同时进行的安装/测试/构建,按精确路径删除缓存子目录；不扩大到父目录,未执行；待用户确认
PROJECT-CACHE-136,A1 项目与工作树缓存,可以删除（确认后）,目录,精确执行对象,C:/Users/27921/.codex/worktrees/rf-completion-pr/aether/AgentJYS-main/src/aether_agent_memory/b1/semantic/__pycache__,,,4,8495,recognized cache metadata/bytecode,缓存重新生成；第三方已安装库、模型、数据库与正式原始证据保留,逐项重查存在、非重解析点、路径仍在批准边界；核对没有同时进行的安装/测试/构建,按精确路径删除缓存子目录；不扩大到父目录,未执行；待用户确认
PROJECT-CACHE-137,A1 项目与工作树缓存,可以删除（确认后）,目录,精确执行对象,C:/Users/27921/.codex/worktrees/rf-completion-pr/aether/AgentJYS-main/src/aether_agent_memory/b1/__pycache__,,,5,15919,recognized cache metadata/bytecode,缓存重新生成；第三方已安装库、模型、数据库与正式原始证据保留,逐项重查存在、非重解析点、路径仍在批准边界；核对没有同时进行的安装/测试/构建,按精确路径删除缓存子目录；不扩大到父目录,未执行；待用户确认
PROJECT-CACHE-138,A1 项目与工作树缓存,可以删除（确认后）,目录,精确执行对象,C:/Users/27921/.codex/worktrees/rf-completion-pr/aether/AgentJYS-main/src/aether_agent_memory/b2/__pycache__,,,9,96452,recognized cache metadata/bytecode,缓存重新生成；第三方已安装库、模型、数据库与正式原始证据保留,逐项重查存在、非重解析点、路径仍在批准边界；核对没有同时进行的安装/测试/构建,按精确路径删除缓存子目录；不扩大到父目录,未执行；待用户确认
PROJECT-CACHE-139,A1 项目与工作树缓存,可以删除（确认后）,目录,精确执行对象,C:/Users/27921/.codex/worktrees/rf-completion-pr/aether/AgentJYS-main/src/aether_agent_memory/b3/__pycache__,,,5,39461,recognized cache metadata/bytecode,缓存重新生成；第三方已安装库、模型、数据库与正式原始证据保留,逐项重查存在、非重解析点、路径仍在批准边界；核对没有同时进行的安装/测试/构建,按精确路径删除缓存子目录；不扩大到父目录,未执行；待用户确认
PROJECT-CACHE-140,A1 项目与工作树缓存,可以删除（确认后）,目录,精确执行对象,C:/Users/27921/.codex/worktrees/rf-completion-pr/aether/AgentJYS-main/src/aether_agent_memory/context/__pycache__,,,3,11222,recognized cache metadata/bytecode,缓存重新生成；第三方已安装库、模型、数据库与正式原始证据保留,逐项重查存在、非重解析点、路径仍在批准边界；核对没有同时进行的安装/测试/构建,按精确路径删除缓存子目录；不扩大到父目录,未执行；待用户确认
PROJECT-CACHE-141,A1 项目与工作树缓存,可以删除（确认后）,目录,精确执行对象,C:/Users/27921/.codex/worktrees/rf-completion-pr/aether/AgentJYS-main/src/aether_agent_memory/context_store/__pycache__,,,9,75675,recognized cache metadata/bytecode,缓存重新生成；第三方已安装库、模型、数据库与正式原始证据保留,逐项重查存在、非重解析点、路径仍在批准边界；核对没有同时进行的安装/测试/构建,按精确路径删除缓存子目录；不扩大到父目录,未执行；待用户确认
PROJECT-CACHE-142,A1 项目与工作树缓存,可以删除（确认后）,目录,精确执行对象,C:/Users/27921/.codex/worktrees/rf-completion-pr/aether/AgentJYS-main/src/aether_agent_memory/core/__pycache__,,,5,23655,recognized cache metadata/bytecode,缓存重新生成；第三方已安装库、模型、数据库与正式原始证据保留,逐项重查存在、非重解析点、路径仍在批准边界；核对没有同时进行的安装/测试/构建,按精确路径删除缓存子目录；不扩大到父目录,未执行；待用户确认
PROJECT-CACHE-143,A1 项目与工作树缓存,可以删除（确认后）,目录,精确执行对象,C:/Users/27921/.codex/worktrees/rf-completion-pr/aether/AgentJYS-main/src/aether_agent_memory/interfaces/__pycache__,,,7,9202,recognized cache metadata/bytecode,缓存重新生成；第三方已安装库、模型、数据库与正式原始证据保留,逐项重查存在、非重解析点、路径仍在批准边界；核对没有同时进行的安装/测试/构建,按精确路径删除缓存子目录；不扩大到父目录,未执行；待用户确认
PROJECT-CACHE-144,A1 项目与工作树缓存,可以删除（确认后）,目录,精确执行对象,C:/Users/27921/.codex/worktrees/rf-completion-pr/aether/AgentJYS-main/src/aether_agent_memory/memory/formation/__pycache__,,,4,13239,recognized cache metadata/bytecode,缓存重新生成；第三方已安装库、模型、数据库与正式原始证据保留,逐项重查存在、非重解析点、路径仍在批准边界；核对没有同时进行的安装/测试/构建,按精确路径删除缓存子目录；不扩大到父目录,未执行；待用户确认
PROJECT-CACHE-145,A1 项目与工作树缓存,可以删除（确认后）,目录,精确执行对象,C:/Users/27921/.codex/worktrees/rf-completion-pr/aether/AgentJYS-main/src/aether_agent_memory/memory/recall/__pycache__,,,9,5143,recognized cache metadata/bytecode,缓存重新生成；第三方已安装库、模型、数据库与正式原始证据保留,逐项重查存在、非重解析点、路径仍在批准边界；核对没有同时进行的安装/测试/构建,按精确路径删除缓存子目录；不扩大到父目录,未执行；待用户确认
PROJECT-CACHE-146,A1 项目与工作树缓存,可以删除（确认后）,目录,精确执行对象,C:/Users/27921/.codex/worktrees/rf-completion-pr/aether/AgentJYS-main/src/aether_agent_memory/memory/retrieval/__pycache__,,,5,47707,recognized cache metadata/bytecode,缓存重新生成；第三方已安装库、模型、数据库与正式原始证据保留,逐项重查存在、非重解析点、路径仍在批准边界；核对没有同时进行的安装/测试/构建,按精确路径删除缓存子目录；不扩大到父目录,未执行；待用户确认
PROJECT-CACHE-147,A1 项目与工作树缓存,可以删除（确认后）,目录,精确执行对象,C:/Users/27921/.codex/worktrees/rf-completion-pr/aether/AgentJYS-main/src/aether_agent_memory/memory/vector_projection/__pycache__,,,3,1524,recognized cache metadata/bytecode,缓存重新生成；第三方已安装库、模型、数据库与正式原始证据保留,逐项重查存在、非重解析点、路径仍在批准边界；核对没有同时进行的安装/测试/构建,按精确路径删除缓存子目录；不扩大到父目录,未执行；待用户确认
PROJECT-CACHE-148,A1 项目与工作树缓存,可以删除（确认后）,目录,精确执行对象,C:/Users/27921/.codex/worktrees/rf-completion-pr/aether/AgentJYS-main/src/aether_agent_memory/memory/__pycache__,,,3,11520,recognized cache metadata/bytecode,缓存重新生成；第三方已安装库、模型、数据库与正式原始证据保留,逐项重查存在、非重解析点、路径仍在批准边界；核对没有同时进行的安装/测试/构建,按精确路径删除缓存子目录；不扩大到父目录,未执行；待用户确认
PROJECT-CACHE-149,A1 项目与工作树缓存,可以删除（确认后）,目录,精确执行对象,C:/Users/27921/.codex/worktrees/rf-completion-pr/aether/AgentJYS-main/src/aether_agent_memory/mocks/__pycache__,,,2,5718,recognized cache metadata/bytecode,缓存重新生成；第三方已安装库、模型、数据库与正式原始证据保留,逐项重查存在、非重解析点、路径仍在批准边界；核对没有同时进行的安装/测试/构建,按精确路径删除缓存子目录；不扩大到父目录,未执行；待用户确认
PROJECT-CACHE-150,A1 项目与工作树缓存,可以删除（确认后）,目录,精确执行对象,C:/Users/27921/.codex/worktrees/rf-completion-pr/aether/AgentJYS-main/src/aether_agent_memory/operate/basic/__pycache__,,,6,96282,recognized cache metadata/bytecode,缓存重新生成；第三方已安装库、模型、数据库与正式原始证据保留,逐项重查存在、非重解析点、路径仍在批准边界；核对没有同时进行的安装/测试/构建,按精确路径删除缓存子目录；不扩大到父目录,未执行；待用户确认
PROJECT-CACHE-151,A1 项目与工作树缓存,可以删除（确认后）,目录,精确执行对象,C:/Users/27921/.codex/worktrees/rf-completion-pr/aether/AgentJYS-main/src/aether_agent_memory/operate/contracts/__pycache__,,,5,22317,recognized cache metadata/bytecode,缓存重新生成；第三方已安装库、模型、数据库与正式原始证据保留,逐项重查存在、非重解析点、路径仍在批准边界；核对没有同时进行的安装/测试/构建,按精确路径删除缓存子目录；不扩大到父目录,未执行；待用户确认
PROJECT-CACHE-152,A1 项目与工作树缓存,可以删除（确认后）,目录,精确执行对象,C:/Users/27921/.codex/worktrees/rf-completion-pr/aether/AgentJYS-main/src/aether_agent_memory/operate/standalone/__pycache__,,,3,11216,recognized cache metadata/bytecode,缓存重新生成；第三方已安装库、模型、数据库与正式原始证据保留,逐项重查存在、非重解析点、路径仍在批准边界；核对没有同时进行的安装/测试/构建,按精确路径删除缓存子目录；不扩大到父目录,未执行；待用户确认
PROJECT-CACHE-153,A1 项目与工作树缓存,可以删除（确认后）,目录,精确执行对象,C:/Users/27921/.codex/worktrees/rf-completion-pr/aether/AgentJYS-main/src/aether_agent_memory/operate/__pycache__,,,1,290,recognized cache metadata/bytecode,缓存重新生成；第三方已安装库、模型、数据库与正式原始证据保留,逐项重查存在、非重解析点、路径仍在批准边界；核对没有同时进行的安装/测试/构建,按精确路径删除缓存子目录；不扩大到父目录,未执行；待用户确认
PROJECT-CACHE-154,A1 项目与工作树缓存,可以删除（确认后）,目录,精确执行对象,C:/Users/27921/.codex/worktrees/rf-completion-pr/aether/AgentJYS-main/src/aether_agent_memory/p2/__pycache__,,,4,59062,recognized cache metadata/bytecode,缓存重新生成；第三方已安装库、模型、数据库与正式原始证据保留,逐项重查存在、非重解析点、路径仍在批准边界；核对没有同时进行的安装/测试/构建,按精确路径删除缓存子目录；不扩大到父目录,未执行；待用户确认
PROJECT-CACHE-155,A1 项目与工作树缓存,可以删除（确认后）,目录,精确执行对象,C:/Users/27921/.codex/worktrees/rf-completion-pr/aether/AgentJYS-main/src/aether_agent_memory/persistence/__pycache__,,,4,49849,recognized cache metadata/bytecode,缓存重新生成；第三方已安装库、模型、数据库与正式原始证据保留,逐项重查存在、非重解析点、路径仍在批准边界；核对没有同时进行的安装/测试/构建,按精确路径删除缓存子目录；不扩大到父目录,未执行；待用户确认
PROJECT-CACHE-156,A1 项目与工作树缓存,可以删除（确认后）,目录,精确执行对象,C:/Users/27921/.codex/worktrees/rf-completion-pr/aether/AgentJYS-main/src/aether_agent_memory/placement/__pycache__,,,3,3404,recognized cache metadata/bytecode,缓存重新生成；第三方已安装库、模型、数据库与正式原始证据保留,逐项重查存在、非重解析点、路径仍在批准边界；核对没有同时进行的安装/测试/构建,按精确路径删除缓存子目录；不扩大到父目录,未执行；待用户确认
PROJECT-CACHE-157,A1 项目与工作树缓存,可以删除（确认后）,目录,精确执行对象,C:/Users/27921/.codex/worktrees/rf-completion-pr/aether/AgentJYS-main/src/aether_agent_memory/recall/basic/__pycache__,,,15,159689,recognized cache metadata/bytecode,缓存重新生成；第三方已安装库、模型、数据库与正式原始证据保留,逐项重查存在、非重解析点、路径仍在批准边界；核对没有同时进行的安装/测试/构建,按精确路径删除缓存子目录；不扩大到父目录,未执行；待用户确认
PROJECT-CACHE-158,A1 项目与工作树缓存,可以删除（确认后）,目录,精确执行对象,C:/Users/27921/.codex/worktrees/rf-completion-pr/aether/AgentJYS-main/src/aether_agent_memory/recall/contracts/__pycache__,,,5,45279,recognized cache metadata/bytecode,缓存重新生成；第三方已安装库、模型、数据库与正式原始证据保留,逐项重查存在、非重解析点、路径仍在批准边界；核对没有同时进行的安装/测试/构建,按精确路径删除缓存子目录；不扩大到父目录,未执行；待用户确认
PROJECT-CACHE-159,A1 项目与工作树缓存,可以删除（确认后）,目录,精确执行对象,C:/Users/27921/.codex/worktrees/rf-completion-pr/aether/AgentJYS-main/src/aether_agent_memory/recall/embedding/__pycache__,,,8,139183,recognized cache metadata/bytecode,缓存重新生成；第三方已安装库、模型、数据库与正式原始证据保留,逐项重查存在、非重解析点、路径仍在批准边界；核对没有同时进行的安装/测试/构建,按精确路径删除缓存子目录；不扩大到父目录,未执行；待用户确认
PROJECT-CACHE-160,A1 项目与工作树缓存,可以删除（确认后）,目录,精确执行对象,C:/Users/27921/.codex/worktrees/rf-completion-pr/aether/AgentJYS-main/src/aether_agent_memory/recall/vector_projection/__pycache__,,,3,11568,recognized cache metadata/bytecode,缓存重新生成；第三方已安装库、模型、数据库与正式原始证据保留,逐项重查存在、非重解析点、路径仍在批准边界；核对没有同时进行的安装/测试/构建,按精确路径删除缓存子目录；不扩大到父目录,未执行；待用户确认
PROJECT-CACHE-161,A1 项目与工作树缓存,可以删除（确认后）,目录,精确执行对象,C:/Users/27921/.codex/worktrees/rf-completion-pr/aether/AgentJYS-main/src/aether_agent_memory/recall/__pycache__,,,9,93827,recognized cache metadata/bytecode,缓存重新生成；第三方已安装库、模型、数据库与正式原始证据保留,逐项重查存在、非重解析点、路径仍在批准边界；核对没有同时进行的安装/测试/构建,按精确路径删除缓存子目录；不扩大到父目录,未执行；待用户确认
PROJECT-CACHE-162,A1 项目与工作树缓存,可以删除（确认后）,目录,精确执行对象,C:/Users/27921/.codex/worktrees/rf-completion-pr/aether/AgentJYS-main/src/aether_agent_memory/remember/basic/__pycache__,,,21,382597,recognized cache metadata/bytecode,缓存重新生成；第三方已安装库、模型、数据库与正式原始证据保留,逐项重查存在、非重解析点、路径仍在批准边界；核对没有同时进行的安装/测试/构建,按精确路径删除缓存子目录；不扩大到父目录,未执行；待用户确认
PROJECT-CACHE-163,A1 项目与工作树缓存,可以删除（确认后）,目录,精确执行对象,C:/Users/27921/.codex/worktrees/rf-completion-pr/aether/AgentJYS-main/src/aether_agent_memory/remember/contracts/__pycache__,,,5,64708,recognized cache metadata/bytecode,缓存重新生成；第三方已安装库、模型、数据库与正式原始证据保留,逐项重查存在、非重解析点、路径仍在批准边界；核对没有同时进行的安装/测试/构建,按精确路径删除缓存子目录；不扩大到父目录,未执行；待用户确认
PROJECT-CACHE-164,A1 项目与工作树缓存,可以删除（确认后）,目录,精确执行对象,C:/Users/27921/.codex/worktrees/rf-completion-pr/aether/AgentJYS-main/src/aether_agent_memory/remember/__pycache__,,,5,39621,recognized cache metadata/bytecode,缓存重新生成；第三方已安装库、模型、数据库与正式原始证据保留,逐项重查存在、非重解析点、路径仍在批准边界；核对没有同时进行的安装/测试/构建,按精确路径删除缓存子目录；不扩大到父目录,未执行；待用户确认
PROJECT-CACHE-165,A1 项目与工作树缓存,可以删除（确认后）,目录,精确执行对象,C:/Users/27921/.codex/worktrees/rf-completion-pr/aether/AgentJYS-main/src/aether_agent_memory/resource/__pycache__,,,4,12539,recognized cache metadata/bytecode,缓存重新生成；第三方已安装库、模型、数据库与正式原始证据保留,逐项重查存在、非重解析点、路径仍在批准边界；核对没有同时进行的安装/测试/构建,按精确路径删除缓存子目录；不扩大到父目录,未执行；待用户确认
PROJECT-CACHE-166,A1 项目与工作树缓存,可以删除（确认后）,目录,精确执行对象,C:/Users/27921/.codex/worktrees/rf-completion-pr/aether/AgentJYS-main/src/aether_agent_memory/runtime/contracts/__pycache__,,,5,47316,recognized cache metadata/bytecode,缓存重新生成；第三方已安装库、模型、数据库与正式原始证据保留,逐项重查存在、非重解析点、路径仍在批准边界；核对没有同时进行的安装/测试/构建,按精确路径删除缓存子目录；不扩大到父目录,未执行；待用户确认
PROJECT-CACHE-167,A1 项目与工作树缓存,可以删除（确认后）,目录,精确执行对象,C:/Users/27921/.codex/worktrees/rf-completion-pr/aether/AgentJYS-main/src/aether_agent_memory/runtime/flows/__pycache__,,,10,120638,recognized cache metadata/bytecode,缓存重新生成；第三方已安装库、模型、数据库与正式原始证据保留,逐项重查存在、非重解析点、路径仍在批准边界；核对没有同时进行的安装/测试/构建,按精确路径删除缓存子目录；不扩大到父目录,未执行；待用户确认
PROJECT-CACHE-168,A1 项目与工作树缓存,可以删除（确认后）,目录,精确执行对象,C:/Users/27921/.codex/worktrees/rf-completion-pr/aether/AgentJYS-main/src/aether_agent_memory/runtime/foundation/__pycache__,,,16,243061,recognized cache metadata/bytecode,缓存重新生成；第三方已安装库、模型、数据库与正式原始证据保留,逐项重查存在、非重解析点、路径仍在批准边界；核对没有同时进行的安装/测试/构建,按精确路径删除缓存子目录；不扩大到父目录,未执行；待用户确认
PROJECT-CACHE-169,A1 项目与工作树缓存,可以删除（确认后）,目录,精确执行对象,C:/Users/27921/.codex/worktrees/rf-completion-pr/aether/AgentJYS-main/src/aether_agent_memory/runtime/__pycache__,,,12,81588,recognized cache metadata/bytecode,缓存重新生成；第三方已安装库、模型、数据库与正式原始证据保留,逐项重查存在、非重解析点、路径仍在批准边界；核对没有同时进行的安装/测试/构建,按精确路径删除缓存子目录；不扩大到父目录,未执行；待用户确认
PROJECT-CACHE-170,A1 项目与工作树缓存,可以删除（确认后）,目录,精确执行对象,C:/Users/27921/.codex/worktrees/rf-completion-pr/aether/AgentJYS-main/src/aether_agent_memory/session/__pycache__,,,5,29040,recognized cache metadata/bytecode,缓存重新生成；第三方已安装库、模型、数据库与正式原始证据保留,逐项重查存在、非重解析点、路径仍在批准边界；核对没有同时进行的安装/测试/构建,按精确路径删除缓存子目录；不扩大到父目录,未执行；待用户确认
PROJECT-CACHE-171,A1 项目与工作树缓存,可以删除（确认后）,目录,精确执行对象,C:/Users/27921/.codex/worktrees/rf-completion-pr/aether/AgentJYS-main/src/aether_agent_memory/signal/__pycache__,,,3,5972,recognized cache metadata/bytecode,缓存重新生成；第三方已安装库、模型、数据库与正式原始证据保留,逐项重查存在、非重解析点、路径仍在批准边界；核对没有同时进行的安装/测试/构建,按精确路径删除缓存子目录；不扩大到父目录,未执行；待用户确认
PROJECT-CACHE-172,A1 项目与工作树缓存,可以删除（确认后）,目录,精确执行对象,C:/Users/27921/.codex/worktrees/rf-completion-pr/aether/AgentJYS-main/src/aether_agent_memory/skill/__pycache__,,,3,3991,recognized cache metadata/bytecode,缓存重新生成；第三方已安装库、模型、数据库与正式原始证据保留,逐项重查存在、非重解析点、路径仍在批准边界；核对没有同时进行的安装/测试/构建,按精确路径删除缓存子目录；不扩大到父目录,未执行；待用户确认
PROJECT-CACHE-173,A1 项目与工作树缓存,可以删除（确认后）,目录,精确执行对象,C:/Users/27921/.codex/worktrees/rf-completion-pr/aether/AgentJYS-main/src/aether_agent_memory/__pycache__,,,1,4655,recognized cache metadata/bytecode,缓存重新生成；第三方已安装库、模型、数据库与正式原始证据保留,逐项重查存在、非重解析点、路径仍在批准边界；核对没有同时进行的安装/测试/构建,按精确路径删除缓存子目录；不扩大到父目录,未执行；待用户确认
PROJECT-CACHE-174,A1 项目与工作树缓存,可以删除（确认后）,目录,精确执行对象,C:/Users/27921/.codex/worktrees/rf-completion-pr/aether/AgentJYS-main/tests/contracts/p3/__pycache__,,,4,71634,recognized cache metadata/bytecode,缓存重新生成；第三方已安装库、模型、数据库与正式原始证据保留,逐项重查存在、非重解析点、路径仍在批准边界；核对没有同时进行的安装/测试/构建,按精确路径删除缓存子目录；不扩大到父目录,未执行；待用户确认
PROJECT-CACHE-175,A1 项目与工作树缓存,可以删除（确认后）,目录,精确执行对象,C:/Users/27921/.codex/worktrees/rf-completion-pr/aether/AgentJYS-main/tests/integration/__pycache__,,,4,160047,recognized cache metadata/bytecode,缓存重新生成；第三方已安装库、模型、数据库与正式原始证据保留,逐项重查存在、非重解析点、路径仍在批准边界；核对没有同时进行的安装/测试/构建,按精确路径删除缓存子目录；不扩大到父目录,未执行；待用户确认
PROJECT-CACHE-176,A1 项目与工作树缓存,可以删除（确认后）,目录,精确执行对象,C:/Users/27921/.codex/worktrees/rf-completion-pr/aether/AgentJYS-main/tests/runtime/flows/__pycache__,,,18,805415,recognized cache metadata/bytecode,缓存重新生成；第三方已安装库、模型、数据库与正式原始证据保留,逐项重查存在、非重解析点、路径仍在批准边界；核对没有同时进行的安装/测试/构建,按精确路径删除缓存子目录；不扩大到父目录,未执行；待用户确认
PROJECT-CACHE-177,A1 项目与工作树缓存,可以删除（确认后）,目录,精确执行对象,C:/Users/27921/.codex/worktrees/rf-completion-pr/aether/AgentJYS-main/tests/runtime/native/__pycache__,,,2,44699,recognized cache metadata/bytecode,缓存重新生成；第三方已安装库、模型、数据库与正式原始证据保留,逐项重查存在、非重解析点、路径仍在批准边界；核对没有同时进行的安装/测试/构建,按精确路径删除缓存子目录；不扩大到父目录,未执行；待用户确认
PROJECT-CACHE-178,A1 项目与工作树缓存,可以删除（确认后）,目录,精确执行对象,C:/Users/27921/.codex/worktrees/rf-completion-pr/aether/AgentJYS-main/tests/runtime/p3/__pycache__,,,4,242769,recognized cache metadata/bytecode,缓存重新生成；第三方已安装库、模型、数据库与正式原始证据保留,逐项重查存在、非重解析点、路径仍在批准边界；核对没有同时进行的安装/测试/构建,按精确路径删除缓存子目录；不扩大到父目录,未执行；待用户确认
PROJECT-CACHE-179,A1 项目与工作树缓存,可以删除（确认后）,目录,精确执行对象,C:/Users/27921/.codex/worktrees/rf-completion-pr/aether/AgentJYS-main/tests/unit/recall/__pycache__,,,11,246865,recognized cache metadata/bytecode,缓存重新生成；第三方已安装库、模型、数据库与正式原始证据保留,逐项重查存在、非重解析点、路径仍在批准边界；核对没有同时进行的安装/测试/构建,按精确路径删除缓存子目录；不扩大到父目录,未执行；待用户确认
PROJECT-CACHE-180,A1 项目与工作树缓存,可以删除（确认后）,目录,精确执行对象,C:/Users/27921/.codex/worktrees/rf-completion-pr/aether/AgentJYS-main/tests/unit/__pycache__,,,2,12927,recognized cache metadata/bytecode,缓存重新生成；第三方已安装库、模型、数据库与正式原始证据保留,逐项重查存在、非重解析点、路径仍在批准边界；核对没有同时进行的安装/测试/构建,按精确路径删除缓存子目录；不扩大到父目录,未执行；待用户确认
PROJECT-CACHE-181,A1 项目与工作树缓存,可以删除（确认后）,目录,精确执行对象,C:/Users/27921/.codex/worktrees/working-vector/aether/AgentJYS-main/.ruff_cache,,,4,1810,recognized cache metadata/bytecode,缓存重新生成；第三方已安装库、模型、数据库与正式原始证据保留,逐项重查存在、非重解析点、路径仍在批准边界；核对没有同时进行的安装/测试/构建,按精确路径删除缓存子目录；不扩大到父目录,未执行；待用户确认
PROJECT-CACHE-182,A1 项目与工作树缓存,可以删除（确认后）,目录,精确执行对象,C:/Users/27921/.codex/worktrees/working-vector/aether/AgentJYS-main/src/aether_agent_memory/remember/contracts/__pycache__,,,4,65114,recognized cache metadata/bytecode,缓存重新生成；第三方已安装库、模型、数据库与正式原始证据保留,逐项重查存在、非重解析点、路径仍在批准边界；核对没有同时进行的安装/测试/构建,按精确路径删除缓存子目录；不扩大到父目录,未执行；待用户确认
PROJECT-CACHE-183,A1 项目与工作树缓存,可以删除（确认后）,目录,精确执行对象,C:/Users/27921/.codex/worktrees/working-vector/aether/AgentJYS-main/src/aether_agent_memory/remember/__pycache__,,,1,465,recognized cache metadata/bytecode,缓存重新生成；第三方已安装库、模型、数据库与正式原始证据保留,逐项重查存在、非重解析点、路径仍在批准边界；核对没有同时进行的安装/测试/构建,按精确路径删除缓存子目录；不扩大到父目录,未执行；待用户确认
PROJECT-CACHE-184,A1 项目与工作树缓存,可以删除（确认后）,目录,精确执行对象,C:/Users/27921/.codex/worktrees/working-vector/aether/AgentJYS-main/src/aether_agent_memory/runtime/contracts/__pycache__,,,4,45945,recognized cache metadata/bytecode,缓存重新生成；第三方已安装库、模型、数据库与正式原始证据保留,逐项重查存在、非重解析点、路径仍在批准边界；核对没有同时进行的安装/测试/构建,按精确路径删除缓存子目录；不扩大到父目录,未执行；待用户确认
PROJECT-CACHE-185,A1 项目与工作树缓存,可以删除（确认后）,目录,精确执行对象,C:/Users/27921/.codex/worktrees/working-vector/aether/AgentJYS-main/src/aether_agent_memory/runtime/__pycache__,,,1,2731,recognized cache metadata/bytecode,缓存重新生成；第三方已安装库、模型、数据库与正式原始证据保留,逐项重查存在、非重解析点、路径仍在批准边界；核对没有同时进行的安装/测试/构建,按精确路径删除缓存子目录；不扩大到父目录,未执行；待用户确认
PROJECT-CACHE-186,A1 项目与工作树缓存,可以删除（确认后）,目录,精确执行对象,C:/Users/27921/.codex/worktrees/working-vector/aether/AgentJYS-main/src/aether_agent_memory/__pycache__,,,1,4653,recognized cache metadata/bytecode,缓存重新生成；第三方已安装库、模型、数据库与正式原始证据保留,逐项重查存在、非重解析点、路径仍在批准边界；核对没有同时进行的安装/测试/构建,按精确路径删除缓存子目录；不扩大到父目录,未执行；待用户确认
EXT-CACHE-001,A2 外部工具缓存,可以删除（确认后）,目录,精确执行对象,E:/projects/codex/.agent-work/aether/workspace-support/ag_23447155/pytest-cache,,,5,318143,CACHEDIR.TAG；tool cache file inventory,缓存重新生成；第三方已安装库、模型、数据库与正式原始证据保留,逐项重查存在、非重解析点、路径仍在批准边界；核对没有同时进行的安装/测试/构建,按精确路径删除缓存子目录；不扩大到父目录,未执行；待用户确认
EXT-CACHE-002,A2 外部工具缓存,可以删除（确认后）,目录,精确执行对象,E:/projects/codex/.agent-work/aether/workspace-support/ag_4367c4db/pytest-cache,,,5,311152,CACHEDIR.TAG；tool cache file inventory,缓存重新生成；第三方已安装库、模型、数据库与正式原始证据保留,逐项重查存在、非重解析点、路径仍在批准边界；核对没有同时进行的安装/测试/构建,按精确路径删除缓存子目录；不扩大到父目录,未执行；待用户确认
EXT-CACHE-003,A2 外部工具缓存,可以删除（确认后）,目录,精确执行对象,E:/projects/codex/.agent-work/aether/workspace-support/ag_53d9d6a9/pytest-cache,,,4,7032,CACHEDIR.TAG；tool cache file inventory,缓存重新生成；第三方已安装库、模型、数据库与正式原始证据保留,逐项重查存在、非重解析点、路径仍在批准边界；核对没有同时进行的安装/测试/构建,按精确路径删除缓存子目录；不扩大到父目录,未执行；待用户确认
EXT-CACHE-004,A2 外部工具缓存,可以删除（确认后）,目录,精确执行对象,E:/projects/codex/.agent-work/aether/workspace-support/ag_a3498df0/pytest-cache,,,5,311164,CACHEDIR.TAG；tool cache file inventory,缓存重新生成；第三方已安装库、模型、数据库与正式原始证据保留,逐项重查存在、非重解析点、路径仍在批准边界；核对没有同时进行的安装/测试/构建,按精确路径删除缓存子目录；不扩大到父目录,未执行；待用户确认
EXT-CACHE-005,A2 外部工具缓存,可以删除（确认后）,目录,精确执行对象,E:/projects/codex/.agent-work/aether/workspace-support/ag_dedeef24/pytest-cache,,,5,316638,CACHEDIR.TAG；tool cache file inventory,缓存重新生成；第三方已安装库、模型、数据库与正式原始证据保留,逐项重查存在、非重解析点、路径仍在批准边界；核对没有同时进行的安装/测试/构建,按精确路径删除缓存子目录；不扩大到父目录,未执行；待用户确认
EXT-CACHE-006,A2 外部工具缓存,可以删除（确认后）,目录,精确执行对象,E:/projects/codex/.agent-work/aether/workspace-support/aks-demo-20261001/pytest-cache,,,5,2934,CACHEDIR.TAG；tool cache file inventory,缓存重新生成；第三方已安装库、模型、数据库与正式原始证据保留,逐项重查存在、非重解析点、路径仍在批准边界；核对没有同时进行的安装/测试/构建,按精确路径删除缓存子目录；不扩大到父目录,未执行；待用户确认
EXT-CACHE-007,A2 外部工具缓存,可以删除（确认后）,目录,精确执行对象,E:/projects/codex/.agent-work/aether/workspace-support/azure-module-link-20261004/mypy-cache,,,3644,121357347,CACHEDIR.TAG；mypy versioned cache,缓存重新生成；第三方已安装库、模型、数据库与正式原始证据保留,逐项重查存在、非重解析点、路径仍在批准边界；核对没有同时进行的安装/测试/构建,按精确路径删除缓存子目录；不扩大到父目录,未执行；待用户确认
EXT-CACHE-008,A2 外部工具缓存,可以删除（确认后）,目录,精确执行对象,E:/projects/codex/.agent-work/aether/workspace-support/azure-storage-interface-20261003/mypy-cache,,,5401,150489967,CACHEDIR.TAG；mypy versioned cache,缓存重新生成；第三方已安装库、模型、数据库与正式原始证据保留,逐项重查存在、非重解析点、路径仍在批准边界；核对没有同时进行的安装/测试/构建,按精确路径删除缓存子目录；不扩大到父目录,未执行；待用户确认
EXT-CACHE-009,A2 外部工具缓存,可以删除（确认后）,目录,精确执行对象,E:/projects/codex/.agent-work/aether/workspace-support/azure-storage-interface-20261003/mypy-ceph-http,,,3978,127491452,CACHEDIR.TAG；mypy versioned cache,缓存重新生成；第三方已安装库、模型、数据库与正式原始证据保留,逐项重查存在、非重解析点、路径仍在批准边界；核对没有同时进行的安装/测试/构建,按精确路径删除缓存子目录；不扩大到父目录,未执行；待用户确认
EXT-CACHE-010,A2 外部工具缓存,可以删除（确认后）,目录,精确执行对象,E:/projects/codex/.agent-work/aether/workspace-support/azure-storage-interface-20261003/mypy-contracts,,,5386,150263183,CACHEDIR.TAG；mypy versioned cache,缓存重新生成；第三方已安装库、模型、数据库与正式原始证据保留,逐项重查存在、非重解析点、路径仍在批准边界；核对没有同时进行的安装/测试/构建,按精确路径删除缓存子目录；不扩大到父目录,未执行；待用户确认
EXT-CACHE-011,A2 外部工具缓存,可以删除（确认后）,目录,精确执行对象,E:/projects/codex/.agent-work/aether/workspace-support/azure-storage-interface-20261003/mypy-p2-client,,,1554,37631206,CACHEDIR.TAG；mypy versioned cache,缓存重新生成；第三方已安装库、模型、数据库与正式原始证据保留,逐项重查存在、非重解析点、路径仍在批准边界；核对没有同时进行的安装/测试/构建,按精确路径删除缓存子目录；不扩大到父目录,未执行；待用户确认
EXT-CACHE-012,A2 外部工具缓存,可以删除（确认后）,目录,精确执行对象,E:/projects/codex/.agent-work/aether/workspace-support/ci-repair-20260923/mypy,,,3635,105354442,CACHEDIR.TAG；mypy versioned cache,缓存重新生成；第三方已安装库、模型、数据库与正式原始证据保留,逐项重查存在、非重解析点、路径仍在批准边界；核对没有同时进行的安装/测试/构建,按精确路径删除缓存子目录；不扩大到父目录,未执行；待用户确认
EXT-CACHE-013,A2 外部工具缓存,可以删除（确认后）,目录,精确执行对象,E:/projects/codex/.agent-work/aether/workspace-support/ci-repair-20260923/pip-cache,,,401,182702378,pip http-v2,缓存重新生成；第三方已安装库、模型、数据库与正式原始证据保留,逐项重查存在、非重解析点、路径仍在批准边界；核对没有同时进行的安装/测试/构建,按精确路径删除缓存子目录；不扩大到父目录,未执行；待用户确认
EXT-CACHE-014,A2 外部工具缓存,可以删除（确认后）,目录,精确执行对象,E:/projects/codex/.agent-work/aether/workspace-support/ci-repair-20260923/pycache,,,7016,120033098,tool cache file inventory,缓存重新生成；第三方已安装库、模型、数据库与正式原始证据保留,逐项重查存在、非重解析点、路径仍在批准边界；核对没有同时进行的安装/测试/构建,按精确路径删除缓存子目录；不扩大到父目录,未执行；待用户确认
EXT-CACHE-015,A2 外部工具缓存,可以删除（确认后）,目录,精确执行对象,E:/projects/codex/.agent-work/aether/workspace-support/ci-repair-20260923/pytest-cache,,,5,122616,CACHEDIR.TAG；tool cache file inventory,缓存重新生成；第三方已安装库、模型、数据库与正式原始证据保留,逐项重查存在、非重解析点、路径仍在批准边界；核对没有同时进行的安装/测试/构建,按精确路径删除缓存子目录；不扩大到父目录,未执行；待用户确认
EXT-CACHE-016,A2 外部工具缓存,可以删除（确认后）,目录,精确执行对象,E:/projects/codex/.agent-work/aether/workspace-support/continuous-integration-20260926/mypy,,,3716,106319156,CACHEDIR.TAG；mypy versioned cache,缓存重新生成；第三方已安装库、模型、数据库与正式原始证据保留,逐项重查存在、非重解析点、路径仍在批准边界；核对没有同时进行的安装/测试/构建,按精确路径删除缓存子目录；不扩大到父目录,未执行；待用户确认
EXT-CACHE-017,A2 外部工具缓存,可以删除（确认后）,目录,精确执行对象,E:/projects/codex/.agent-work/aether/workspace-support/continuous-integration-20260926/mypy-cache,,,3715,106327705,CACHEDIR.TAG；mypy versioned cache,缓存重新生成；第三方已安装库、模型、数据库与正式原始证据保留,逐项重查存在、非重解析点、路径仍在批准边界；核对没有同时进行的安装/测试/构建,按精确路径删除缓存子目录；不扩大到父目录,未执行；待用户确认
EXT-CACHE-018,A2 外部工具缓存,可以删除（确认后）,目录,精确执行对象,E:/projects/codex/.agent-work/aether/workspace-support/git-change-review-20261002-144210/pytest-cache,,,4,4775,CACHEDIR.TAG；tool cache file inventory,缓存重新生成；第三方已安装库、模型、数据库与正式原始证据保留,逐项重查存在、非重解析点、路径仍在批准边界；核对没有同时进行的安装/测试/构建,按精确路径删除缓存子目录；不扩大到父目录,未执行；待用户确认
EXT-CACHE-019,A2 外部工具缓存,可以删除（确认后）,目录,精确执行对象,E:/projects/codex/.agent-work/aether/workspace-support/github-pr-20260928/mypy-cache,,,3716,106327797,CACHEDIR.TAG；mypy versioned cache,缓存重新生成；第三方已安装库、模型、数据库与正式原始证据保留,逐项重查存在、非重解析点、路径仍在批准边界；核对没有同时进行的安装/测试/构建,按精确路径删除缓存子目录；不扩大到父目录,未执行；待用户确认
EXT-CACHE-020,A2 外部工具缓存,可以删除（确认后）,目录,精确执行对象,E:/projects/codex/.agent-work/aether/workspace-support/github-pr-20260928/pytest-cache,,,4,2248,CACHEDIR.TAG；tool cache file inventory,缓存重新生成；第三方已安装库、模型、数据库与正式原始证据保留,逐项重查存在、非重解析点、路径仍在批准边界；核对没有同时进行的安装/测试/构建,按精确路径删除缓存子目录；不扩大到父目录,未执行；待用户确认
EXT-CACHE-021,A2 外部工具缓存,可以删除（确认后）,目录,精确执行对象,E:/projects/codex/.agent-work/aether/workspace-support/github-pr-20260928/ruff-cache,,,14,23934,CACHEDIR.TAG,缓存重新生成；第三方已安装库、模型、数据库与正式原始证据保留,逐项重查存在、非重解析点、路径仍在批准边界；核对没有同时进行的安装/测试/构建,按精确路径删除缓存子目录；不扩大到父目录,未执行；待用户确认
EXT-CACHE-022,A2 外部工具缓存,可以删除（确认后）,目录,精确执行对象,E:/projects/codex/.agent-work/aether/workspace-support/implementation-audit-20260926/mypy-cache,,,3696,106176097,CACHEDIR.TAG；mypy versioned cache,缓存重新生成；第三方已安装库、模型、数据库与正式原始证据保留,逐项重查存在、非重解析点、路径仍在批准边界；核对没有同时进行的安装/测试/构建,按精确路径删除缓存子目录；不扩大到父目录,未执行；待用户确认
EXT-CACHE-023,A2 外部工具缓存,可以删除（确认后）,目录,精确执行对象,E:/projects/codex/.agent-work/aether/workspace-support/implementation-audit-20260926/pip-cache,,,7,2521876,pip http-v2,缓存重新生成；第三方已安装库、模型、数据库与正式原始证据保留,逐项重查存在、非重解析点、路径仍在批准边界；核对没有同时进行的安装/测试/构建,按精确路径删除缓存子目录；不扩大到父目录,未执行；待用户确认
EXT-CACHE-024,A2 外部工具缓存,可以删除（确认后）,目录,精确执行对象,E:/projects/codex/.agent-work/aether/workspace-support/integration-audit-20261002-151648/pytest-cache,,,5,11557,CACHEDIR.TAG；tool cache file inventory,缓存重新生成；第三方已安装库、模型、数据库与正式原始证据保留,逐项重查存在、非重解析点、路径仍在批准边界；核对没有同时进行的安装/测试/构建,按精确路径删除缓存子目录；不扩大到父目录,未执行；待用户确认
EXT-CACHE-025,A2 外部工具缓存,可以删除（确认后）,目录,精确执行对象,E:/projects/codex/.agent-work/aether/workspace-support/local-docker-20261004/mypy,,,3846,125009039,CACHEDIR.TAG；mypy versioned cache,缓存重新生成；第三方已安装库、模型、数据库与正式原始证据保留,逐项重查存在、非重解析点、路径仍在批准边界；核对没有同时进行的安装/测试/构建,按精确路径删除缓存子目录；不扩大到父目录,未执行；待用户确认
EXT-CACHE-026,A2 外部工具缓存,可以删除（确认后）,目录,精确执行对象,E:/projects/codex/.agent-work/aether/workspace-support/local-docker-20261004/mypy-cache,,,4437,135065927,CACHEDIR.TAG；mypy versioned cache,缓存重新生成；第三方已安装库、模型、数据库与正式原始证据保留,逐项重查存在、非重解析点、路径仍在批准边界；核对没有同时进行的安装/测试/构建,按精确路径删除缓存子目录；不扩大到父目录,未执行；待用户确认
EXT-CACHE-027,A2 外部工具缓存,可以删除（确认后）,目录,精确执行对象,E:/projects/codex/.agent-work/aether/workspace-support/local-docker-20261004/mypy-final,,,2074,90362629,CACHEDIR.TAG；mypy versioned cache,缓存重新生成；第三方已安装库、模型、数据库与正式原始证据保留,逐项重查存在、非重解析点、路径仍在批准边界；核对没有同时进行的安装/测试/构建,按精确路径删除缓存子目录；不扩大到父目录,未执行；待用户确认
EXT-CACHE-028,A2 外部工具缓存,可以删除（确认后）,目录,精确执行对象,E:/projects/codex/.agent-work/aether/workspace-support/local-docker-20261004/npm-cache,,,648,38723858,npm _cacache,缓存重新生成；第三方已安装库、模型、数据库与正式原始证据保留,逐项重查存在、非重解析点、路径仍在批准边界；核对没有同时进行的安装/测试/构建,按精确路径删除缓存子目录；不扩大到父目录,未执行；待用户确认
EXT-CACHE-029,A2 外部工具缓存,可以删除（确认后）,目录,精确执行对象,E:/projects/codex/.agent-work/aether/workspace-support/monitor-timeout-20260929/mypy-cache,,,2430,86199378,CACHEDIR.TAG；mypy versioned cache,缓存重新生成；第三方已安装库、模型、数据库与正式原始证据保留,逐项重查存在、非重解析点、路径仍在批准边界；核对没有同时进行的安装/测试/构建,按精确路径删除缓存子目录；不扩大到父目录,未执行；待用户确认
EXT-CACHE-030,A2 外部工具缓存,可以删除（确认后）,目录,精确执行对象,E:/projects/codex/.agent-work/aether/workspace-support/monitor-timeout-20260929/pytest-cache,,,4,9819,CACHEDIR.TAG；tool cache file inventory,缓存重新生成；第三方已安装库、模型、数据库与正式原始证据保留,逐项重查存在、非重解析点、路径仍在批准边界；核对没有同时进行的安装/测试/构建,按精确路径删除缓存子目录；不扩大到父目录,未执行；待用户确认
EXT-CACHE-031,A2 外部工具缓存,可以删除（确认后）,目录,精确执行对象,E:/projects/codex/.agent-work/aether/workspace-support/monitor-timeout-20260929/ruff-cache,,,5,537,CACHEDIR.TAG,缓存重新生成；第三方已安装库、模型、数据库与正式原始证据保留,逐项重查存在、非重解析点、路径仍在批准边界；核对没有同时进行的安装/测试/构建,按精确路径删除缓存子目录；不扩大到父目录,未执行；待用户确认
EXT-CACHE-032,A2 外部工具缓存,可以删除（确认后）,目录,精确执行对象,E:/projects/codex/.agent-work/aether/workspace-support/monitor-web-20260928/mypy-cache,,,3716,106332584,CACHEDIR.TAG；mypy versioned cache,缓存重新生成；第三方已安装库、模型、数据库与正式原始证据保留,逐项重查存在、非重解析点、路径仍在批准边界；核对没有同时进行的安装/测试/构建,按精确路径删除缓存子目录；不扩大到父目录,未执行；待用户确认
EXT-CACHE-033,A2 外部工具缓存,可以删除（确认后）,目录,精确执行对象,E:/projects/codex/.agent-work/aether/workspace-support/monitor-web-20260928/npm-cache,,,743,63799279,npm _cacache,缓存重新生成；第三方已安装库、模型、数据库与正式原始证据保留,逐项重查存在、非重解析点、路径仍在批准边界；核对没有同时进行的安装/测试/构建,按精确路径删除缓存子目录；不扩大到父目录,未执行；待用户确认
EXT-CACHE-034,A2 外部工具缓存,可以删除（确认后）,目录,精确执行对象,E:/projects/codex/.agent-work/aether/workspace-support/monitor-web-20260928/pytest-cache,,,5,2472,CACHEDIR.TAG；tool cache file inventory,缓存重新生成；第三方已安装库、模型、数据库与正式原始证据保留,逐项重查存在、非重解析点、路径仍在批准边界；核对没有同时进行的安装/测试/构建,按精确路径删除缓存子目录；不扩大到父目录,未执行；待用户确认
EXT-CACHE-035,A2 外部工具缓存,可以删除（确认后）,目录,精确执行对象,E:/projects/codex/.agent-work/aether/workspace-support/monitor-web-20260928/ruff-cache,,,14,23979,CACHEDIR.TAG,缓存重新生成；第三方已安装库、模型、数据库与正式原始证据保留,逐项重查存在、非重解析点、路径仍在批准边界；核对没有同时进行的安装/测试/构建,按精确路径删除缓存子目录；不扩大到父目录,未执行；待用户确认
EXT-CACHE-036,A2 外部工具缓存,可以删除（确认后）,目录,精确执行对象,E:/projects/codex/.agent-work/aether/workspace-support/production-closure-20261002-192000/mypy-activation,,,5368,150082457,CACHEDIR.TAG；mypy versioned cache,缓存重新生成；第三方已安装库、模型、数据库与正式原始证据保留,逐项重查存在、非重解析点、路径仍在批准边界；核对没有同时进行的安装/测试/构建,按精确路径删除缓存子目录；不扩大到父目录,未执行；待用户确认
EXT-CACHE-037,A2 外部工具缓存,可以删除（确认后）,目录,精确执行对象,E:/projects/codex/.agent-work/aether/workspace-support/production-closure-20261002-192000/mypy-cache,,,5345,149634869,CACHEDIR.TAG；mypy versioned cache,缓存重新生成；第三方已安装库、模型、数据库与正式原始证据保留,逐项重查存在、非重解析点、路径仍在批准边界；核对没有同时进行的安装/测试/构建,按精确路径删除缓存子目录；不扩大到父目录,未执行；待用户确认
EXT-CACHE-038,A2 外部工具缓存,可以删除（确认后）,目录,精确执行对象,E:/projects/codex/.agent-work/aether/workspace-support/production-closure-20261002-192000/mypy-cache-admission,,,5344,149592286,CACHEDIR.TAG；mypy versioned cache,缓存重新生成；第三方已安装库、模型、数据库与正式原始证据保留,逐项重查存在、非重解析点、路径仍在批准边界；核对没有同时进行的安装/测试/构建,按精确路径删除缓存子目录；不扩大到父目录,未执行；待用户确认
EXT-CACHE-039,A2 外部工具缓存,可以删除（确认后）,目录,精确执行对象,E:/projects/codex/.agent-work/aether/workspace-support/production-closure-20261002-192000/mypy-cache-binding-final,,,5320,149291184,CACHEDIR.TAG；mypy versioned cache,缓存重新生成；第三方已安装库、模型、数据库与正式原始证据保留,逐项重查存在、非重解析点、路径仍在批准边界；核对没有同时进行的安装/测试/构建,按精确路径删除缓存子目录；不扩大到父目录,未执行；待用户确认
EXT-CACHE-040,A2 外部工具缓存,可以删除（确认后）,目录,精确执行对象,E:/projects/codex/.agent-work/aether/workspace-support/production-closure-20261002-192000/mypy-cache-client-states,,,5355,149843034,CACHEDIR.TAG；mypy versioned cache,缓存重新生成；第三方已安装库、模型、数据库与正式原始证据保留,逐项重查存在、非重解析点、路径仍在批准边界；核对没有同时进行的安装/测试/构建,按精确路径删除缓存子目录；不扩大到父目录,未执行；待用户确认
EXT-CACHE-041,A2 外部工具缓存,可以删除（确认后）,目录,精确执行对象,E:/projects/codex/.agent-work/aether/workspace-support/production-closure-20261002-192000/mypy-cache-http-evidence,,,5339,149550793,CACHEDIR.TAG；mypy versioned cache,缓存重新生成；第三方已安装库、模型、数据库与正式原始证据保留,逐项重查存在、非重解析点、路径仍在批准边界；核对没有同时进行的安装/测试/构建,按精确路径删除缓存子目录；不扩大到父目录,未执行；待用户确认
EXT-CACHE-042,A2 外部工具缓存,可以删除（确认后）,目录,精确执行对象,E:/projects/codex/.agent-work/aether/workspace-support/production-closure-20261002-192000/mypy-cache-initialization,,,5378,150176026,CACHEDIR.TAG；mypy versioned cache,缓存重新生成；第三方已安装库、模型、数据库与正式原始证据保留,逐项重查存在、非重解析点、路径仍在批准边界；核对没有同时进行的安装/测试/构建,按精确路径删除缓存子目录；不扩大到父目录,未执行；待用户确认
EXT-CACHE-043,A2 外部工具缓存,可以删除（确认后）,目录,精确执行对象,E:/projects/codex/.agent-work/aether/workspace-support/production-closure-20261002-192000/mypy-cache-initialization-orchestration,,,5379,150206885,CACHEDIR.TAG；mypy versioned cache,缓存重新生成；第三方已安装库、模型、数据库与正式原始证据保留,逐项重查存在、非重解析点、路径仍在批准边界；核对没有同时进行的安装/测试/构建,按精确路径删除缓存子目录；不扩大到父目录,未执行；待用户确认
EXT-CACHE-044,A2 外部工具缓存,可以删除（确认后）,目录,精确执行对象,E:/projects/codex/.agent-work/aether/workspace-support/production-closure-20261002-192000/mypy-cache-legacy-gate,,,5304,149063024,CACHEDIR.TAG；mypy versioned cache,缓存重新生成；第三方已安装库、模型、数据库与正式原始证据保留,逐项重查存在、非重解析点、路径仍在批准边界；核对没有同时进行的安装/测试/构建,按精确路径删除缓存子目录；不扩大到父目录,未执行；待用户确认
EXT-CACHE-045,A2 外部工具缓存,可以删除（确认后）,目录,精确执行对象,E:/projects/codex/.agent-work/aether/workspace-support/production-closure-20261002-192000/mypy-cache-operation-lookup,,,5315,149208114,CACHEDIR.TAG；mypy versioned cache,缓存重新生成；第三方已安装库、模型、数据库与正式原始证据保留,逐项重查存在、非重解析点、路径仍在批准边界；核对没有同时进行的安装/测试/构建,按精确路径删除缓存子目录；不扩大到父目录,未执行；待用户确认
EXT-CACHE-046,A2 外部工具缓存,可以删除（确认后）,目录,精确执行对象,E:/projects/codex/.agent-work/aether/workspace-support/production-closure-20261002-192000/mypy-cache-registry-final,,,5311,149175949,CACHEDIR.TAG；mypy versioned cache,缓存重新生成；第三方已安装库、模型、数据库与正式原始证据保留,逐项重查存在、非重解析点、路径仍在批准边界；核对没有同时进行的安装/测试/构建,按精确路径删除缓存子目录；不扩大到父目录,未执行；待用户确认
EXT-CACHE-047,A2 外部工具缓存,可以删除（确认后）,目录,精确执行对象,E:/projects/codex/.agent-work/aether/workspace-support/production-closure-20261002-192000/mypy-current,,,3513,118898433,CACHEDIR.TAG；mypy versioned cache,缓存重新生成；第三方已安装库、模型、数据库与正式原始证据保留,逐项重查存在、非重解析点、路径仍在批准边界；核对没有同时进行的安装/测试/构建,按精确路径删除缓存子目录；不扩大到父目录,未执行；待用户确认
EXT-CACHE-048,A2 外部工具缓存,可以删除（确认后）,目录,精确执行对象,E:/projects/codex/.agent-work/aether/workspace-support/production-closure-20261002-192000/mypy-full,,,5304,149063024,CACHEDIR.TAG；mypy versioned cache,缓存重新生成；第三方已安装库、模型、数据库与正式原始证据保留,逐项重查存在、非重解析点、路径仍在批准边界；核对没有同时进行的安装/测试/构建,按精确路径删除缓存子目录；不扩大到父目录,未执行；待用户确认
EXT-CACHE-049,A2 外部工具缓存,可以删除（确认后）,目录,精确执行对象,E:/projects/codex/.agent-work/aether/workspace-support/production-closure-20261002-192000/mypy-p2-boundary,,,4465,135338464,CACHEDIR.TAG；mypy versioned cache,缓存重新生成；第三方已安装库、模型、数据库与正式原始证据保留,逐项重查存在、非重解析点、路径仍在批准边界；核对没有同时进行的安装/测试/构建,按精确路径删除缓存子目录；不扩大到父目录,未执行；待用户确认
EXT-CACHE-050,A2 外部工具缓存,可以删除（确认后）,目录,精确执行对象,E:/projects/codex/.agent-work/aether/workspace-support/production-closure-20261002-192000/mypy-p4-state-review,,,5356,149843156,CACHEDIR.TAG；mypy versioned cache,缓存重新生成；第三方已安装库、模型、数据库与正式原始证据保留,逐项重查存在、非重解析点、路径仍在批准边界；核对没有同时进行的安装/测试/构建,按精确路径删除缓存子目录；不扩大到父目录,未执行；待用户确认
EXT-CACHE-051,A2 外部工具缓存,可以删除（确认后）,目录,精确执行对象,E:/projects/codex/.agent-work/aether/workspace-support/production-closure-20261002-192000/mypy-reconcile-01,,,5357,149899038,CACHEDIR.TAG；mypy versioned cache,缓存重新生成；第三方已安装库、模型、数据库与正式原始证据保留,逐项重查存在、非重解析点、路径仍在批准边界；核对没有同时进行的安装/测试/构建,按精确路径删除缓存子目录；不扩大到父目录,未执行；待用户确认
EXT-CACHE-052,A2 外部工具缓存,可以删除（确认后）,目录,精确执行对象,E:/projects/codex/.agent-work/aether/workspace-support/production-closure-20261002-192000/mypy-recovery-reads,,,5373,150153252,CACHEDIR.TAG；mypy versioned cache,缓存重新生成；第三方已安装库、模型、数据库与正式原始证据保留,逐项重查存在、非重解析点、路径仍在批准边界；核对没有同时进行的安装/测试/构建,按精确路径删除缓存子目录；不扩大到父目录,未执行；待用户确认
EXT-CACHE-053,A2 外部工具缓存,可以删除（确认后）,目录,精确执行对象,E:/projects/codex/.agent-work/aether/workspace-support/production-closure-20261002-192000/mypy-transfer,,,5363,149979218,CACHEDIR.TAG；mypy versioned cache,缓存重新生成；第三方已安装库、模型、数据库与正式原始证据保留,逐项重查存在、非重解析点、路径仍在批准边界；核对没有同时进行的安装/测试/构建,按精确路径删除缓存子目录；不扩大到父目录,未执行；待用户确认
EXT-CACHE-054,A2 外部工具缓存,可以删除（确认后）,目录,精确执行对象,E:/projects/codex/.agent-work/aether/workspace-support/production-closure-20261002-192000/npm-cache,,,861,189537179,npm _cacache,缓存重新生成；第三方已安装库、模型、数据库与正式原始证据保留,逐项重查存在、非重解析点、路径仍在批准边界；核对没有同时进行的安装/测试/构建,按精确路径删除缓存子目录；不扩大到父目录,未执行；待用户确认
EXT-CACHE-055,A2 外部工具缓存,可以删除（确认后）,目录,精确执行对象,E:/projects/codex/.agent-work/aether/workspace-support/production-closure-20261002-192000/ruff-cache,,,21,33656,CACHEDIR.TAG,缓存重新生成；第三方已安装库、模型、数据库与正式原始证据保留,逐项重查存在、非重解析点、路径仍在批准边界；核对没有同时进行的安装/测试/构建,按精确路径删除缓存子目录；不扩大到父目录,未执行；待用户确认
EXT-CACHE-056,A2 外部工具缓存,可以删除（确认后）,目录,精确执行对象,E:/projects/codex/.agent-work/aether/workspace-support/production-closure-20261002-192000/type-cache,,,2836,93425483,CACHEDIR.TAG；mypy versioned cache,缓存重新生成；第三方已安装库、模型、数据库与正式原始证据保留,逐项重查存在、非重解析点、路径仍在批准边界；核对没有同时进行的安装/测试/构建,按精确路径删除缓存子目录；不扩大到父目录,未执行；待用户确认
EXT-CACHE-057,A2 外部工具缓存,可以删除（确认后）,目录,精确执行对象,E:/projects/codex/.agent-work/aether/workspace-support/projection-responsibility-20260922/mypy,,,1674,69193322,CACHEDIR.TAG；mypy versioned cache,缓存重新生成；第三方已安装库、模型、数据库与正式原始证据保留,逐项重查存在、非重解析点、路径仍在批准边界；核对没有同时进行的安装/测试/构建,按精确路径删除缓存子目录；不扩大到父目录,未执行；待用户确认
EXT-CACHE-058,A2 外部工具缓存,可以删除（确认后）,目录,精确执行对象,E:/projects/codex/.agent-work/aether/workspace-support/recall-a-20260923/ci-mypy-cache,,,3243,93900784,mypy versioned cache,缓存重新生成；第三方已安装库、模型、数据库与正式原始证据保留,逐项重查存在、非重解析点、路径仍在批准边界；核对没有同时进行的安装/测试/构建,按精确路径删除缓存子目录；不扩大到父目录,未执行；待用户确认
EXT-CACHE-059,A2 外部工具缓存,可以删除（确认后）,目录,精确执行对象,E:/projects/codex/.agent-work/aether/workspace-support/recall-a-20260923/mypy,,,1317,61766143,CACHEDIR.TAG；mypy versioned cache,缓存重新生成；第三方已安装库、模型、数据库与正式原始证据保留,逐项重查存在、非重解析点、路径仍在批准边界；核对没有同时进行的安装/测试/构建,按精确路径删除缓存子目录；不扩大到父目录,未执行；待用户确认
EXT-CACHE-060,A2 外部工具缓存,可以删除（确认后）,目录,精确执行对象,E:/projects/codex/.agent-work/aether/workspace-support/recall-a-20260923/pycache,,,1531,24472404,tool cache file inventory,缓存重新生成；第三方已安装库、模型、数据库与正式原始证据保留,逐项重查存在、非重解析点、路径仍在批准边界；核对没有同时进行的安装/测试/构建,按精确路径删除缓存子目录；不扩大到父目录,未执行；待用户确认
EXT-CACHE-061,A2 外部工具缓存,可以删除（确认后）,目录,精确执行对象,E:/projects/codex/.agent-work/aether/workspace-support/recall-implementation-20260920/mypy,,,2530,81565013,mypy versioned cache,缓存重新生成；第三方已安装库、模型、数据库与正式原始证据保留,逐项重查存在、非重解析点、路径仍在批准边界；核对没有同时进行的安装/测试/构建,按精确路径删除缓存子目录；不扩大到父目录,未执行；待用户确认
EXT-CACHE-062,A2 外部工具缓存,可以删除（确认后）,目录,精确执行对象,E:/projects/codex/.agent-work/aether/workspace-support/recall-implementation-20260920/mypy-bounded,,,1288,60877904,CACHEDIR.TAG；mypy versioned cache,缓存重新生成；第三方已安装库、模型、数据库与正式原始证据保留,逐项重查存在、非重解析点、路径仍在批准边界；核对没有同时进行的安装/测试/构建,按精确路径删除缓存子目录；不扩大到父目录,未执行；待用户确认
EXT-CACHE-063,A2 外部工具缓存,可以删除（确认后）,目录,精确执行对象,E:/projects/codex/.agent-work/aether/workspace-support/rf-capability-check-20260929/pycache,,,680,13222669,tool cache file inventory,缓存重新生成；第三方已安装库、模型、数据库与正式原始证据保留,逐项重查存在、非重解析点、路径仍在批准边界；核对没有同时进行的安装/测试/构建,按精确路径删除缓存子目录；不扩大到父目录,未执行；待用户确认
EXT-CACHE-064,A2 外部工具缓存,可以删除（确认后）,目录,精确执行对象,E:/projects/codex/.agent-work/aether/workspace-support/rf-capability-check-20260929/pytest-cache,,,4,5473,CACHEDIR.TAG；tool cache file inventory,缓存重新生成；第三方已安装库、模型、数据库与正式原始证据保留,逐项重查存在、非重解析点、路径仍在批准边界；核对没有同时进行的安装/测试/构建,按精确路径删除缓存子目录；不扩大到父目录,未执行；待用户确认
EXT-CACHE-065,A2 外部工具缓存,可以删除（确认后）,目录,精确执行对象,E:/projects/codex/.agent-work/aether/workspace-support/rf-completion-20260929/mypy,,,3166,93164132,CACHEDIR.TAG；mypy versioned cache,缓存重新生成；第三方已安装库、模型、数据库与正式原始证据保留,逐项重查存在、非重解析点、路径仍在批准边界；核对没有同时进行的安装/测试/构建,按精确路径删除缓存子目录；不扩大到父目录,未执行；待用户确认
EXT-CACHE-066,A2 外部工具缓存,可以删除（确认后）,目录,精确执行对象,E:/projects/codex/.agent-work/aether/workspace-support/rf-completion-20260929/mypy-main,,,3717,106365609,CACHEDIR.TAG；mypy versioned cache,缓存重新生成；第三方已安装库、模型、数据库与正式原始证据保留,逐项重查存在、非重解析点、路径仍在批准边界；核对没有同时进行的安装/测试/构建,按精确路径删除缓存子目录；不扩大到父目录,未执行；待用户确认
EXT-CACHE-067,A2 外部工具缓存,可以删除（确认后）,目录,精确执行对象,E:/projects/codex/.agent-work/aether/workspace-support/rf-implementation-20260922/mypy,,,1667,69153202,CACHEDIR.TAG；mypy versioned cache,缓存重新生成；第三方已安装库、模型、数据库与正式原始证据保留,逐项重查存在、非重解析点、路径仍在批准边界；核对没有同时进行的安装/测试/构建,按精确路径删除缓存子目录；不扩大到父目录,未执行；待用户确认
EXT-CACHE-068,A2 外部工具缓存,可以删除（确认后）,目录,精确执行对象,E:/projects/codex/.agent-work/aether/workspace-support/t1001-79a80b/pytest-cache,,,4,1630,CACHEDIR.TAG；tool cache file inventory,缓存重新生成；第三方已安装库、模型、数据库与正式原始证据保留,逐项重查存在、非重解析点、路径仍在批准边界；核对没有同时进行的安装/测试/构建,按精确路径删除缓存子目录；不扩大到父目录,未执行；待用户确认
EXT-CACHE-069,A2 外部工具缓存,可以删除（确认后）,目录,精确执行对象,E:/projects/codex/.agent-work/aether/workspace-support/temporal-migration-20260930/mypy,,,3621,118517612,CACHEDIR.TAG；mypy versioned cache,缓存重新生成；第三方已安装库、模型、数据库与正式原始证据保留,逐项重查存在、非重解析点、路径仍在批准边界；核对没有同时进行的安装/测试/构建,按精确路径删除缓存子目录；不扩大到父目录,未执行；待用户确认
EXT-CACHE-070,A2 外部工具缓存,可以删除（确认后）,目录,精确执行对象,E:/projects/codex/.agent-work/aether/workspace-support/temporal-migration-20260930/mypy-all,,,4419,133669351,CACHEDIR.TAG；mypy versioned cache,缓存重新生成；第三方已安装库、模型、数据库与正式原始证据保留,逐项重查存在、非重解析点、路径仍在批准边界；核对没有同时进行的安装/测试/构建,按精确路径删除缓存子目录；不扩大到父目录,未执行；待用户确认
EXT-CACHE-071,A2 外部工具缓存,可以删除（确认后）,目录,精确执行对象,E:/projects/codex/.agent-work/aether/workspace-support/temporal-migration-20260930/npm-cache,,,718,52199728,npm _cacache,缓存重新生成；第三方已安装库、模型、数据库与正式原始证据保留,逐项重查存在、非重解析点、路径仍在批准边界；核对没有同时进行的安装/测试/构建,按精确路径删除缓存子目录；不扩大到父目录,未执行；待用户确认
EXT-CACHE-072,A2 外部工具缓存,可以删除（确认后）,目录,精确执行对象,E:/projects/codex/.agent-work/aether/workspace-support/uncommitted-review-20260926/pycache,,,41,1111294,tool cache file inventory,缓存重新生成；第三方已安装库、模型、数据库与正式原始证据保留,逐项重查存在、非重解析点、路径仍在批准边界；核对没有同时进行的安装/测试/构建,按精确路径删除缓存子目录；不扩大到父目录,未执行；待用户确认
EXT-CACHE-073,A2 外部工具缓存,可以删除（确认后）,目录,精确执行对象,E:/projects/codex/.agent-work/aether/workspace-support/working-vector-20260930/final-mypy-cache,,,3718,106409892,CACHEDIR.TAG；mypy versioned cache,缓存重新生成；第三方已安装库、模型、数据库与正式原始证据保留,逐项重查存在、非重解析点、路径仍在批准边界；核对没有同时进行的安装/测试/构建,按精确路径删除缓存子目录；不扩大到父目录,未执行；待用户确认
EXT-CACHE-074,A2 外部工具缓存,可以删除（确认后）,目录,精确执行对象,E:/projects/codex/.agent-work/aether/workspace-support/working-vector-20260930/mypy,,,3718,106408968,CACHEDIR.TAG；mypy versioned cache,缓存重新生成；第三方已安装库、模型、数据库与正式原始证据保留,逐项重查存在、非重解析点、路径仍在批准边界；核对没有同时进行的安装/测试/构建,按精确路径删除缓存子目录；不扩大到父目录,未执行；待用户确认
EXT-CACHE-075,A2 外部工具缓存,可以删除（确认后）,目录,精确执行对象,E:/projects/codex/.agent-work/aether/workspace-support/working-vector-20260930/pytest-cache,,,4,15440,CACHEDIR.TAG；tool cache file inventory,缓存重新生成；第三方已安装库、模型、数据库与正式原始证据保留,逐项重查存在、非重解析点、路径仍在批准边界；核对没有同时进行的安装/测试/构建,按精确路径删除缓存子目录；不扩大到父目录,未执行；待用户确认
EXT-CACHE-076,A2 外部工具缓存,可以删除（确认后）,目录,精确执行对象,E:/projects/codex/.agent-work/aether/workspace-support/working-vector-20260930/remember-mypy,,,2501,87099558,CACHEDIR.TAG；mypy versioned cache,缓存重新生成；第三方已安装库、模型、数据库与正式原始证据保留,逐项重查存在、非重解析点、路径仍在批准边界；核对没有同时进行的安装/测试/构建,按精确路径删除缓存子目录；不扩大到父目录,未执行；待用户确认
EXT-CACHE-PIP,A2 外部工具缓存,可以删除（确认后）,目录,精确执行对象,E:/projects/codex/.agent-work/aether/workspace-support/pip-cache,,,445,202442767,pip download cache,缓存重新生成；第三方已安装库、模型、数据库与正式原始证据保留,逐项重查存在、非重解析点、路径仍在批准边界；核对没有同时进行的安装/测试/构建,按精确路径删除缓存子目录；不扩大到父目录,未执行；待用户确认
SRC-D01,A3 旧源码与脚本,可以删除（确认后）,文件,精确执行对象,E:/projects/codex/aether/AgentJYS-main/src/aether_agent_memory/memory/context/__init__.py,,C:/Users/27921/.codex/worktrees/p3-production-closure/aether/AgentJYS-main/src/aether_agent_memory/memory/context/__init__.py,1,230,builder.py 的唯一 import 在本文件:1；其余源码/测试/脚本未使用这三个名称；Dockerfile:14、Dockerfile.p3:20 宽泛 COPY；test_architecture_layers.py:56 扫描 memory。,删除旧公开导出路径；当前运行链未发现消费者。须和 builder.py 一起确认，不能扩大到 canonical context 或 memory/retrieval。,确认没有仓库外注入/公开兼容义务；更新当前目录树，不改历史原件。；先完成源码收敛，按统一后的单一源码路径执行,删除该逻辑路径及失效当前入口；保留可恢复来源，不保留新的可编辑副本,未执行；待用户确认
SRC-D02,A3 旧源码与脚本,可以删除（确认后）,文件,精确执行对象,E:/projects/codex/aether/AgentJYS-main/src/aether_agent_memory/memory/context/builder.py,,C:/Users/27921/.codex/worktrees/p3-production-closure/aether/AgentJYS-main/src/aether_agent_memory/memory/context/builder.py,1,2169,memory/context/__init__.py:1 为唯一直接 import；三类名全量源码检索仅在这两文件中；Docker 两处 COPY 与架构扫描为宽泛消费者。,与 D01 一并退出；当前 canonical Recall 与 context.builder 不在此候选内。,双文件闭包一次确认；保护 memory/retrieval 和 src/aether_agent_memory/context。；先完成源码收敛，按统一后的单一源码路径执行,删除该逻辑路径及失效当前入口；保留可恢复来源，不保留新的可编辑副本,未执行；待用户确认
SRC-D03,A3 旧源码与脚本,可以删除（确认后）,文件,精确执行对象,E:/projects/codex/aether/AgentJYS-main/scripts/benchmark_b2_only.py,,C:/Users/27921/.codex/worktrees/p3-production-closure/aether/AgentJYS-main/scripts/benchmark_b2_only.py,1,5000,未发现代码/CI/测试执行此脚本；Dockerfile:16 COPY scripts、Ruff scripts 全扫描；主目录完整目录树:544 记录。,失去旧手工基准或检查命令；不删除 B2 implementation、当前 Remember 压缩契约或现代 tests。,用户确认不再使用这四个旧命令；更新当前目录树/安装说明中如有手工入口。；先完成源码收敛，按统一后的单一源码路径执行,删除该逻辑路径及失效当前入口；保留可恢复来源，不保留新的可编辑副本,未执行；待用户确认
SRC-D04,A3 旧源码与脚本,可以删除（确认后）,文件,精确执行对象,E:/projects/codex/aether/AgentJYS-main/scripts/benchmark_dataset_p99.py,,C:/Users/27921/.codex/worktrees/p3-production-closure/aether/AgentJYS-main/scripts/benchmark_dataset_p99.py,1,4407,未发现代码/CI/测试执行此脚本；Dockerfile:16 COPY scripts、Ruff scripts 全扫描；主目录完整目录树:545 记录。,失去旧手工基准或检查命令；不删除 B2 implementation、当前 Remember 压缩契约或现代 tests。,用户确认不再使用这四个旧命令；更新当前目录树/安装说明中如有手工入口。；先完成源码收敛，按统一后的单一源码路径执行,删除该逻辑路径及失效当前入口；保留可恢复来源，不保留新的可编辑副本,未执行；待用户确认
SRC-D05,A3 旧源码与脚本,可以删除（确认后）,文件,精确执行对象,E:/projects/codex/aether/AgentJYS-main/scripts/benchmark_redis_p99.py,,C:/Users/27921/.codex/worktrees/p3-production-closure/aether/AgentJYS-main/scripts/benchmark_redis_p99.py,1,2776,未发现代码/CI/测试执行此脚本；Dockerfile:16 COPY scripts、Ruff scripts 全扫描；主目录完整目录树:546 记录。,失去旧手工基准或检查命令；不删除 B2 implementation、当前 Remember 压缩契约或现代 tests。,用户确认不再使用这四个旧命令；更新当前目录树/安装说明中如有手工入口。；先完成源码收敛，按统一后的单一源码路径执行,删除该逻辑路径及失效当前入口；保留可恢复来源，不保留新的可编辑副本,未执行；待用户确认
SRC-D06,A3 旧源码与脚本,可以删除（确认后）,文件,精确执行对象,E:/projects/codex/aether/AgentJYS-main/scripts/test_b2_only.py,,C:/Users/27921/.codex/worktrees/p3-production-closure/aether/AgentJYS-main/scripts/test_b2_only.py,1,8505,未发现代码/CI/测试执行此脚本；Dockerfile:16 COPY scripts、Ruff scripts 全扫描；主目录完整目录树:566 记录。,失去旧手工基准或检查命令；不删除 B2 implementation、当前 Remember 压缩契约或现代 tests。,用户确认不再使用这四个旧命令；更新当前目录树/安装说明中如有手工入口。；先完成源码收敛，按统一后的单一源码路径执行,删除该逻辑路径及失效当前入口；保留可恢复来源，不保留新的可编辑副本,未执行；待用户确认
SRC-D07,A3 旧源码与脚本,可以删除（确认后）,文件,精确执行对象,E:/projects/codex/aether/AgentJYS-main/configs/docker.toml,,C:/Users/27921/.codex/worktrees/p3-production-closure/aether/AgentJYS-main/configs/docker.toml,1,557,静态路径/模块扫描未发现内部消费者；完整目录树保存其名称。default.toml 明确被 tests/unit/test_config.py:33 读取，另行保留。,退出一个未接入的旧 Docker TOML 样例；不改变当前 P3 YAML 或默认配置。,确认仓库外没有 --config 指向此文件；同步更新当前目录树。；先完成源码收敛，按统一后的单一源码路径执行,删除该逻辑路径及失效当前入口；保留可恢复来源，不保留新的可编辑副本,未执行；待用户确认
MAT-EMPTY-1,A4 空目录与入口,可以删除（确认后）,空目录树,精确执行对象,E:/projects/codex/aether/交付成果/历史交付,,,0,0,归档后的空目录，不含用户文件；有效历史版本在项目资料/历史版本,只移除空壳；现存历史资料原件保留,删除时重查仍为空；历史图入口先修订至归档路径,先修历史入口，再逐层仅删除仍为空的目录；出现新文件时跳过,未执行；待用户确认
MAT-EMPTY-2,A4 空目录与入口,可以删除（确认后）,空目录树,精确执行对象,E:/projects/codex/aether/交付成果/测试与验收/代码核查_2026-09-19,,,0,0,归档后的空目录，不含用户文件；有效历史版本在项目资料/历史版本,只移除空壳；现存历史资料原件保留,删除时重查仍为空；历史图入口先修订至归档路径,先修历史入口，再逐层仅删除仍为空的目录；出现新文件时跳过,未执行；待用户确认
MAT-EMPTY-3,A4 空目录与入口,可以删除（确认后）,空目录树,精确执行对象,E:/projects/codex/aether/交付成果/甲方整改答复/历史对照,,,0,0,归档后的空目录，不含用户文件；有效历史版本在项目资料/历史版本,只移除空壳；现存历史资料原件保留,删除时重查仍为空；历史图入口先修订至归档路径,先修历史入口，再逐层仅删除仍为空的目录；出现新文件时跳过,未执行；待用户确认
BUILD-01,B1 旧构建源码快照,可以删除（有前置条件）,目录,精确执行对象,E:/projects/codex/.agent-work/aether/workspace-support/azure-storage-interface-20261003/vm-build-01,E:/projects/codex/.agent-work/aether/workspace-support/local-docker-20261004/build-10,,527,3744332,当前镜像对应build-10；这些旧构建快照不在现行runtime挂载中,移除旧构建的完整源码副本；原构建清单/日志及必要差异补丁在外部保留,保护当前源码/镜像/build-10；重查引用与活跃构建；失败证据若需原快照则先保全差异,完整删除精确旧构建树；不移动为另一份可编辑源码,未执行；待用户确认
BUILD-02,B1 旧构建源码快照,可以删除（有前置条件）,目录,精确执行对象,E:/projects/codex/.agent-work/aether/workspace-support/local-docker-20261004/build-01,E:/projects/codex/.agent-work/aether/workspace-support/local-docker-20261004/build-10,,527,3747585,当前镜像对应build-10；这些旧构建快照不在现行runtime挂载中,移除旧构建的完整源码副本；原构建清单/日志及必要差异补丁在外部保留,保护当前源码/镜像/build-10；重查引用与活跃构建；失败证据若需原快照则先保全差异,完整删除精确旧构建树；不移动为另一份可编辑源码,未执行；待用户确认
BUILD-03,B1 旧构建源码快照,可以删除（有前置条件）,目录,精确执行对象,E:/projects/codex/.agent-work/aether/workspace-support/local-docker-20261004/build-02,E:/projects/codex/.agent-work/aether/workspace-support/local-docker-20261004/build-10,,527,3747868,当前镜像对应build-10；这些旧构建快照不在现行runtime挂载中,移除旧构建的完整源码副本；原构建清单/日志及必要差异补丁在外部保留,保护当前源码/镜像/build-10；重查引用与活跃构建；失败证据若需原快照则先保全差异,完整删除精确旧构建树；不移动为另一份可编辑源码,未执行；待用户确认
BUILD-04,B1 旧构建源码快照,可以删除（有前置条件）,目录,精确执行对象,E:/projects/codex/.agent-work/aether/workspace-support/local-docker-20261004/build-03,E:/projects/codex/.agent-work/aether/workspace-support/local-docker-20261004/build-10,,527,3748146,当前镜像对应build-10；这些旧构建快照不在现行runtime挂载中,移除旧构建的完整源码副本；原构建清单/日志及必要差异补丁在外部保留,保护当前源码/镜像/build-10；重查引用与活跃构建；失败证据若需原快照则先保全差异,完整删除精确旧构建树；不移动为另一份可编辑源码,未执行；待用户确认
BUILD-05,B1 旧构建源码快照,可以删除（有前置条件）,目录,精确执行对象,E:/projects/codex/.agent-work/aether/workspace-support/local-docker-20261004/build-04,E:/projects/codex/.agent-work/aether/workspace-support/local-docker-20261004/build-10,,527,3750496,当前镜像对应build-10；这些旧构建快照不在现行runtime挂载中,移除旧构建的完整源码副本；原构建清单/日志及必要差异补丁在外部保留,保护当前源码/镜像/build-10；重查引用与活跃构建；失败证据若需原快照则先保全差异,完整删除精确旧构建树；不移动为另一份可编辑源码,未执行；待用户确认
BUILD-06,B1 旧构建源码快照,可以删除（有前置条件）,目录,精确执行对象,E:/projects/codex/.agent-work/aether/workspace-support/local-docker-20261004/build-05,E:/projects/codex/.agent-work/aether/workspace-support/local-docker-20261004/build-10,,527,3750914,当前镜像对应build-10；这些旧构建快照不在现行runtime挂载中,移除旧构建的完整源码副本；原构建清单/日志及必要差异补丁在外部保留,保护当前源码/镜像/build-10；重查引用与活跃构建；失败证据若需原快照则先保全差异,完整删除精确旧构建树；不移动为另一份可编辑源码,未执行；待用户确认
BUILD-07,B1 旧构建源码快照,可以删除（有前置条件）,目录,精确执行对象,E:/projects/codex/.agent-work/aether/workspace-support/local-docker-20261004/build-06,E:/projects/codex/.agent-work/aether/workspace-support/local-docker-20261004/build-10,,527,3751271,当前镜像对应build-10；这些旧构建快照不在现行runtime挂载中,移除旧构建的完整源码副本；原构建清单/日志及必要差异补丁在外部保留,保护当前源码/镜像/build-10；重查引用与活跃构建；失败证据若需原快照则先保全差异,完整删除精确旧构建树；不移动为另一份可编辑源码,未执行；待用户确认
BUILD-08,B1 旧构建源码快照,可以删除（有前置条件）,目录,精确执行对象,E:/projects/codex/.agent-work/aether/workspace-support/local-docker-20261004/build-07,E:/projects/codex/.agent-work/aether/workspace-support/local-docker-20261004/build-10,,527,3752170,当前镜像对应build-10；这些旧构建快照不在现行runtime挂载中,移除旧构建的完整源码副本；原构建清单/日志及必要差异补丁在外部保留,保护当前源码/镜像/build-10；重查引用与活跃构建；失败证据若需原快照则先保全差异,完整删除精确旧构建树；不移动为另一份可编辑源码,未执行；待用户确认
BUILD-09,B1 旧构建源码快照,可以删除（有前置条件）,目录,精确执行对象,E:/projects/codex/.agent-work/aether/workspace-support/local-docker-20261004/build-08,E:/projects/codex/.agent-work/aether/workspace-support/local-docker-20261004/build-10,,527,3752855,当前镜像对应build-10；这些旧构建快照不在现行runtime挂载中,移除旧构建的完整源码副本；原构建清单/日志及必要差异补丁在外部保留,保护当前源码/镜像/build-10；重查引用与活跃构建；失败证据若需原快照则先保全差异,完整删除精确旧构建树；不移动为另一份可编辑源码,未执行；待用户确认
BUILD-10,B1 旧构建源码快照,可以删除（有前置条件）,目录,精确执行对象,E:/projects/codex/.agent-work/aether/workspace-support/local-docker-20261004/build-09,E:/projects/codex/.agent-work/aether/workspace-support/local-docker-20261004/build-10,,527,3752883,当前镜像对应build-10；这些旧构建快照不在现行runtime挂载中,移除旧构建的完整源码副本；原构建清单/日志及必要差异补丁在外部保留,保护当前源码/镜像/build-10；重查引用与活跃构建；失败证据若需原快照则先保全差异,完整删除精确旧构建树；不移动为另一份可编辑源码,未执行；待用户确认
IMAGE-01,B2 本机中间镜像,可以删除（有前置条件）,本机镜像标签,精确执行对象,aether-p3:local-20261004-10,,f8d33c8e4031,0,,本机所有容器均未引用；未选为当前运行、最新验证或必要回滚镜像,删除本机标签，可能释放无引用层；不删除远程ACR/Git内容，层共享容量不累加,重新核所有含已停止容器的镜像引用；保留当前版本与09验收/回滚镜像，不使用force/prune,逐标签docker image rm；有新增引用时跳过该标签,未执行；待用户确认
IMAGE-02,B2 本机中间镜像,可以删除（有前置条件）,本机镜像标签,精确执行对象,aether-p3:local-tests-20261004-01,,2b7eaddc0dce,0,,本机所有容器均未引用；未选为当前运行、最新验证或必要回滚镜像,删除本机标签，可能释放无引用层；不删除远程ACR/Git内容，层共享容量不累加,重新核所有含已停止容器的镜像引用；保留当前版本与09验收/回滚镜像，不使用force/prune,逐标签docker image rm；有新增引用时跳过该标签,未执行；待用户确认
IMAGE-03,B2 本机中间镜像,可以删除（有前置条件）,本机镜像标签,精确执行对象,aether-p3:local-20261004-08,,b1d7d0f4c67e,0,,本机所有容器均未引用；未选为当前运行、最新验证或必要回滚镜像,删除本机标签，可能释放无引用层；不删除远程ACR/Git内容，层共享容量不累加,重新核所有含已停止容器的镜像引用；保留当前版本与09验收/回滚镜像，不使用force/prune,逐标签docker image rm；有新增引用时跳过该标签,未执行；待用户确认
IMAGE-04,B2 本机中间镜像,可以删除（有前置条件）,本机镜像标签,精确执行对象,aether-p3:local-20261004-07,,cbc0799c10c9,0,,本机所有容器均未引用；未选为当前运行、最新验证或必要回滚镜像,删除本机标签，可能释放无引用层；不删除远程ACR/Git内容，层共享容量不累加,重新核所有含已停止容器的镜像引用；保留当前版本与09验收/回滚镜像，不使用force/prune,逐标签docker image rm；有新增引用时跳过该标签,未执行；待用户确认
IMAGE-05,B2 本机中间镜像,可以删除（有前置条件）,本机镜像标签,精确执行对象,aether-p3:local-20261004-06,,10cc3c542c1b,0,,本机所有容器均未引用；未选为当前运行、最新验证或必要回滚镜像,删除本机标签，可能释放无引用层；不删除远程ACR/Git内容，层共享容量不累加,重新核所有含已停止容器的镜像引用；保留当前版本与09验收/回滚镜像，不使用force/prune,逐标签docker image rm；有新增引用时跳过该标签,未执行；待用户确认
IMAGE-06,B2 本机中间镜像,可以删除（有前置条件）,本机镜像标签,精确执行对象,aether-p3:local-20261004-05,,2e380265328f,0,,本机所有容器均未引用；未选为当前运行、最新验证或必要回滚镜像,删除本机标签，可能释放无引用层；不删除远程ACR/Git内容，层共享容量不累加,重新核所有含已停止容器的镜像引用；保留当前版本与09验收/回滚镜像，不使用force/prune,逐标签docker image rm；有新增引用时跳过该标签,未执行；待用户确认
IMAGE-07,B2 本机中间镜像,可以删除（有前置条件）,本机镜像标签,精确执行对象,aether-p3:local-20261004-04,,8cc5830bd737,0,,本机所有容器均未引用；未选为当前运行、最新验证或必要回滚镜像,删除本机标签，可能释放无引用层；不删除远程ACR/Git内容，层共享容量不累加,重新核所有含已停止容器的镜像引用；保留当前版本与09验收/回滚镜像，不使用force/prune,逐标签docker image rm；有新增引用时跳过该标签,未执行；待用户确认
IMAGE-08,B2 本机中间镜像,可以删除（有前置条件）,本机镜像标签,精确执行对象,aether-p3:local-20261004-03,,3bf5b4228f3a,0,,本机所有容器均未引用；未选为当前运行、最新验证或必要回滚镜像,删除本机标签，可能释放无引用层；不删除远程ACR/Git内容，层共享容量不累加,重新核所有含已停止容器的镜像引用；保留当前版本与09验收/回滚镜像，不使用force/prune,逐标签docker image rm；有新增引用时跳过该标签,未执行；待用户确认
IMAGE-09,B2 本机中间镜像,可以删除（有前置条件）,本机镜像标签,精确执行对象,aether-p3:local-20261004-02,,c034a5f8d304,0,,本机所有容器均未引用；未选为当前运行、最新验证或必要回滚镜像,删除本机标签，可能释放无引用层；不删除远程ACR/Git内容，层共享容量不累加,重新核所有含已停止容器的镜像引用；保留当前版本与09验收/回滚镜像，不使用force/prune,逐标签docker image rm；有新增引用时跳过该标签,未执行；待用户确认
IMAGE-10,B2 本机中间镜像,可以删除（有前置条件）,本机镜像标签,精确执行对象,aether-p3:local-20261004-01,,621afa84d5c1,0,,本机所有容器均未引用；未选为当前运行、最新验证或必要回滚镜像,删除本机标签，可能释放无引用层；不删除远程ACR/Git内容，层共享容量不累加,重新核所有含已停止容器的镜像引用；保留当前版本与09验收/回滚镜像，不使用force/prune,逐标签docker image rm；有新增引用时跳过该标签,未执行；待用户确认
IMAGE-11,B2 本机中间镜像,可以删除（有前置条件）,本机镜像标签,精确执行对象,aether-smoke-0a70a072a6b6-b1-sidecar:latest,,4882a0f866e0,0,,本机所有容器均未引用；未选为当前运行、最新验证或必要回滚镜像,删除本机标签，可能释放无引用层；不删除远程ACR/Git内容，层共享容量不累加,重新核所有含已停止容器的镜像引用；保留当前版本与09验收/回滚镜像，不使用force/prune,逐标签docker image rm；有新增引用时跳过该标签,未执行；待用户确认
IMAGE-12,B2 本机中间镜像,可以删除（有前置条件）,本机镜像标签,精确执行对象,aether-smoke-0a70a072a6b6-p3:latest,,b3ba107e2c8d,0,,本机所有容器均未引用；未选为当前运行、最新验证或必要回滚镜像,删除本机标签，可能释放无引用层；不删除远程ACR/Git内容，层共享容量不累加,重新核所有含已停止容器的镜像引用；保留当前版本与09验收/回滚镜像，不使用force/prune,逐标签docker image rm；有新增引用时跳过该标签,未执行；待用户确认
IMAGE-13,B2 本机中间镜像,可以删除（有前置条件）,本机镜像标签,精确执行对象,aether-smoke-0a70a072a6b6-p3-projection-worker:latest,,bda6b57da552,0,,本机所有容器均未引用；未选为当前运行、最新验证或必要回滚镜像,删除本机标签，可能释放无引用层；不删除远程ACR/Git内容，层共享容量不累加,重新核所有含已停止容器的镜像引用；保留当前版本与09验收/回滚镜像，不使用force/prune,逐标签docker image rm；有新增引用时跳过该标签,未执行；待用户确认
IMAGE-14,B2 本机中间镜像,可以删除（有前置条件）,本机镜像标签,精确执行对象,aether-smoke-0a70a072a6b6-celery-worker:latest,,e9ccdaaf7cdf,0,,本机所有容器均未引用；未选为当前运行、最新验证或必要回滚镜像,删除本机标签，可能释放无引用层；不删除远程ACR/Git内容，层共享容量不累加,重新核所有含已停止容器的镜像引用；保留当前版本与09验收/回滚镜像，不使用force/prune,逐标签docker image rm；有新增引用时跳过该标签,未执行；待用户确认
IMAGE-15,B2 本机中间镜像,可以删除（有前置条件）,本机镜像标签,精确执行对象,aether-smoke-0a70a072a6b6-p3-session-worker:latest,,a46e23a7a2a3,0,,本机所有容器均未引用；未选为当前运行、最新验证或必要回滚镜像,删除本机标签，可能释放无引用层；不删除远程ACR/Git内容，层共享容量不累加,重新核所有含已停止容器的镜像引用；保留当前版本与09验收/回滚镜像，不使用force/prune,逐标签docker image rm；有新增引用时跳过该标签,未执行；待用户确认
IMAGE-16,B2 本机中间镜像,可以删除（有前置条件）,本机镜像标签,精确执行对象,aether-smoke-0a70a072a6b6-p3-demo:latest,,0b1ff65e32ff,0,,本机所有容器均未引用；未选为当前运行、最新验证或必要回滚镜像,删除本机标签，可能释放无引用层；不删除远程ACR/Git内容，层共享容量不累加,重新核所有含已停止容器的镜像引用；保留当前版本与09验收/回滚镜像，不使用force/prune,逐标签docker image rm；有新增引用时跳过该标签,未执行；待用户确认
IMAGE-17,B2 本机中间镜像,可以删除（有前置条件）,本机镜像标签,精确执行对象,aether-smoke-0a70a072a6b6-p3-context-projection-worker:latest,,17a9c2cb08f9,0,,本机所有容器均未引用；未选为当前运行、最新验证或必要回滚镜像,删除本机标签，可能释放无引用层；不删除远程ACR/Git内容，层共享容量不累加,重新核所有含已停止容器的镜像引用；保留当前版本与09验收/回滚镜像，不使用force/prune,逐标签docker image rm；有新增引用时跳过该标签,未执行；待用户确认
IMAGE-18,B2 本机中间镜像,可以删除（有前置条件）,本机镜像标签,精确执行对象,aether-web:local-20261004-04,,e2f383a242e0,0,,本机所有容器均未引用；未选为当前运行、最新验证或必要回滚镜像,删除本机标签，可能释放无引用层；不删除远程ACR/Git内容，层共享容量不累加,重新核所有含已停止容器的镜像引用；保留当前版本与09验收/回滚镜像，不使用force/prune,逐标签docker image rm；有新增引用时跳过该标签,未执行；待用户确认
IMAGE-19,B2 本机中间镜像,可以删除（有前置条件）,本机镜像标签,精确执行对象,aether-web:local-20261004-01,,7d1d6dd3b4c0,0,,本机所有容器均未引用；未选为当前运行、最新验证或必要回滚镜像,删除本机标签，可能释放无引用层；不删除远程ACR/Git内容，层共享容量不累加,重新核所有含已停止容器的镜像引用；保留当前版本与09验收/回滚镜像，不使用force/prune,逐标签docker image rm；有新增引用时跳过该标签,未执行；待用户确认
IMAGE-20,B2 本机中间镜像,可以删除（有前置条件）,本机镜像标签,精确执行对象,aether-web:local-20261004-03,,17c115ef9d72,0,,本机所有容器均未引用；未选为当前运行、最新验证或必要回滚镜像,删除本机标签，可能释放无引用层；不删除远程ACR/Git内容，层共享容量不累加,重新核所有含已停止容器的镜像引用；保留当前版本与09验收/回滚镜像，不使用force/prune,逐标签docker image rm；有新增引用时跳过该标签,未执行；待用户确认
IMAGE-21,B2 本机中间镜像,可以删除（有前置条件）,本机镜像标签,精确执行对象,aether-web:vm-candidate-20261003-01,,0d6bb95f14fa,0,,本机所有容器均未引用；未选为当前运行、最新验证或必要回滚镜像,删除本机标签，可能释放无引用层；不删除远程ACR/Git内容，层共享容量不累加,重新核所有含已停止容器的镜像引用；保留当前版本与09验收/回滚镜像，不使用force/prune,逐标签docker image rm；有新增引用时跳过该标签,未执行；待用户确认
IMAGE-22,B2 本机中间镜像,可以删除（有前置条件）,本机镜像标签,精确执行对象,aether-temporal:local-20261004-02,,fa1ac3eeb541,0,,本机所有容器均未引用；未选为当前运行、最新验证或必要回滚镜像,删除本机标签，可能释放无引用层；不删除远程ACR/Git内容，层共享容量不累加,重新核所有含已停止容器的镜像引用；保留当前版本与09验收/回滚镜像，不使用force/prune,逐标签docker image rm；有新增引用时跳过该标签,未执行；待用户确认
IMAGE-23,B2 本机中间镜像,可以删除（有前置条件）,本机镜像标签,精确执行对象,aether-temporal:local-20261004-04,,986128cd6eaf,0,,本机所有容器均未引用；未选为当前运行、最新验证或必要回滚镜像,删除本机标签，可能释放无引用层；不删除远程ACR/Git内容，层共享容量不累加,重新核所有含已停止容器的镜像引用；保留当前版本与09验收/回滚镜像，不使用force/prune,逐标签docker image rm；有新增引用时跳过该标签,未执行；待用户确认
IMAGE-24,B2 本机中间镜像,可以删除（有前置条件）,本机镜像标签,精确执行对象,aether-temporal:local-20261004-03,,77f0aeedd434,0,,本机所有容器均未引用；未选为当前运行、最新验证或必要回滚镜像,删除本机标签，可能释放无引用层；不删除远程ACR/Git内容，层共享容量不累加,重新核所有含已停止容器的镜像引用；保留当前版本与09验收/回滚镜像，不使用force/prune,逐标签docker image rm；有新增引用时跳过该标签,未执行；待用户确认
IMAGE-25,B2 本机中间镜像,可以删除（有前置条件）,本机镜像标签,精确执行对象,aether-p3:vm-candidate-20261003-01,,d1027c39d88d,0,,本机所有容器均未引用；未选为当前运行、最新验证或必要回滚镜像,删除本机标签，可能释放无引用层；不删除远程ACR/Git内容，层共享容量不累加,重新核所有含已停止容器的镜像引用；保留当前版本与09验收/回滚镜像，不使用force/prune,逐标签docker image rm；有新增引用时跳过该标签,未执行；待用户确认
IMAGE-26,B2 本机中间镜像,可以删除（有前置条件）,本机镜像标签,精确执行对象,aetherp3acr-a0bne7gpetbpdcbq.azurecr.io/aether/p3-validation:storage-20261003-01,,6dd2466a1ec8,0,,本机所有容器均未引用；未选为当前运行、最新验证或必要回滚镜像,删除本机标签，可能释放无引用层；不删除远程ACR/Git内容，层共享容量不累加,重新核所有含已停止容器的镜像引用；保留当前版本与09验收/回滚镜像，不使用force/prune,逐标签docker image rm；有新增引用时跳过该标签,未执行；待用户确认
IMAGE-27,B2 本机中间镜像,可以删除（有前置条件）,本机镜像标签,精确执行对象,aether-p3:cloud-validation-20261003-01,,6dd2466a1ec8,0,,本机所有容器均未引用；未选为当前运行、最新验证或必要回滚镜像,删除本机标签，可能释放无引用层；不删除远程ACR/Git内容，层共享容量不累加,重新核所有含已停止容器的镜像引用；保留当前版本与09验收/回滚镜像，不使用force/prune,逐标签docker image rm；有新增引用时跳过该标签,未执行；待用户确认
IMAGE-28,B2 本机中间镜像,可以删除（有前置条件）,本机镜像标签,精确执行对象,aether-smoke-0a70a072a6b6-engine:latest,,69552a11b208,0,,本机所有容器均未引用；未选为当前运行、最新验证或必要回滚镜像,删除本机标签，可能释放无引用层；不删除远程ACR/Git内容，层共享容量不累加,重新核所有含已停止容器的镜像引用；保留当前版本与09验收/回滚镜像，不使用force/prune,逐标签docker image rm；有新增引用时跳过该标签,未执行；待用户确认
IMAGE-29,B2 本机中间镜像,可以删除（有前置条件）,本机镜像标签,精确执行对象,aether-smoke-11d66e3d7e21-engine:latest,,1b1f78215cd3,0,,本机所有容器均未引用；未选为当前运行、最新验证或必要回滚镜像,删除本机标签，可能释放无引用层；不删除远程ACR/Git内容，层共享容量不累加,重新核所有含已停止容器的镜像引用；保留当前版本与09验收/回滚镜像，不使用force/prune,逐标签docker image rm；有新增引用时跳过该标签,未执行；待用户确认
IMAGE-30,B2 本机中间镜像,可以删除（有前置条件）,本机镜像标签,精确执行对象,aether-smoke-11d66e3d7e21-b1-sidecar:latest,,e1d5b3175186,0,,本机所有容器均未引用；未选为当前运行、最新验证或必要回滚镜像,删除本机标签，可能释放无引用层；不删除远程ACR/Git内容，层共享容量不累加,重新核所有含已停止容器的镜像引用；保留当前版本与09验收/回滚镜像，不使用force/prune,逐标签docker image rm；有新增引用时跳过该标签,未执行；待用户确认
IMAGE-31,B2 本机中间镜像,可以删除（有前置条件）,本机镜像标签,精确执行对象,aether-smoke-11d66e3d7e21-p3:latest,,700ca24bce19,0,,本机所有容器均未引用；未选为当前运行、最新验证或必要回滚镜像,删除本机标签，可能释放无引用层；不删除远程ACR/Git内容，层共享容量不累加,重新核所有含已停止容器的镜像引用；保留当前版本与09验收/回滚镜像，不使用force/prune,逐标签docker image rm；有新增引用时跳过该标签,未执行；待用户确认
IMAGE-32,B2 本机中间镜像,可以删除（有前置条件）,本机镜像标签,精确执行对象,aether-smoke-11d66e3d7e21-p3-demo:latest,,c1ef8b20c344,0,,本机所有容器均未引用；未选为当前运行、最新验证或必要回滚镜像,删除本机标签，可能释放无引用层；不删除远程ACR/Git内容，层共享容量不累加,重新核所有含已停止容器的镜像引用；保留当前版本与09验收/回滚镜像，不使用force/prune,逐标签docker image rm；有新增引用时跳过该标签,未执行；待用户确认
IMAGE-33,B2 本机中间镜像,可以删除（有前置条件）,本机镜像标签,精确执行对象,aether-smoke-11d66e3d7e21-p3-projection-worker:latest,,76ce285b7ead,0,,本机所有容器均未引用；未选为当前运行、最新验证或必要回滚镜像,删除本机标签，可能释放无引用层；不删除远程ACR/Git内容，层共享容量不累加,重新核所有含已停止容器的镜像引用；保留当前版本与09验收/回滚镜像，不使用force/prune,逐标签docker image rm；有新增引用时跳过该标签,未执行；待用户确认
IMAGE-34,B2 本机中间镜像,可以删除（有前置条件）,本机镜像标签,精确执行对象,aether-smoke-11d66e3d7e21-p3-session-worker:latest,,fbaf174fd0df,0,,本机所有容器均未引用；未选为当前运行、最新验证或必要回滚镜像,删除本机标签，可能释放无引用层；不删除远程ACR/Git内容，层共享容量不累加,重新核所有含已停止容器的镜像引用；保留当前版本与09验收/回滚镜像，不使用force/prune,逐标签docker image rm；有新增引用时跳过该标签,未执行；待用户确认
IMAGE-35,B2 本机中间镜像,可以删除（有前置条件）,本机镜像标签,精确执行对象,aether-smoke-11d66e3d7e21-p3-context-projection-worker:latest,,3c19c9cb1e03,0,,本机所有容器均未引用；未选为当前运行、最新验证或必要回滚镜像,删除本机标签，可能释放无引用层；不删除远程ACR/Git内容，层共享容量不累加,重新核所有含已停止容器的镜像引用；保留当前版本与09验收/回滚镜像，不使用force/prune,逐标签docker image rm；有新增引用时跳过该标签,未执行；待用户确认
IMAGE-36,B2 本机中间镜像,可以删除（有前置条件）,本机镜像标签,精确执行对象,aether-smoke-11d66e3d7e21-celery-worker:latest,,849465354a86,0,,本机所有容器均未引用；未选为当前运行、最新验证或必要回滚镜像,删除本机标签，可能释放无引用层；不删除远程ACR/Git内容，层共享容量不累加,重新核所有含已停止容器的镜像引用；保留当前版本与09验收/回滚镜像，不使用force/prune,逐标签docker image rm；有新增引用时跳过该标签,未执行；待用户确认
IMAGE-37,B2 本机中间镜像,可以删除（有前置条件）,本机镜像标签,精确执行对象,aether-p3:azure-interface-20261003-04,,5e55ab3b8ede,0,,本机所有容器均未引用；未选为当前运行、最新验证或必要回滚镜像,删除本机标签，可能释放无引用层；不删除远程ACR/Git内容，层共享容量不累加,重新核所有含已停止容器的镜像引用；保留当前版本与09验收/回滚镜像，不使用force/prune,逐标签docker image rm；有新增引用时跳过该标签,未执行；待用户确认
WT-01,C 源码统一与旧检出退役,可以退役（统一和验证后）,Git工作树检出,精确执行对象,C:/Users/27921/.codex/worktrees/p3-ci-repair/aether,E:/projects/codex/aether/AgentJYS-main,17b6c3e,,,已集成祖先提交；工作树clean,移除重复检出目录和对应工作树登记；仓库.git、对象、分支、stash、远程保留,来源/旧原型/私密材料保全、运行绑定及所有者复查后移除检出；不覆盖正在编辑的文件，不中断活动任务；受管理的工作树遵循应用归档能力,来源保护→单源码与文档入口修订→验证→受管理归档/规范工作树移除；不是手工递归删除.git,未执行；待用户确认
WT-02,C 源码统一与旧检出退役,可以退役（统一和验证后）,Git工作树检出,精确执行对象,C:/Users/27921/.codex/worktrees/p3-recall-embedding-a/aether,E:/projects/codex/aether/AgentJYS-main,ba7c215,,,已集成祖先提交；工作树clean,移除重复检出目录和对应工作树登记；仓库.git、对象、分支、stash、远程保留,来源/旧原型/私密材料保全、运行绑定及所有者复查后移除检出；不覆盖正在编辑的文件，不中断活动任务；受管理的工作树遵循应用归档能力,来源保护→单源码与文档入口修订→验证→受管理归档/规范工作树移除；不是手工递归删除.git,未执行；待用户确认
WT-03,C 源码统一与旧检出退役,可以退役（统一和验证后）,Git工作树检出,精确执行对象,C:/Users/27921/.codex/worktrees/rf-completion-pr/aether,E:/projects/codex/aether/AgentJYS-main,e7a699d,,,已集成祖先提交；工作树clean,移除重复检出目录和对应工作树登记；仓库.git、对象、分支、stash、远程保留,来源/旧原型/私密材料保全、运行绑定及所有者复查后移除检出；不覆盖正在编辑的文件，不中断活动任务；受管理的工作树遵循应用归档能力,来源保护→单源码与文档入口修订→验证→受管理归档/规范工作树移除；不是手工递归删除.git,未执行；待用户确认
WT-04,C 源码统一与旧检出退役,可以退役（统一和验证后）,Git工作树检出,精确执行对象,C:/Users/27921/.codex/worktrees/p3-temporal/aether,E:/projects/codex/aether/AgentJYS-main,f79b6fd,,,与已集成db81fe0的AgentJYS-main Git树完全一致；工作树clean,移除重复检出目录和对应工作树登记；仓库.git、对象、分支、stash、远程保留,旧migration venv可编辑Aether绑定先改到统一源码并验证，再移除检出；不覆盖正在编辑的文件，不中断活动任务；受管理的工作树遵循应用归档能力,来源保护→单源码与文档入口修订→验证→受管理归档/规范工作树移除；不是手工递归删除.git,未执行；待用户确认
WT-05,C 源码统一与旧检出退役,可以退役（统一和验证后）,Git工作树检出,精确执行对象,C:/Users/27921/.codex/worktrees/working-vector/aether,E:/projects/codex/aether/AgentJYS-main,f514ef02,,,226项dirty来源已保护；68项差异均已逐文件静态判定,移除重复检出目录和对应工作树登记；仓库.git、对象、分支、stash、远程保留,语义回归/独有删除与import保全后移除；当前静态判断不等于运行等价；不覆盖正在编辑的文件，不中断活动任务；受管理的工作树遵循应用归档能力,来源保护→单源码与文档入口修订→验证→受管理归档/规范工作树移除；不是手工递归删除.git,未执行；待用户确认
WT-06,C 源码统一与旧检出退役,可以退役（统一和验证后）,Git工作树检出,精确执行对象,C:/Users/27921/.codex/worktrees/p3-production-closure/aether,E:/projects/codex/aether/AgentJYS-main,a106f838,,,当前最新dirty实施来源，尚未合并到主目录,移除重复检出目录和对应工作树登记；仓库.git、对象、分支、stash、远程保留,先统一全部最新源码、两处主目录改动和163 active-only路径并验收，再移除检出；不覆盖正在编辑的文件，不中断活动任务；受管理的工作树遵循应用归档能力,来源保护→单源码与文档入口修订→验证→受管理归档/规范工作树移除；不是手工递归删除.git,未执行；待用户确认
SRC-C01,N1 源码契约待确认,需要确认（本次默认保留）,文件,精确执行对象,E:/projects/codex/aether/AgentJYS-main/src/aether_agent_memory/runtime/flows/supervisor.py,,C:/Users/27921/.codex/worktrees/p3-production-closure/aether/AgentJYS-main/src/aether_agent_memory/runtime/flows/supervisor.py,1,62,无代码/测试 import；Dockerfile:14、Dockerfile.p3:20 COPY；历史 Temporal 迁移设计:24 与当前目录树:969 链接/记录。,可能破坏历史路径或外部 import 假设；真正 TemporalService 在 runtime/temporal/service.py，不在本候选。,历史设计保持原件并注明实现迁移；当前目录树去掉空 shim 条目。,保留；明确契约退役或替代入口后另列删除项,未执行；待用户确认
SRC-C02,N1 源码契约待确认,需要确认（本次默认保留）,文件,精确执行对象,E:/projects/codex/aether/AgentJYS-main/scripts/run_b1_openvino_smoke.py,,C:/Users/27921/.codex/worktrees/p3-production-closure/aether/AgentJYS-main/scripts/run_b1_openvino_smoke.py,1,9633,无内部执行消费者；Dockerfile:16 COPY 与目录树:556/564；文件本身有启动/模型校验意义。,会丢失专门的 OpenVINO 验证路径；零内部引用不能说明这项验收已取消。,先确认用户是否仍保留 OpenVINO 支持/专门验收，并确定替代入口后才退役。,保留；明确契约退役或替代入口后另列删除项,未执行；待用户确认
SRC-C03,N1 源码契约待确认,需要确认（本次默认保留）,文件,精确执行对象,E:/projects/codex/aether/AgentJYS-main/scripts/test_b1_openvino_basic.py,,C:/Users/27921/.codex/worktrees/p3-production-closure/aether/AgentJYS-main/scripts/test_b1_openvino_basic.py,1,7853,无内部执行消费者；Dockerfile:16 COPY 与目录树:556/564；文件本身有启动/模型校验意义。,会丢失专门的 OpenVINO 验证路径；零内部引用不能说明这项验收已取消。,先确认用户是否仍保留 OpenVINO 支持/专门验收，并确定替代入口后才退役。,保留；明确契约退役或替代入口后另列删除项,未执行；待用户确认
SRC-C04,N1 源码契约待确认,需要确认（本次默认保留）,文件,精确执行对象,E:/projects/codex/aether/AgentJYS-main/configs/p3.postgres.example.yaml,,C:/Users/27921/.codex/worktrees/p3-production-closure/aether/AgentJYS-main/configs/p3.postgres.example.yaml,1,295,docs/p3/development/16_PostgreSQL接入与数据迁移.md:42 明确引用；目录树:103。,直接删会形成文档断链并丢失 active 未提交退役说明。,先保全双方；当前文档入口改到受支持的 Azure production bundle/PG 配置；历史材料保留原样。,保留；明确契约退役或替代入口后另列删除项,未执行；待用户确认
SRC-C05,N1 源码契约待确认,需要确认（本次默认保留）,文件,精确执行对象,E:/projects/codex/aether/AgentJYS-main/web/src/api/b1.ts,,C:/Users/27921/.codex/worktrees/p3-production-closure/aether/AgentJYS-main/web/src/api/b1.ts,1,924,api/b1.test.ts:2 依赖；api/b1.ts:3 消费 mock/data；当前 App 不消费。 web/tsconfig.json:23 include 全 src；当前 App.tsx:2-4 消费 DemoPage/Console。,旧 UI 功能契约退出；不能先删测试再声称零消费者，也不能删 shared api/types.ts 或 api/client.ts。,确认旧 B1/抽屉契约不再维护；一次审阅全部十文件。保护全部 demo、monitoring、P4 API/tests 和当前 App。,保留；明确契约退役或替代入口后另列删除项,未执行；待用户确认
SRC-C06,N1 源码契约待确认,需要确认（本次默认保留）,文件,精确执行对象,E:/projects/codex/aether/AgentJYS-main/web/src/api/b1.test.ts,,C:/Users/27921/.codex/worktrees/p3-production-closure/aether/AgentJYS-main/web/src/api/b1.test.ts,1,928,测试入口自动发现此文件；测试显式 import b1.ts:2。 web/tsconfig.json:23 include 全 src；当前 App.tsx:2-4 消费 DemoPage/Console。,旧 UI 功能契约退出；不能先删测试再声称零消费者，也不能删 shared api/types.ts 或 api/client.ts。,确认旧 B1/抽屉契约不再维护；一次审阅全部十文件。保护全部 demo、monitoring、P4 API/tests 和当前 App。,保留；明确契约退役或替代入口后另列删除项,未执行；待用户确认
SRC-C07,N1 源码契约待确认,需要确认（本次默认保留）,文件,精确执行对象,E:/projects/codex/aether/AgentJYS-main/web/src/components/ActionDrawer.tsx,,C:/Users/27921/.codex/worktrees/p3-production-closure/aether/AgentJYS-main/web/src/components/ActionDrawer.tsx,1,1985,ActionDrawer.test.tsx:4 为唯一 JS import；当前 App 不消费。 web/tsconfig.json:23 include 全 src；当前 App.tsx:2-4 消费 DemoPage/Console。,旧 UI 功能契约退出；不能先删测试再声称零消费者，也不能删 shared api/types.ts 或 api/client.ts。,确认旧 B1/抽屉契约不再维护；一次审阅全部十文件。保护全部 demo、monitoring、P4 API/tests 和当前 App。,保留；明确契约退役或替代入口后另列删除项,未执行；待用户确认
SRC-C08,N1 源码契约待确认,需要确认（本次默认保留）,文件,精确执行对象,E:/projects/codex/aether/AgentJYS-main/web/src/components/ActionDrawer.test.tsx,,C:/Users/27921/.codex/worktrees/p3-production-closure/aether/AgentJYS-main/web/src/components/ActionDrawer.test.tsx,1,624,Vitest 自动发现；:3 消费 mock/data，:4 消费组件。 web/tsconfig.json:23 include 全 src；当前 App.tsx:2-4 消费 DemoPage/Console。,旧 UI 功能契约退出；不能先删测试再声称零消费者，也不能删 shared api/types.ts 或 api/client.ts。,确认旧 B1/抽屉契约不再维护；一次审阅全部十文件。保护全部 demo、monitoring、P4 API/tests 和当前 App。,保留；明确契约退役或替代入口后另列删除项,未执行；待用户确认
SRC-C09,N1 源码契约待确认,需要确认（本次默认保留）,文件,精确执行对象,E:/projects/codex/aether/AgentJYS-main/web/src/components/MemoryDrawer.tsx,,C:/Users/27921/.codex/worktrees/p3-production-closure/aether/AgentJYS-main/web/src/components/MemoryDrawer.tsx,1,2092,MemoryDrawer.test.tsx:4 为唯一 JS import；当前 App 不消费。 web/tsconfig.json:23 include 全 src；当前 App.tsx:2-4 消费 DemoPage/Console。,旧 UI 功能契约退出；不能先删测试再声称零消费者，也不能删 shared api/types.ts 或 api/client.ts。,确认旧 B1/抽屉契约不再维护；一次审阅全部十文件。保护全部 demo、monitoring、P4 API/tests 和当前 App。,保留；明确契约退役或替代入口后另列删除项,未执行；待用户确认
SRC-C10,N1 源码契约待确认,需要确认（本次默认保留）,文件,精确执行对象,E:/projects/codex/aether/AgentJYS-main/web/src/components/MemoryDrawer.test.tsx,,C:/Users/27921/.codex/worktrees/p3-production-closure/aether/AgentJYS-main/web/src/components/MemoryDrawer.test.tsx,1,517,Vitest 自动发现；:3 消费 mock/data，:4 消费组件。 web/tsconfig.json:23 include 全 src；当前 App.tsx:2-4 消费 DemoPage/Console。,旧 UI 功能契约退出；不能先删测试再声称零消费者，也不能删 shared api/types.ts 或 api/client.ts。,确认旧 B1/抽屉契约不再维护；一次审阅全部十文件。保护全部 demo、monitoring、P4 API/tests 和当前 App。,保留；明确契约退役或替代入口后另列删除项,未执行；待用户确认
SRC-C11,N1 源码契约待确认,需要确认（本次默认保留）,文件,精确执行对象,E:/projects/codex/aether/AgentJYS-main/web/src/components/SystemStatus.tsx,,C:/Users/27921/.codex/worktrees/p3-production-closure/aether/AgentJYS-main/web/src/components/SystemStatus.tsx,1,4191,SystemStatus.test.tsx:5 为唯一 JS import；自身:14 消费 utils/status。 web/tsconfig.json:23 include 全 src；当前 App.tsx:2-4 消费 DemoPage/Console。,旧 UI 功能契约退出；不能先删测试再声称零消费者，也不能删 shared api/types.ts 或 api/client.ts。,确认旧 B1/抽屉契约不再维护；一次审阅全部十文件。保护全部 demo、monitoring、P4 API/tests 和当前 App。,保留；明确契约退役或替代入口后另列删除项,未执行；待用户确认
SRC-C12,N1 源码契约待确认,需要确认（本次默认保留）,文件,精确执行对象,E:/projects/codex/aether/AgentJYS-main/web/src/components/SystemStatus.test.tsx,,C:/Users/27921/.codex/worktrees/p3-production-closure/aether/AgentJYS-main/web/src/components/SystemStatus.test.tsx,1,678,Vitest 自动发现；:3 mock/data，:4 utils/status，:5 组件。 web/tsconfig.json:23 include 全 src；当前 App.tsx:2-4 消费 DemoPage/Console。,旧 UI 功能契约退出；不能先删测试再声称零消费者，也不能删 shared api/types.ts 或 api/client.ts。,确认旧 B1/抽屉契约不再维护；一次审阅全部十文件。保护全部 demo、monitoring、P4 API/tests 和当前 App。,保留；明确契约退役或替代入口后另列删除项,未执行；待用户确认
SRC-C13,N1 源码契约待确认,需要确认（本次默认保留）,文件,精确执行对象,E:/projects/codex/aether/AgentJYS-main/web/src/mock/data.ts,,C:/Users/27921/.codex/worktrees/p3-production-closure/aether/AgentJYS-main/web/src/mock/data.ts,1,6100,api/b1.ts:3 与三旧组件测试:3 共四个 JS 消费者。 web/tsconfig.json:23 include 全 src；当前 App.tsx:2-4 消费 DemoPage/Console。,旧 UI 功能契约退出；不能先删测试再声称零消费者，也不能删 shared api/types.ts 或 api/client.ts。,确认旧 B1/抽屉契约不再维护；一次审阅全部十文件。保护全部 demo、monitoring、P4 API/tests 和当前 App。,保留；明确契约退役或替代入口后另列删除项,未执行；待用户确认
SRC-C14,N1 源码契约待确认,需要确认（本次默认保留）,文件,精确执行对象,E:/projects/codex/aether/AgentJYS-main/web/src/utils/status.ts,,C:/Users/27921/.codex/worktrees/p3-production-closure/aether/AgentJYS-main/web/src/utils/status.ts,1,420,SystemStatus.tsx:14 与 SystemStatus.test.tsx:4 两个 JS 消费者。 web/tsconfig.json:23 include 全 src；当前 App.tsx:2-4 消费 DemoPage/Console。,旧 UI 功能契约退出；不能先删测试再声称零消费者，也不能删 shared api/types.ts 或 api/client.ts。,确认旧 B1/抽屉契约不再维护；一次审阅全部十文件。保护全部 demo、monitoring、P4 API/tests 和当前 App。,保留；明确契约退役或替代入口后另列删除项,未执行；待用户确认
MAT-DUP-01,N2 资料去重待确认,需要确认（本次默认保留）,文件,精确执行对象,E:/projects/codex/aether/项目资料/2026.9.16 和p2开会对接接口准备文档/副本RECALL-P2接口字段表_共用正文读取适配版_显示修正 - 副本.xlsx,E:/projects/codex/aether/项目资料/2026.9.16 和p2开会对接接口准备文档/副本RECALL-P2接口字段表_共用正文读取适配版_显示修正.xlsx,,1,99118,"两份均99,118字节，SHA256完全一致；明确保留无额外副本后缀者",取消一个额外副本或历史版本名称；主资料保留,保留原件且用户确认额外副本无需保持独立；删除前重哈希,保留；用户选定副本与命名后再去重,未执行；待用户确认
MAT-DUP-02,N2 资料去重待确认,需要确认（本次默认保留）,文件,精确执行对象,E:/projects/codex/aether/项目资料/分工与项目理解/总设计/AetherStore_P3_三组功能总表_V0.1.md,E:/projects/codex/aether/项目资料/分工与项目理解/总设计/AetherStore_P3_功能总表_V1.0.md,,1,46537,"两份46,537字节且哈希完全一致；不同版本名可能保留历史语义",取消一个额外副本或历史版本名称；主资料保留,用户决定历史命名无需分别保留后才可去重,保留；用户选定副本与命名后再去重,未执行；待用户确认
N-LOCK-01,N3 打开文件/锁,需要确认（本次默认保留）,Office锁文件,精确执行对象,E:/projects/codex/aether/~$therBrain_P3_PRD_V1.3(6).docx,,,1,162,锁文件用途与编辑会话未被证实已结束,可能影响用户正在编辑的Office文件,用户关闭/明确该锁已废弃后复查；不结束应用、不强制覆盖,保留,未执行；待用户确认
TEST-STATE-001,N4 历史测试状态,需要确认（本次默认保留）,目录,精确执行对象,E:/projects/codex/.agent-work/aether/workspace-support/ag_23447155,,,1555,75779527,历史测试/临时state用途已定位，但失败、未完成和持久数据的去留仍需按案例核查,失去旧测试数据库、执行状态或问题复现条件；正式原始证据与Unknown必须保留,逐树确认可重建、无运行绑定且无未解失败/Unknown；必要差异或数据证据先受控保全,保留；本次整体审批不授权删除317个状态目录,未执行；待用户确认
TEST-STATE-002,N4 历史测试状态,需要确认（本次默认保留）,目录,精确执行对象,E:/projects/codex/.agent-work/aether/workspace-support/ag_4367c4db,,,1520,74572584,历史测试/临时state用途已定位，但失败、未完成和持久数据的去留仍需按案例核查,失去旧测试数据库、执行状态或问题复现条件；正式原始证据与Unknown必须保留,逐树确认可重建、无运行绑定且无未解失败/Unknown；必要差异或数据证据先受控保全,保留；本次整体审批不授权删除317个状态目录,未执行；待用户确认
TEST-STATE-003,N4 历史测试状态,需要确认（本次默认保留）,目录,精确执行对象,E:/projects/codex/.agent-work/aether/workspace-support/ag_53d9d6a9,,,455,287173070,历史测试/临时state用途已定位，但失败、未完成和持久数据的去留仍需按案例核查,失去旧测试数据库、执行状态或问题复现条件；正式原始证据与Unknown必须保留,逐树确认可重建、无运行绑定且无未解失败/Unknown；必要差异或数据证据先受控保全,保留；本次整体审批不授权删除317个状态目录,未执行；待用户确认
TEST-STATE-004,N4 历史测试状态,需要确认（本次默认保留）,目录,精确执行对象,E:/projects/codex/.agent-work/aether/workspace-support/ag_61e6e244,,,2097,314336221,历史测试/临时state用途已定位，但失败、未完成和持久数据的去留仍需按案例核查,失去旧测试数据库、执行状态或问题复现条件；正式原始证据与Unknown必须保留,逐树确认可重建、无运行绑定且无未解失败/Unknown；必要差异或数据证据先受控保全,保留；本次整体审批不授权删除317个状态目录,未执行；待用户确认
TEST-STATE-005,N4 历史测试状态,需要确认（本次默认保留）,目录,精确执行对象,E:/projects/codex/.agent-work/aether/workspace-support/ag_a3498df0,,,1486,73460283,历史测试/临时state用途已定位，但失败、未完成和持久数据的去留仍需按案例核查,失去旧测试数据库、执行状态或问题复现条件；正式原始证据与Unknown必须保留,逐树确认可重建、无运行绑定且无未解失败/Unknown；必要差异或数据证据先受控保全,保留；本次整体审批不授权删除317个状态目录,未执行；待用户确认
TEST-STATE-006,N4 历史测试状态,需要确认（本次默认保留）,目录,精确执行对象,E:/projects/codex/.agent-work/aether/workspace-support/ag_dedeef24,,,520,28382379,历史测试/临时state用途已定位，但失败、未完成和持久数据的去留仍需按案例核查,失去旧测试数据库、执行状态或问题复现条件；正式原始证据与Unknown必须保留,逐树确认可重建、无运行绑定且无未解失败/Unknown；必要差异或数据证据先受控保全,保留；本次整体审批不授权删除317个状态目录,未执行；待用户确认
TEST-STATE-007,N4 历史测试状态,需要确认（本次默认保留）,目录,精确执行对象,E:/projects/codex/.agent-work/aether/workspace-support/asb01,,,24,1118208,历史测试/临时state用途已定位，但失败、未完成和持久数据的去留仍需按案例核查,失去旧测试数据库、执行状态或问题复现条件；正式原始证据与Unknown必须保留,逐树确认可重建、无运行绑定且无未解失败/Unknown；必要差异或数据证据先受控保全,保留；本次整体审批不授权删除317个状态目录,未执行；待用户确认
TEST-STATE-008,N4 历史测试状态,需要确认（本次默认保留）,目录,精确执行对象,E:/projects/codex/.agent-work/aether/workspace-support/asg01,,,29,1265664,历史测试/临时state用途已定位，但失败、未完成和持久数据的去留仍需按案例核查,失去旧测试数据库、执行状态或问题复现条件；正式原始证据与Unknown必须保留,逐树确认可重建、无运行绑定且无未解失败/Unknown；必要差异或数据证据先受控保全,保留；本次整体审批不授权删除317个状态目录,未执行；待用户确认
TEST-STATE-009,N4 历史测试状态,需要确认（本次默认保留）,目录,精确执行对象,E:/projects/codex/.agent-work/aether/workspace-support/ast_01f2da20b,,,28,1291,历史测试/临时state用途已定位，但失败、未完成和持久数据的去留仍需按案例核查,失去旧测试数据库、执行状态或问题复现条件；正式原始证据与Unknown必须保留,逐树确认可重建、无运行绑定且无未解失败/Unknown；必要差异或数据证据先受控保全,保留；本次整体审批不授权删除317个状态目录,未执行；待用户确认
TEST-STATE-010,N4 历史测试状态,需要确认（本次默认保留）,目录,精确执行对象,E:/projects/codex/.agent-work/aether/workspace-support/ast_08259bd63,,,5,230,历史测试/临时state用途已定位，但失败、未完成和持久数据的去留仍需按案例核查,失去旧测试数据库、执行状态或问题复现条件；正式原始证据与Unknown必须保留,逐树确认可重建、无运行绑定且无未解失败/Unknown；必要差异或数据证据先受控保全,保留；本次整体审批不授权删除317个状态目录,未执行；待用户确认
TEST-STATE-011,N4 历史测试状态,需要确认（本次默认保留）,目录,精确执行对象,E:/projects/codex/.agent-work/aether/workspace-support/ast_0b58123e3,,,48,2212780,历史测试/临时state用途已定位，但失败、未完成和持久数据的去留仍需按案例核查,失去旧测试数据库、执行状态或问题复现条件；正式原始证据与Unknown必须保留,逐树确认可重建、无运行绑定且无未解失败/Unknown；必要差异或数据证据先受控保全,保留；本次整体审批不授权删除317个状态目录,未执行；待用户确认
TEST-STATE-012,N4 历史测试状态,需要确认（本次默认保留）,目录,精确执行对象,E:/projects/codex/.agent-work/aether/workspace-support/ast_0d67e441a,,,33,1323935,历史测试/临时state用途已定位，但失败、未完成和持久数据的去留仍需按案例核查,失去旧测试数据库、执行状态或问题复现条件；正式原始证据与Unknown必须保留,逐树确认可重建、无运行绑定且无未解失败/Unknown；必要差异或数据证据先受控保全,保留；本次整体审批不授权删除317个状态目录,未执行；待用户确认
TEST-STATE-013,N4 历史测试状态,需要确认（本次默认保留）,目录,精确执行对象,E:/projects/codex/.agent-work/aether/workspace-support/ast_10c243c3f,,,5,746800,历史测试/临时state用途已定位，但失败、未完成和持久数据的去留仍需按案例核查,失去旧测试数据库、执行状态或问题复现条件；正式原始证据与Unknown必须保留,逐树确认可重建、无运行绑定且无未解失败/Unknown；必要差异或数据证据先受控保全,保留；本次整体审批不授权删除317个状态目录,未执行；待用户确认
TEST-STATE-014,N4 历史测试状态,需要确认（本次默认保留）,目录,精确执行对象,E:/projects/codex/.agent-work/aether/workspace-support/ast_141891e9c,,,143,68526469,历史测试/临时state用途已定位，但失败、未完成和持久数据的去留仍需按案例核查,失去旧测试数据库、执行状态或问题复现条件；正式原始证据与Unknown必须保留,逐树确认可重建、无运行绑定且无未解失败/Unknown；必要差异或数据证据先受控保全,保留；本次整体审批不授权删除317个状态目录,未执行；待用户确认
TEST-STATE-015,N4 历史测试状态,需要确认（本次默认保留）,目录,精确执行对象,E:/projects/codex/.agent-work/aether/workspace-support/ast_1454db5f8,,,44,124717,历史测试/临时state用途已定位，但失败、未完成和持久数据的去留仍需按案例核查,失去旧测试数据库、执行状态或问题复现条件；正式原始证据与Unknown必须保留,逐树确认可重建、无运行绑定且无未解失败/Unknown；必要差异或数据证据先受控保全,保留；本次整体审批不授权删除317个状态目录,未执行；待用户确认
TEST-STATE-016,N4 历史测试状态,需要确认（本次默认保留）,目录,精确执行对象,E:/projects/codex/.agent-work/aether/workspace-support/ast_16d24c29d,,,9,205727,历史测试/临时state用途已定位，但失败、未完成和持久数据的去留仍需按案例核查,失去旧测试数据库、执行状态或问题复现条件；正式原始证据与Unknown必须保留,逐树确认可重建、无运行绑定且无未解失败/Unknown；必要差异或数据证据先受控保全,保留；本次整体审批不授权删除317个状态目录,未执行；待用户确认
TEST-STATE-017,N4 历史测试状态,需要确认（本次默认保留）,目录,精确执行对象,E:/projects/codex/.agent-work/aether/workspace-support/ast_1a4d441df,,,3,106496,历史测试/临时state用途已定位，但失败、未完成和持久数据的去留仍需按案例核查,失去旧测试数据库、执行状态或问题复现条件；正式原始证据与Unknown必须保留,逐树确认可重建、无运行绑定且无未解失败/Unknown；必要差异或数据证据先受控保全,保留；本次整体审批不授权删除317个状态目录,未执行；待用户确认
TEST-STATE-018,N4 历史测试状态,需要确认（本次默认保留）,目录,精确执行对象,E:/projects/codex/.agent-work/aether/workspace-support/ast_24c93283a,,,5,750896,历史测试/临时state用途已定位，但失败、未完成和持久数据的去留仍需按案例核查,失去旧测试数据库、执行状态或问题复现条件；正式原始证据与Unknown必须保留,逐树确认可重建、无运行绑定且无未解失败/Unknown；必要差异或数据证据先受控保全,保留；本次整体审批不授权删除317个状态目录,未执行；待用户确认
TEST-STATE-019,N4 历史测试状态,需要确认（本次默认保留）,目录,精确执行对象,E:/projects/codex/.agent-work/aether/workspace-support/ast_273a67196,,,3,179,历史测试/临时state用途已定位，但失败、未完成和持久数据的去留仍需按案例核查,失去旧测试数据库、执行状态或问题复现条件；正式原始证据与Unknown必须保留,逐树确认可重建、无运行绑定且无未解失败/Unknown；必要差异或数据证据先受控保全,保留；本次整体审批不授权删除317个状态目录,未执行；待用户确认
TEST-STATE-020,N4 历史测试状态,需要确认（本次默认保留）,目录,精确执行对象,E:/projects/codex/.agent-work/aether/workspace-support/ast_2a7a09eb5,,,8,841261,历史测试/临时state用途已定位，但失败、未完成和持久数据的去留仍需按案例核查,失去旧测试数据库、执行状态或问题复现条件；正式原始证据与Unknown必须保留,逐树确认可重建、无运行绑定且无未解失败/Unknown；必要差异或数据证据先受控保全,保留；本次整体审批不授权删除317个状态目录,未执行；待用户确认
TEST-STATE-021,N4 历史测试状态,需要确认（本次默认保留）,目录,精确执行对象,E:/projects/codex/.agent-work/aether/workspace-support/ast_30c3eb994,,,32,1372160,历史测试/临时state用途已定位，但失败、未完成和持久数据的去留仍需按案例核查,失去旧测试数据库、执行状态或问题复现条件；正式原始证据与Unknown必须保留,逐树确认可重建、无运行绑定且无未解失败/Unknown；必要差异或数据证据先受控保全,保留；本次整体审批不授权删除317个状态目录,未执行；待用户确认
TEST-STATE-022,N4 历史测试状态,需要确认（本次默认保留）,目录,精确执行对象,E:/projects/codex/.agent-work/aether/workspace-support/ast_3779f7831,,,4,118784,历史测试/临时state用途已定位，但失败、未完成和持久数据的去留仍需按案例核查,失去旧测试数据库、执行状态或问题复现条件；正式原始证据与Unknown必须保留,逐树确认可重建、无运行绑定且无未解失败/Unknown；必要差异或数据证据先受控保全,保留；本次整体审批不授权删除317个状态目录,未执行；待用户确认
TEST-STATE-023,N4 历史测试状态,需要确认（本次默认保留）,目录,精确执行对象,E:/projects/codex/.agent-work/aether/workspace-support/ast_3f9d8a12f,,,34,124262,历史测试/临时state用途已定位，但失败、未完成和持久数据的去留仍需按案例核查,失去旧测试数据库、执行状态或问题复现条件；正式原始证据与Unknown必须保留,逐树确认可重建、无运行绑定且无未解失败/Unknown；必要差异或数据证据先受控保全,保留；本次整体审批不授权删除317个状态目录,未执行；待用户确认
TEST-STATE-024,N4 历史测试状态,需要确认（本次默认保留）,目录,精确执行对象,E:/projects/codex/.agent-work/aether/workspace-support/ast_464b44868,,,21,1876633,历史测试/临时state用途已定位，但失败、未完成和持久数据的去留仍需按案例核查,失去旧测试数据库、执行状态或问题复现条件；正式原始证据与Unknown必须保留,逐树确认可重建、无运行绑定且无未解失败/Unknown；必要差异或数据证据先受控保全,保留；本次整体审批不授权删除317个状态目录,未执行；待用户确认
TEST-STATE-025,N4 历史测试状态,需要确认（本次默认保留）,目录,精确执行对象,E:/projects/codex/.agent-work/aether/workspace-support/ast_485f352ac,,,74,2781033,历史测试/临时state用途已定位，但失败、未完成和持久数据的去留仍需按案例核查,失去旧测试数据库、执行状态或问题复现条件；正式原始证据与Unknown必须保留,逐树确认可重建、无运行绑定且无未解失败/Unknown；必要差异或数据证据先受控保全,保留；本次整体审批不授权删除317个状态目录,未执行；待用户确认
TEST-STATE-026,N4 历史测试状态,需要确认（本次默认保留）,目录,精确执行对象,E:/projects/codex/.agent-work/aether/workspace-support/ast_55f2d7e4a,,,44,124717,历史测试/临时state用途已定位，但失败、未完成和持久数据的去留仍需按案例核查,失去旧测试数据库、执行状态或问题复现条件；正式原始证据与Unknown必须保留,逐树确认可重建、无运行绑定且无未解失败/Unknown；必要差异或数据证据先受控保全,保留；本次整体审批不授权删除317个状态目录,未执行；待用户确认
TEST-STATE-027,N4 历史测试状态,需要确认（本次默认保留）,目录,精确执行对象,E:/projects/codex/.agent-work/aether/workspace-support/ast_586e6e21f,,,37,1915894,历史测试/临时state用途已定位，但失败、未完成和持久数据的去留仍需按案例核查,失去旧测试数据库、执行状态或问题复现条件；正式原始证据与Unknown必须保留,逐树确认可重建、无运行绑定且无未解失败/Unknown；必要差异或数据证据先受控保全,保留；本次整体审批不授权删除317个状态目录,未执行；待用户确认
TEST-STATE-028,N4 历史测试状态,需要确认（本次默认保留）,目录,精确执行对象,E:/projects/codex/.agent-work/aether/workspace-support/ast_693583a5f,,,78,821092,历史测试/临时state用途已定位，但失败、未完成和持久数据的去留仍需按案例核查,失去旧测试数据库、执行状态或问题复现条件；正式原始证据与Unknown必须保留,逐树确认可重建、无运行绑定且无未解失败/Unknown；必要差异或数据证据先受控保全,保留；本次整体审批不授权删除317个状态目录,未执行；待用户确认
TEST-STATE-029,N4 历史测试状态,需要确认（本次默认保留）,目录,精确执行对象,E:/projects/codex/.agent-work/aether/workspace-support/ast_6aefba116,,,287,39038002,历史测试/临时state用途已定位，但失败、未完成和持久数据的去留仍需按案例核查,失去旧测试数据库、执行状态或问题复现条件；正式原始证据与Unknown必须保留,逐树确认可重建、无运行绑定且无未解失败/Unknown；必要差异或数据证据先受控保全,保留；本次整体审批不授权删除317个状态目录,未执行；待用户确认
TEST-STATE-030,N4 历史测试状态,需要确认（本次默认保留）,目录,精确执行对象,E:/projects/codex/.agent-work/aether/workspace-support/ast_6c674c4fe,,,237,113121024,历史测试/临时state用途已定位，但失败、未完成和持久数据的去留仍需按案例核查,失去旧测试数据库、执行状态或问题复现条件；正式原始证据与Unknown必须保留,逐树确认可重建、无运行绑定且无未解失败/Unknown；必要差异或数据证据先受控保全,保留；本次整体审批不授权删除317个状态目录,未执行；待用户确认
TEST-STATE-031,N4 历史测试状态,需要确认（本次默认保留）,目录,精确执行对象,E:/projects/codex/.agent-work/aether/workspace-support/ast_6d12b9c81,,,83,3477161,历史测试/临时state用途已定位，但失败、未完成和持久数据的去留仍需按案例核查,失去旧测试数据库、执行状态或问题复现条件；正式原始证据与Unknown必须保留,逐树确认可重建、无运行绑定且无未解失败/Unknown；必要差异或数据证据先受控保全,保留；本次整体审批不授权删除317个状态目录,未执行；待用户确认
TEST-STATE-032,N4 历史测试状态,需要确认（本次默认保留）,目录,精确执行对象,E:/projects/codex/.agent-work/aether/workspace-support/ast_783c4cd99,,,151,11451274,历史测试/临时state用途已定位，但失败、未完成和持久数据的去留仍需按案例核查,失去旧测试数据库、执行状态或问题复现条件；正式原始证据与Unknown必须保留,逐树确认可重建、无运行绑定且无未解失败/Unknown；必要差异或数据证据先受控保全,保留；本次整体审批不授权删除317个状态目录,未执行；待用户确认
TEST-STATE-033,N4 历史测试状态,需要确认（本次默认保留）,目录,精确执行对象,E:/projects/codex/.agent-work/aether/workspace-support/ast_7957867a3,,,133,5289925,历史测试/临时state用途已定位，但失败、未完成和持久数据的去留仍需按案例核查,失去旧测试数据库、执行状态或问题复现条件；正式原始证据与Unknown必须保留,逐树确认可重建、无运行绑定且无未解失败/Unknown；必要差异或数据证据先受控保全,保留；本次整体审批不授权删除317个状态目录,未执行；待用户确认
TEST-STATE-034,N4 历史测试状态,需要确认（本次默认保留）,目录,精确执行对象,E:/projects/codex/.agent-work/aether/workspace-support/ast_7d95e3f6e,,,5,754992,历史测试/临时state用途已定位，但失败、未完成和持久数据的去留仍需按案例核查,失去旧测试数据库、执行状态或问题复现条件；正式原始证据与Unknown必须保留,逐树确认可重建、无运行绑定且无未解失败/Unknown；必要差异或数据证据先受控保全,保留；本次整体审批不授权删除317个状态目录,未执行；待用户确认
TEST-STATE-035,N4 历史测试状态,需要确认（本次默认保留）,目录,精确执行对象,E:/projects/codex/.agent-work/aether/workspace-support/ast_85ae433f4,,,9,205727,历史测试/临时state用途已定位，但失败、未完成和持久数据的去留仍需按案例核查,失去旧测试数据库、执行状态或问题复现条件；正式原始证据与Unknown必须保留,逐树确认可重建、无运行绑定且无未解失败/Unknown；必要差异或数据证据先受控保全,保留；本次整体审批不授权删除317个状态目录,未执行；待用户确认
TEST-STATE-036,N4 历史测试状态,需要确认（本次默认保留）,目录,精确执行对象,E:/projects/codex/.agent-work/aether/workspace-support/ast_8d2de43ce,,,221,85101100,历史测试/临时state用途已定位，但失败、未完成和持久数据的去留仍需按案例核查,失去旧测试数据库、执行状态或问题复现条件；正式原始证据与Unknown必须保留,逐树确认可重建、无运行绑定且无未解失败/Unknown；必要差异或数据证据先受控保全,保留；本次整体审批不授权删除317个状态目录,未执行；待用户确认
TEST-STATE-037,N4 历史测试状态,需要确认（本次默认保留）,目录,精确执行对象,E:/projects/codex/.agent-work/aether/workspace-support/ast_a55d4ae1f,,,33,1323935,历史测试/临时state用途已定位，但失败、未完成和持久数据的去留仍需按案例核查,失去旧测试数据库、执行状态或问题复现条件；正式原始证据与Unknown必须保留,逐树确认可重建、无运行绑定且无未解失败/Unknown；必要差异或数据证据先受控保全,保留；本次整体审批不授权删除317个状态目录,未执行；待用户确认
TEST-STATE-038,N4 历史测试状态,需要确认（本次默认保留）,目录,精确执行对象,E:/projects/codex/.agent-work/aether/workspace-support/ast_a65e08dbd,,,44,124717,历史测试/临时state用途已定位，但失败、未完成和持久数据的去留仍需按案例核查,失去旧测试数据库、执行状态或问题复现条件；正式原始证据与Unknown必须保留,逐树确认可重建、无运行绑定且无未解失败/Unknown；必要差异或数据证据先受控保全,保留；本次整体审批不授权删除317个状态目录,未执行；待用户确认
TEST-STATE-039,N4 历史测试状态,需要确认（本次默认保留）,目录,精确执行对象,E:/projects/codex/.agent-work/aether/workspace-support/ast_a6d9a0e64,,,9,13029041,历史测试/临时state用途已定位，但失败、未完成和持久数据的去留仍需按案例核查,失去旧测试数据库、执行状态或问题复现条件；正式原始证据与Unknown必须保留,逐树确认可重建、无运行绑定且无未解失败/Unknown；必要差异或数据证据先受控保全,保留；本次整体审批不授权删除317个状态目录,未执行；待用户确认
TEST-STATE-040,N4 历史测试状态,需要确认（本次默认保留）,目录,精确执行对象,E:/projects/codex/.agent-work/aether/workspace-support/ast_add3ff589,,,4,58271,历史测试/临时state用途已定位，但失败、未完成和持久数据的去留仍需按案例核查,失去旧测试数据库、执行状态或问题复现条件；正式原始证据与Unknown必须保留,逐树确认可重建、无运行绑定且无未解失败/Unknown；必要差异或数据证据先受控保全,保留；本次整体审批不授权删除317个状态目录,未执行；待用户确认
TEST-STATE-041,N4 历史测试状态,需要确认（本次默认保留）,目录,精确执行对象,E:/projects/codex/.agent-work/aether/workspace-support/ast_af18aa991,,,39,1167425,历史测试/临时state用途已定位，但失败、未完成和持久数据的去留仍需按案例核查,失去旧测试数据库、执行状态或问题复现条件；正式原始证据与Unknown必须保留,逐树确认可重建、无运行绑定且无未解失败/Unknown；必要差异或数据证据先受控保全,保留；本次整体审批不授权删除317个状态目录,未执行；待用户确认
TEST-STATE-042,N4 历史测试状态,需要确认（本次默认保留）,目录,精确执行对象,E:/projects/codex/.agent-work/aether/workspace-support/ast_afe493319,,,37,1743,历史测试/临时state用途已定位，但失败、未完成和持久数据的去留仍需按案例核查,失去旧测试数据库、执行状态或问题复现条件；正式原始证据与Unknown必须保留,逐树确认可重建、无运行绑定且无未解失败/Unknown；必要差异或数据证据先受控保全,保留；本次整体审批不授权删除317个状态目录,未执行；待用户确认
TEST-STATE-043,N4 历史测试状态,需要确认（本次默认保留）,目录,精确执行对象,E:/projects/codex/.agent-work/aether/workspace-support/ast_b1e0a831f,,,5,754992,历史测试/临时state用途已定位，但失败、未完成和持久数据的去留仍需按案例核查,失去旧测试数据库、执行状态或问题复现条件；正式原始证据与Unknown必须保留,逐树确认可重建、无运行绑定且无未解失败/Unknown；必要差异或数据证据先受控保全,保留；本次整体审批不授权删除317个状态目录,未执行；待用户确认
TEST-STATE-044,N4 历史测试状态,需要确认（本次默认保留）,目录,精确执行对象,E:/projects/codex/.agent-work/aether/workspace-support/ast_b29f8b14e,,,51,14077,历史测试/临时state用途已定位，但失败、未完成和持久数据的去留仍需按案例核查,失去旧测试数据库、执行状态或问题复现条件；正式原始证据与Unknown必须保留,逐树确认可重建、无运行绑定且无未解失败/Unknown；必要差异或数据证据先受控保全,保留；本次整体审批不授权删除317个状态目录,未执行；待用户确认
TEST-STATE-045,N4 历史测试状态,需要确认（本次默认保留）,目录,精确执行对象,E:/projects/codex/.agent-work/aether/workspace-support/ast_b5ed3c7d0,,,116,12373108,历史测试/临时state用途已定位，但失败、未完成和持久数据的去留仍需按案例核查,失去旧测试数据库、执行状态或问题复现条件；正式原始证据与Unknown必须保留,逐树确认可重建、无运行绑定且无未解失败/Unknown；必要差异或数据证据先受控保全,保留；本次整体审批不授权删除317个状态目录,未执行；待用户确认
TEST-STATE-046,N4 历史测试状态,需要确认（本次默认保留）,目录,精确执行对象,E:/projects/codex/.agent-work/aether/workspace-support/ast_b63094949,,,5,750896,历史测试/临时state用途已定位，但失败、未完成和持久数据的去留仍需按案例核查,失去旧测试数据库、执行状态或问题复现条件；正式原始证据与Unknown必须保留,逐树确认可重建、无运行绑定且无未解失败/Unknown；必要差异或数据证据先受控保全,保留；本次整体审批不授权删除317个状态目录,未执行；待用户确认
TEST-STATE-047,N4 历史测试状态,需要确认（本次默认保留）,目录,精确执行对象,E:/projects/codex/.agent-work/aether/workspace-support/ast_baa367f4b,,,34,124262,历史测试/临时state用途已定位，但失败、未完成和持久数据的去留仍需按案例核查,失去旧测试数据库、执行状态或问题复现条件；正式原始证据与Unknown必须保留,逐树确认可重建、无运行绑定且无未解失败/Unknown；必要差异或数据证据先受控保全,保留；本次整体审批不授权删除317个状态目录,未执行；待用户确认
TEST-STATE-048,N4 历史测试状态,需要确认（本次默认保留）,目录,精确执行对象,E:/projects/codex/.agent-work/aether/workspace-support/ast_beff30608,,,44,124717,历史测试/临时state用途已定位，但失败、未完成和持久数据的去留仍需按案例核查,失去旧测试数据库、执行状态或问题复现条件；正式原始证据与Unknown必须保留,逐树确认可重建、无运行绑定且无未解失败/Unknown；必要差异或数据证据先受控保全,保留；本次整体审批不授权删除317个状态目录,未执行；待用户确认
TEST-STATE-049,N4 历史测试状态,需要确认（本次默认保留）,目录,精确执行对象,E:/projects/codex/.agent-work/aether/workspace-support/ast_c23dd140e,,,58,3446844,历史测试/临时state用途已定位，但失败、未完成和持久数据的去留仍需按案例核查,失去旧测试数据库、执行状态或问题复现条件；正式原始证据与Unknown必须保留,逐树确认可重建、无运行绑定且无未解失败/Unknown；必要差异或数据证据先受控保全,保留；本次整体审批不授权删除317个状态目录,未执行；待用户确认
TEST-STATE-050,N4 历史测试状态,需要确认（本次默认保留）,目录,精确执行对象,E:/projects/codex/.agent-work/aether/workspace-support/ast_c2b303f3e,,,4,122880,历史测试/临时state用途已定位，但失败、未完成和持久数据的去留仍需按案例核查,失去旧测试数据库、执行状态或问题复现条件；正式原始证据与Unknown必须保留,逐树确认可重建、无运行绑定且无未解失败/Unknown；必要差异或数据证据先受控保全,保留；本次整体审批不授权删除317个状态目录,未执行；待用户确认
TEST-STATE-051,N4 历史测试状态,需要确认（本次默认保留）,目录,精确执行对象,E:/projects/codex/.agent-work/aether/workspace-support/ast_d904bf4bd,,,4,182,历史测试/临时state用途已定位，但失败、未完成和持久数据的去留仍需按案例核查,失去旧测试数据库、执行状态或问题复现条件；正式原始证据与Unknown必须保留,逐树确认可重建、无运行绑定且无未解失败/Unknown；必要差异或数据证据先受控保全,保留；本次整体审批不授权删除317个状态目录,未执行；待用户确认
TEST-STATE-052,N4 历史测试状态,需要确认（本次默认保留）,目录,精确执行对象,E:/projects/codex/.agent-work/aether/workspace-support/ast_f5ca9186e,,,472,17918765,历史测试/临时state用途已定位，但失败、未完成和持久数据的去留仍需按案例核查,失去旧测试数据库、执行状态或问题复现条件；正式原始证据与Unknown必须保留,逐树确认可重建、无运行绑定且无未解失败/Unknown；必要差异或数据证据先受控保全,保留；本次整体审批不授权删除317个状态目录,未执行；待用户确认
TEST-STATE-053,N4 历史测试状态,需要确认（本次默认保留）,目录,精确执行对象,E:/projects/codex/.agent-work/aether/workspace-support/ast_f82c54d9d,,,133,5289616,历史测试/临时state用途已定位，但失败、未完成和持久数据的去留仍需按案例核查,失去旧测试数据库、执行状态或问题复现条件；正式原始证据与Unknown必须保留,逐树确认可重建、无运行绑定且无未解失败/Unknown；必要差异或数据证据先受控保全,保留；本次整体审批不授权删除317个状态目录,未执行；待用户确认
TEST-STATE-054,N4 历史测试状态,需要确认（本次默认保留）,目录,精确执行对象,E:/projects/codex/.agent-work/aether/workspace-support/ast_fb9b49c93,,,17,1199242,历史测试/临时state用途已定位，但失败、未完成和持久数据的去留仍需按案例核查,失去旧测试数据库、执行状态或问题复现条件；正式原始证据与Unknown必须保留,逐树确认可重建、无运行绑定且无未解失败/Unknown；必要差异或数据证据先受控保全,保留；本次整体审批不授权删除317个状态目录,未执行；待用户确认
TEST-STATE-055,N4 历史测试状态,需要确认（本次默认保留）,目录,精确执行对象,E:/projects/codex/.agent-work/aether/workspace-support/ast_fdf5ed423,,,4,58271,历史测试/临时state用途已定位，但失败、未完成和持久数据的去留仍需按案例核查,失去旧测试数据库、执行状态或问题复现条件；正式原始证据与Unknown必须保留,逐树确认可重建、无运行绑定且无未解失败/Unknown；必要差异或数据证据先受控保全,保留；本次整体审批不授权删除317个状态目录,未执行；待用户确认
TEST-STATE-056,N4 历史测试状态,需要确认（本次默认保留）,目录,精确执行对象,E:/projects/codex/.agent-work/aether/workspace-support/ast_fe8cba18c,,,5,759088,历史测试/临时state用途已定位，但失败、未完成和持久数据的去留仍需按案例核查,失去旧测试数据库、执行状态或问题复现条件；正式原始证据与Unknown必须保留,逐树确认可重建、无运行绑定且无未解失败/Unknown；必要差异或数据证据先受控保全,保留；本次整体审批不授权删除317个状态目录,未执行；待用户确认
TEST-STATE-057,N4 历史测试状态,需要确认（本次默认保留）,目录,精确执行对象,E:/projects/codex/.agent-work/aether/workspace-support/pc-cache-exact-bytes-red,,,16,908492,历史测试/临时state用途已定位，但失败、未完成和持久数据的去留仍需按案例核查,失去旧测试数据库、执行状态或问题复现条件；正式原始证据与Unknown必须保留,逐树确认可重建、无运行绑定且无未解失败/Unknown；必要差异或数据证据先受控保全,保留；本次整体审批不授权删除317个状态目录,未执行；待用户确认
TEST-STATE-058,N4 历史测试状态,需要确认（本次默认保留）,目录,精确执行对象,E:/projects/codex/.agent-work/aether/workspace-support/pc-client-admission-boundaries-red,,,93,10004112,历史测试/临时state用途已定位，但失败、未完成和持久数据的去留仍需按案例核查,失去旧测试数据库、执行状态或问题复现条件；正式原始证据与Unknown必须保留,逐树确认可重建、无运行绑定且无未解失败/Unknown；必要差异或数据证据先受控保全,保留；本次整体审批不授权删除317个状态目录,未执行；待用户确认
TEST-STATE-059,N4 历史测试状态,需要确认（本次默认保留）,目录,精确执行对象,E:/projects/codex/.agent-work/aether/workspace-support/pc-client-admission-final-regression,,,1079,214442365,历史测试/临时state用途已定位，但失败、未完成和持久数据的去留仍需按案例核查,失去旧测试数据库、执行状态或问题复现条件；正式原始证据与Unknown必须保留,逐树确认可重建、无运行绑定且无未解失败/Unknown；必要差异或数据证据先受控保全,保留；本次整体审批不授权删除317个状态目录,未执行；待用户确认
TEST-STATE-060,N4 历史测试状态,需要确认（本次默认保留）,目录,精确执行对象,E:/projects/codex/.agent-work/aether/workspace-support/pc-client-admission-inflight,,,7,1172707,历史测试/临时state用途已定位，但失败、未完成和持久数据的去留仍需按案例核查,失去旧测试数据库、执行状态或问题复现条件；正式原始证据与Unknown必须保留,逐树确认可重建、无运行绑定且无未解失败/Unknown；必要差异或数据证据先受控保全,保留；本次整体审批不授权删除317个状态目录,未执行；待用户确认
TEST-STATE-061,N4 历史测试状态,需要确认（本次默认保留）,目录,精确执行对象,E:/projects/codex/.agent-work/aether/workspace-support/pc-client-admission-initial,,,257,14729705,历史测试/临时state用途已定位，但失败、未完成和持久数据的去留仍需按案例核查,失去旧测试数据库、执行状态或问题复现条件；正式原始证据与Unknown必须保留,逐树确认可重建、无运行绑定且无未解失败/Unknown；必要差异或数据证据先受控保全,保留；本次整体审批不授权删除317个状态目录,未执行；待用户确认
TEST-STATE-062,N4 历史测试状态,需要确认（本次默认保留）,目录,精确执行对象,E:/projects/codex/.agent-work/aether/workspace-support/pc-client-admission-integration,,,553,37059121,历史测试/临时state用途已定位，但失败、未完成和持久数据的去留仍需按案例核查,失去旧测试数据库、执行状态或问题复现条件；正式原始证据与Unknown必须保留,逐树确认可重建、无运行绑定且无未解失败/Unknown；必要差异或数据证据先受控保全,保留；本次整体审批不授权删除317个状态目录,未执行；待用户确认
TEST-STATE-063,N4 历史测试状态,需要确认（本次默认保留）,目录,精确执行对象,E:/projects/codex/.agent-work/aether/workspace-support/pc-client-admission-preflight-red,,,124,11443633,历史测试/临时state用途已定位，但失败、未完成和持久数据的去留仍需按案例核查,失去旧测试数据库、执行状态或问题复现条件；正式原始证据与Unknown必须保留,逐树确认可重建、无运行绑定且无未解失败/Unknown；必要差异或数据证据先受控保全,保留；本次整体审批不授权删除317个状态目录,未执行；待用户确认
TEST-STATE-064,N4 历史测试状态,需要确认（本次默认保留）,目录,精确执行对象,E:/projects/codex/.agent-work/aether/workspace-support/pc-client-admission-races,,,168,14331996,历史测试/临时state用途已定位，但失败、未完成和持久数据的去留仍需按案例核查,失去旧测试数据库、执行状态或问题复现条件；正式原始证据与Unknown必须保留,逐树确认可重建、无运行绑定且无未解失败/Unknown；必要差异或数据证据先受控保全,保留；本次整体审批不授权删除317个状态目录,未执行；待用户确认
TEST-STATE-065,N4 历史测试状态,需要确认（本次默认保留）,目录,精确执行对象,E:/projects/codex/.agent-work/aether/workspace-support/pc-client-admission-red,,,37,2087936,历史测试/临时state用途已定位，但失败、未完成和持久数据的去留仍需按案例核查,失去旧测试数据库、执行状态或问题复现条件；正式原始证据与Unknown必须保留,逐树确认可重建、无运行绑定且无未解失败/Unknown；必要差异或数据证据先受控保全,保留；本次整体审批不授权删除317个状态目录,未执行；待用户确认
TEST-STATE-066,N4 历史测试状态,需要确认（本次默认保留）,目录,精确执行对象,E:/projects/codex/.agent-work/aether/workspace-support/pc-client-definition-extended,,,82,4174696,历史测试/临时state用途已定位，但失败、未完成和持久数据的去留仍需按案例核查,失去旧测试数据库、执行状态或问题复现条件；正式原始证据与Unknown必须保留,逐树确认可重建、无运行绑定且无未解失败/Unknown；必要差异或数据证据先受控保全,保留；本次整体审批不授权删除317个状态目录,未执行；待用户确认
TEST-STATE-067,N4 历史测试状态,需要确认（本次默认保留）,目录,精确执行对象,E:/projects/codex/.agent-work/aether/workspace-support/pc-client-definition-final-regression,,,725,169729895,历史测试/临时state用途已定位，但失败、未完成和持久数据的去留仍需按案例核查,失去旧测试数据库、执行状态或问题复现条件；正式原始证据与Unknown必须保留,逐树确认可重建、无运行绑定且无未解失败/Unknown；必要差异或数据证据先受控保全,保留；本次整体审批不授权删除317个状态目录,未执行；待用户确认
TEST-STATE-068,N4 历史测试状态,需要确认（本次默认保留）,目录,精确执行对象,E:/projects/codex/.agent-work/aether/workspace-support/pc-client-definition-format-confirmation,,,12,11241633,历史测试/临时state用途已定位，但失败、未完成和持久数据的去留仍需按案例核查,失去旧测试数据库、执行状态或问题复现条件；正式原始证据与Unknown必须保留,逐树确认可重建、无运行绑定且无未解失败/Unknown；必要差异或数据证据先受控保全,保留；本次整体审批不授权删除317个状态目录,未执行；待用户确认
TEST-STATE-069,N4 历史测试状态,需要确认（本次默认保留）,目录,精确执行对象,E:/projects/codex/.agent-work/aether/workspace-support/pc-client-definition-p3-initial,,,191,7610290,历史测试/临时state用途已定位，但失败、未完成和持久数据的去留仍需按案例核查,失去旧测试数据库、执行状态或问题复现条件；正式原始证据与Unknown必须保留,逐树确认可重建、无运行绑定且无未解失败/Unknown；必要差异或数据证据先受控保全,保留；本次整体审批不授权删除317个状态目录,未执行；待用户确认
TEST-STATE-070,N4 历史测试状态,需要确认（本次默认保留）,目录,精确执行对象,E:/projects/codex/.agent-work/aether/workspace-support/pc-client-definition-p4-initial,,,52,3116104,历史测试/临时state用途已定位，但失败、未完成和持久数据的去留仍需按案例核查,失去旧测试数据库、执行状态或问题复现条件；正式原始证据与Unknown必须保留,逐树确认可重建、无运行绑定且无未解失败/Unknown；必要差异或数据证据先受控保全,保留；本次整体审批不授权删除317个状态目录,未执行；待用户确认
TEST-STATE-071,N4 历史测试状态,需要确认（本次默认保留）,目录,精确执行对象,E:/projects/codex/.agent-work/aether/workspace-support/pc-client-definition-preflight-final,,,237,149417008,历史测试/临时state用途已定位，但失败、未完成和持久数据的去留仍需按案例核查,失去旧测试数据库、执行状态或问题复现条件；正式原始证据与Unknown必须保留,逐树确认可重建、无运行绑定且无未解失败/Unknown；必要差异或数据证据先受控保全,保留；本次整体审批不授权删除317个状态目录,未执行；待用户确认
TEST-STATE-072,N4 历史测试状态,需要确认（本次默认保留）,目录,精确执行对象,E:/projects/codex/.agent-work/aether/workspace-support/pc-client-definition-preflight-red,,,12,11221147,历史测试/临时state用途已定位，但失败、未完成和持久数据的去留仍需按案例核查,失去旧测试数据库、执行状态或问题复现条件；正式原始证据与Unknown必须保留,逐树确认可重建、无运行绑定且无未解失败/Unknown；必要差异或数据证据先受控保全,保留；本次整体审批不授权删除317个状态目录,未执行；待用户确认
TEST-STATE-073,N4 历史测试状态,需要确认（本次默认保留）,目录,精确执行对象,E:/projects/codex/.agent-work/aether/workspace-support/pc-client-definition-red,,,27,1492043,历史测试/临时state用途已定位，但失败、未完成和持久数据的去留仍需按案例核查,失去旧测试数据库、执行状态或问题复现条件；正式原始证据与Unknown必须保留,逐树确认可重建、无运行绑定且无未解失败/Unknown；必要差异或数据证据先受控保全,保留；本次整体审批不授权删除317个状态目录,未执行；待用户确认
TEST-STATE-074,N4 历史测试状态,需要确认（本次默认保留）,目录,精确执行对象,E:/projects/codex/.agent-work/aether/workspace-support/pc-client-input-archive-green-initial,,,37,1842190,历史测试/临时state用途已定位，但失败、未完成和持久数据的去留仍需按案例核查,失去旧测试数据库、执行状态或问题复现条件；正式原始证据与Unknown必须保留,逐树确认可重建、无运行绑定且无未解失败/Unknown；必要差异或数据证据先受控保全,保留；本次整体审批不授权删除317个状态目录,未执行；待用户确认
TEST-STATE-075,N4 历史测试状态,需要确认（本次默认保留）,目录,精确执行对象,E:/projects/codex/.agent-work/aether/workspace-support/pc-client-input-archive-header-corrected,,,37,1879057,历史测试/临时state用途已定位，但失败、未完成和持久数据的去留仍需按案例核查,失去旧测试数据库、执行状态或问题复现条件；正式原始证据与Unknown必须保留,逐树确认可重建、无运行绑定且无未解失败/Unknown；必要差异或数据证据先受控保全,保留；本次整体审批不授权删除317个状态目录,未执行；待用户确认
TEST-STATE-076,N4 历史测试状态,需要确认（本次默认保留）,目录,精确执行对象,E:/projects/codex/.agent-work/aether/workspace-support/pc-client-input-archive-p4-corrected,,,82,4153655,历史测试/临时state用途已定位，但失败、未完成和持久数据的去留仍需按案例核查,失去旧测试数据库、执行状态或问题复现条件；正式原始证据与Unknown必须保留,逐树确认可重建、无运行绑定且无未解失败/Unknown；必要差异或数据证据先受控保全,保留；本次整体审批不授权删除317个状态目录,未执行；待用户确认
TEST-STATE-077,N4 历史测试状态,需要确认（本次默认保留）,目录,精确执行对象,E:/projects/codex/.agent-work/aether/workspace-support/pc-client-input-archive-red,,,37,1825796,历史测试/临时state用途已定位，但失败、未完成和持久数据的去留仍需按案例核查,失去旧测试数据库、执行状态或问题复现条件；正式原始证据与Unknown必须保留,逐树确认可重建、无运行绑定且无未解失败/Unknown；必要差异或数据证据先受控保全,保留；本次整体审批不授权删除317个状态目录,未执行；待用户确认
TEST-STATE-078,N4 历史测试状态,需要确认（本次默认保留）,目录,精确执行对象,E:/projects/codex/.agent-work/aether/workspace-support/pc-client-input-authorization-red,,,17,1186974,历史测试/临时state用途已定位，但失败、未完成和持久数据的去留仍需按案例核查,失去旧测试数据库、执行状态或问题复现条件；正式原始证据与Unknown必须保留,逐树确认可重建、无运行绑定且无未解失败/Unknown；必要差异或数据证据先受控保全,保留；本次整体审批不授权删除317个状态目录,未执行；待用户确认
TEST-STATE-079,N4 历史测试状态,需要确认（本次默认保留）,目录,精确执行对象,E:/projects/codex/.agent-work/aether/workspace-support/pc-client-input-boundary-regression,,,118,5880788,历史测试/临时state用途已定位，但失败、未完成和持久数据的去留仍需按案例核查,失去旧测试数据库、执行状态或问题复现条件；正式原始证据与Unknown必须保留,逐树确认可重建、无运行绑定且无未解失败/Unknown；必要差异或数据证据先受控保全,保留；本次整体审批不授权删除317个状态目录,未执行；待用户确认
TEST-STATE-080,N4 历史测试状态,需要确认（本次默认保留）,目录,精确执行对象,E:/projects/codex/.agent-work/aether/workspace-support/pc-client-input-final-regression,,,651,165768336,历史测试/临时state用途已定位，但失败、未完成和持久数据的去留仍需按案例核查,失去旧测试数据库、执行状态或问题复现条件；正式原始证据与Unknown必须保留,逐树确认可重建、无运行绑定且无未解失败/Unknown；必要差异或数据证据先受控保全,保留；本次整体审批不授权删除317个状态目录,未执行；待用户确认
TEST-STATE-081,N4 历史测试状态,需要确认（本次默认保留）,目录,精确执行对象,E:/projects/codex/.agent-work/aether/workspace-support/pc-client-input-owner-and-wire-green,,,62,2752340,历史测试/临时state用途已定位，但失败、未完成和持久数据的去留仍需按案例核查,失去旧测试数据库、执行状态或问题复现条件；正式原始证据与Unknown必须保留,逐树确认可重建、无运行绑定且无未解失败/Unknown；必要差异或数据证据先受控保全,保留；本次整体审批不授权删除317个状态目录,未执行；待用户确认
TEST-STATE-082,N4 历史测试状态,需要确认（本次默认保留）,目录,精确执行对象,E:/projects/codex/.agent-work/aether/workspace-support/pc-client-input-owner-replay-red,,,12,1018050,历史测试/临时state用途已定位，但失败、未完成和持久数据的去留仍需按案例核查,失去旧测试数据库、执行状态或问题复现条件；正式原始证据与Unknown必须保留,逐树确认可重建、无运行绑定且无未解失败/Unknown；必要差异或数据证据先受控保全,保留；本次整体审批不授权删除317个状态目录,未执行；待用户确认
TEST-STATE-083,N4 历史测试状态,需要确认（本次默认保留）,目录,精确执行对象,E:/projects/codex/.agent-work/aether/workspace-support/pc-client-input-retry-and-p4-green,,,67,3679021,历史测试/临时state用途已定位，但失败、未完成和持久数据的去留仍需按案例核查,失去旧测试数据库、执行状态或问题复现条件；正式原始证据与Unknown必须保留,逐树确认可重建、无运行绑定且无未解失败/Unknown；必要差异或数据证据先受控保全,保留；本次整体审批不授权删除317个状态目录,未执行；待用户确认
TEST-STATE-084,N4 历史测试状态,需要确认（本次默认保留）,目录,精确执行对象,E:/projects/codex/.agent-work/aether/workspace-support/pc-client-input-retry-and-p4-red,,,25,13787613,历史测试/临时state用途已定位，但失败、未完成和持久数据的去留仍需按案例核查,失去旧测试数据库、执行状态或问题复现条件；正式原始证据与Unknown必须保留,逐树确认可重建、无运行绑定且无未解失败/Unknown；必要差异或数据证据先受控保全,保留；本次整体审批不授权删除317个状态目录,未执行；待用户确认
TEST-STATE-085,N4 历史测试状态,需要确认（本次默认保留）,目录,精确执行对象,E:/projects/codex/.agent-work/aether/workspace-support/pc-client-scopes-boundaries,,,402,156485484,历史测试/临时state用途已定位，但失败、未完成和持久数据的去留仍需按案例核查,失去旧测试数据库、执行状态或问题复现条件；正式原始证据与Unknown必须保留,逐树确认可重建、无运行绑定且无未解失败/Unknown；必要差异或数据证据先受控保全,保留；本次整体审批不授权删除317个状态目录,未执行；待用户确认
TEST-STATE-086,N4 历史测试状态,需要确认（本次默认保留）,目录,精确执行对象,E:/projects/codex/.agent-work/aether/workspace-support/pc-client-scopes-final-boundaries,,,133,13489541,历史测试/临时state用途已定位，但失败、未完成和持久数据的去留仍需按案例核查,失去旧测试数据库、执行状态或问题复现条件；正式原始证据与Unknown必须保留,逐树确认可重建、无运行绑定且无未解失败/Unknown；必要差异或数据证据先受控保全,保留；本次整体审批不授权删除317个状态目录,未执行；待用户确认
TEST-STATE-087,N4 历史测试状态,需要确认（本次默认保留）,目录,精确执行对象,E:/projects/codex/.agent-work/aether/workspace-support/pc-client-scopes-final-regression,,,1210,224178066,历史测试/临时state用途已定位，但失败、未完成和持久数据的去留仍需按案例核查,失去旧测试数据库、执行状态或问题复现条件；正式原始证据与Unknown必须保留,逐树确认可重建、无运行绑定且无未解失败/Unknown；必要差异或数据证据先受控保全,保留；本次整体审批不授权删除317个状态目录,未执行；待用户确认
TEST-STATE-088,N4 历史测试状态,需要确认（本次默认保留）,目录,精确执行对象,E:/projects/codex/.agent-work/aether/workspace-support/pc-client-scopes-initial,,,42,2506716,历史测试/临时state用途已定位，但失败、未完成和持久数据的去留仍需按案例核查,失去旧测试数据库、执行状态或问题复现条件；正式原始证据与Unknown必须保留,逐树确认可重建、无运行绑定且无未解失败/Unknown；必要差异或数据证据先受控保全,保留；本次整体审批不授权删除317个状态目录,未执行；待用户确认
TEST-STATE-089,N4 历史测试状态,需要确认（本次默认保留）,目录,精确执行对象,E:/projects/codex/.agent-work/aether/workspace-support/pc-client-scopes-red,,,43,2023912,历史测试/临时state用途已定位，但失败、未完成和持久数据的去留仍需按案例核查,失去旧测试数据库、执行状态或问题复现条件；正式原始证据与Unknown必须保留,逐树确认可重建、无运行绑定且无未解失败/Unknown；必要差异或数据证据先受控保全,保留；本次整体审批不授权删除317个状态目录,未执行；待用户确认
TEST-STATE-090,N4 历史测试状态,需要确认（本次默认保留）,目录,精确执行对象,E:/projects/codex/.agent-work/aether/workspace-support/pc-client-states-boundaries-red,,,152,6128821,历史测试/临时state用途已定位，但失败、未完成和持久数据的去留仍需按案例核查,失去旧测试数据库、执行状态或问题复现条件；正式原始证据与Unknown必须保留,逐树确认可重建、无运行绑定且无未解失败/Unknown；必要差异或数据证据先受控保全,保留；本次整体审批不授权删除317个状态目录,未执行；待用户确认
TEST-STATE-091,N4 历史测试状态,需要确认（本次默认保留）,目录,精确执行对象,E:/projects/codex/.agent-work/aether/workspace-support/pc-client-states-final-boundaries,,,289,11097370,历史测试/临时state用途已定位，但失败、未完成和持久数据的去留仍需按案例核查,失去旧测试数据库、执行状态或问题复现条件；正式原始证据与Unknown必须保留,逐树确认可重建、无运行绑定且无未解失败/Unknown；必要差异或数据证据先受控保全,保留；本次整体审批不授权删除317个状态目录,未执行；待用户确认
TEST-STATE-092,N4 历史测试状态,需要确认（本次默认保留）,目录,精确执行对象,E:/projects/codex/.agent-work/aether/workspace-support/pc-client-states-initial,,,304,20703348,历史测试/临时state用途已定位，但失败、未完成和持久数据的去留仍需按案例核查,失去旧测试数据库、执行状态或问题复现条件；正式原始证据与Unknown必须保留,逐树确认可重建、无运行绑定且无未解失败/Unknown；必要差异或数据证据先受控保全,保留；本次整体审批不授权删除317个状态目录,未执行；待用户确认
TEST-STATE-093,N4 历史测试状态,需要确认（本次默认保留）,目录,精确执行对象,E:/projects/codex/.agent-work/aether/workspace-support/pc-client-states-red,,,134,15036034,历史测试/临时state用途已定位，但失败、未完成和持久数据的去留仍需按案例核查,失去旧测试数据库、执行状态或问题复现条件；正式原始证据与Unknown必须保留,逐树确认可重建、无运行绑定且无未解失败/Unknown；必要差异或数据证据先受控保全,保留；本次整体审批不授权删除317个状态目录,未执行；待用户确认
TEST-STATE-094,N4 历史测试状态,需要确认（本次默认保留）,目录,精确执行对象,E:/projects/codex/.agent-work/aether/workspace-support/pc-client-states-review-red,,,220,8725237,历史测试/临时state用途已定位，但失败、未完成和持久数据的去留仍需按案例核查,失去旧测试数据库、执行状态或问题复现条件；正式原始证据与Unknown必须保留,逐树确认可重建、无运行绑定且无未解失败/Unknown；必要差异或数据证据先受控保全,保留；本次整体审批不授权删除317个状态目录,未执行；待用户确认
TEST-STATE-095,N4 历史测试状态,需要确认（本次默认保留）,目录,精确执行对象,E:/projects/codex/.agent-work/aether/workspace-support/pc-closed-control-order-green-01,,,14,1104066,历史测试/临时state用途已定位，但失败、未完成和持久数据的去留仍需按案例核查,失去旧测试数据库、执行状态或问题复现条件；正式原始证据与Unknown必须保留,逐树确认可重建、无运行绑定且无未解失败/Unknown；必要差异或数据证据先受控保全,保留；本次整体审批不授权删除317个状态目录,未执行；待用户确认
TEST-STATE-096,N4 历史测试状态,需要确认（本次默认保留）,目录,精确执行对象,E:/projects/codex/.agent-work/aether/workspace-support/pc-closed-control-order-red-01,,,14,1108160,历史测试/临时state用途已定位，但失败、未完成和持久数据的去留仍需按案例核查,失去旧测试数据库、执行状态或问题复现条件；正式原始证据与Unknown必须保留,逐树确认可重建、无运行绑定且无未解失败/Unknown；必要差异或数据证据先受控保全,保留；本次整体审批不授权删除317个状态目录,未执行；待用户确认
TEST-STATE-097,N4 历史测试状态,需要确认（本次默认保留）,目录,精确执行对象,E:/projects/codex/.agent-work/aether/workspace-support/pc-closed-control-order-red-02,,,14,1108160,历史测试/临时state用途已定位，但失败、未完成和持久数据的去留仍需按案例核查,失去旧测试数据库、执行状态或问题复现条件；正式原始证据与Unknown必须保留,逐树确认可重建、无运行绑定且无未解失败/Unknown；必要差异或数据证据先受控保全,保留；本次整体审批不授权删除317个状态目录,未执行；待用户确认
TEST-STATE-098,N4 历史测试状态,需要确认（本次默认保留）,目录,精确执行对象,E:/projects/codex/.agent-work/aether/workspace-support/pc-demos-baseline,,,12,1152049,历史测试/临时state用途已定位，但失败、未完成和持久数据的去留仍需按案例核查,失去旧测试数据库、执行状态或问题复现条件；正式原始证据与Unknown必须保留,逐树确认可重建、无运行绑定且无未解失败/Unknown；必要差异或数据证据先受控保全,保留；本次整体审批不授权删除317个状态目录,未执行；待用户确认
TEST-STATE-099,N4 历史测试状态,需要确认（本次默认保留）,目录,精确执行对象,E:/projects/codex/.agent-work/aether/workspace-support/pc-demos-configured-first,,,27,1569178,历史测试/临时state用途已定位，但失败、未完成和持久数据的去留仍需按案例核查,失去旧测试数据库、执行状态或问题复现条件；正式原始证据与Unknown必须保留,逐树确认可重建、无运行绑定且无未解失败/Unknown；必要差异或数据证据先受控保全,保留；本次整体审批不授权删除317个状态目录,未执行；待用户确认
TEST-STATE-100,N4 历史测试状态,需要确认（本次默认保留）,目录,精确执行对象,E:/projects/codex/.agent-work/aether/workspace-support/pc-demos-configured-second,,,44,8828424,历史测试/临时state用途已定位，但失败、未完成和持久数据的去留仍需按案例核查,失去旧测试数据库、执行状态或问题复现条件；正式原始证据与Unknown必须保留,逐树确认可重建、无运行绑定且无未解失败/Unknown；必要差异或数据证据先受控保全,保留；本次整体审批不授权删除317个状态目录,未执行；待用户确认
TEST-STATE-101,N4 历史测试状态,需要确认（本次默认保留）,目录,精确执行对象,E:/projects/codex/.agent-work/aether/workspace-support/pc-demos-configured-third,,,47,20767083,历史测试/临时state用途已定位，但失败、未完成和持久数据的去留仍需按案例核查,失去旧测试数据库、执行状态或问题复现条件；正式原始证据与Unknown必须保留,逐树确认可重建、无运行绑定且无未解失败/Unknown；必要差异或数据证据先受控保全,保留；本次整体审批不授权删除317个状态目录,未执行；待用户确认
TEST-STATE-102,N4 历史测试状态,需要确认（本次默认保留）,目录,精确执行对象,E:/projects/codex/.agent-work/aether/workspace-support/pc-demos-current-p2-fixed,,,60,20159868,历史测试/临时state用途已定位，但失败、未完成和持久数据的去留仍需按案例核查,失去旧测试数据库、执行状态或问题复现条件；正式原始证据与Unknown必须保留,逐树确认可重建、无运行绑定且无未解失败/Unknown；必要差异或数据证据先受控保全,保留；本次整体审批不授权删除317个状态目录,未执行；待用户确认
TEST-STATE-103,N4 历史测试状态,需要确认（本次默认保留）,目录,精确执行对象,E:/projects/codex/.agent-work/aether/workspace-support/pc-demos-current-p2-ready,,,65,38593409,历史测试/临时state用途已定位，但失败、未完成和持久数据的去留仍需按案例核查,失去旧测试数据库、执行状态或问题复现条件；正式原始证据与Unknown必须保留,逐树确认可重建、无运行绑定且无未解失败/Unknown；必要差异或数据证据先受控保全,保留；本次整体审批不授权删除317个状态目录,未执行；待用户确认
TEST-STATE-104,N4 历史测试状态,需要确认（本次默认保留）,目录,精确执行对象,E:/projects/codex/.agent-work/aether/workspace-support/pc-demos-explicit-red,,,11,1143822,历史测试/临时state用途已定位，但失败、未完成和持久数据的去留仍需按案例核查,失去旧测试数据库、执行状态或问题复现条件；正式原始证据与Unknown必须保留,逐树确认可重建、无运行绑定且无未解失败/Unknown；必要差异或数据证据先受控保全,保留；本次整体审批不授权删除317个状态目录,未执行；待用户确认
TEST-STATE-105,N4 历史测试状态,需要确认（本次默认保留）,目录,精确执行对象,E:/projects/codex/.agent-work/aether/workspace-support/pc-full-fixes-body-and-path,,,19,6754732,历史测试/临时state用途已定位，但失败、未完成和持久数据的去留仍需按案例核查,失去旧测试数据库、执行状态或问题复现条件；正式原始证据与Unknown必须保留,逐树确认可重建、无运行绑定且无未解失败/Unknown；必要差异或数据证据先受控保全,保留；本次整体审批不授权删除317个状态目录,未执行；待用户确认
TEST-STATE-106,N4 历史测试状态,需要确认（本次默认保留）,目录,精确执行对象,E:/projects/codex/.agent-work/aether/workspace-support/pc-full-fixes-process-identity,,,211,10864057,历史测试/临时state用途已定位，但失败、未完成和持久数据的去留仍需按案例核查,失去旧测试数据库、执行状态或问题复现条件；正式原始证据与Unknown必须保留,逐树确认可重建、无运行绑定且无未解失败/Unknown；必要差异或数据证据先受控保全,保留；本次整体审批不授权删除317个状态目录,未执行；待用户确认
TEST-STATE-107,N4 历史测试状态,需要确认（本次默认保留）,目录,精确执行对象,E:/projects/codex/.agent-work/aether/workspace-support/pc-full-python-gate-initial,,,2556,699388561,历史测试/临时state用途已定位，但失败、未完成和持久数据的去留仍需按案例核查,失去旧测试数据库、执行状态或问题复现条件；正式原始证据与Unknown必须保留,逐树确认可重建、无运行绑定且无未解失败/Unknown；必要差异或数据证据先受控保全,保留；本次整体审批不授权删除317个状态目录,未执行；待用户确认
TEST-STATE-108,N4 历史测试状态,需要确认（本次默认保留）,目录,精确执行对象,E:/projects/codex/.agent-work/aether/workspace-support/pc-full-python-gate-repaired,,,2738,750204102,历史测试/临时state用途已定位，但失败、未完成和持久数据的去留仍需按案例核查,失去旧测试数据库、执行状态或问题复现条件；正式原始证据与Unknown必须保留,逐树确认可重建、无运行绑定且无未解失败/Unknown；必要差异或数据证据先受控保全,保留；本次整体审批不授权删除317个状态目录,未执行；待用户确认
TEST-STATE-109,N4 历史测试状态,需要确认（本次默认保留）,目录,精确执行对象,E:/projects/codex/.agent-work/aether/workspace-support/pc-gateway-headers-upload-red,,,29,1203406,历史测试/临时state用途已定位，但失败、未完成和持久数据的去留仍需按案例核查,失去旧测试数据库、执行状态或问题复现条件；正式原始证据与Unknown必须保留,逐树确认可重建、无运行绑定且无未解失败/Unknown；必要差异或数据证据先受控保全,保留；本次整体审批不授权删除317个状态目录,未执行；待用户确认
TEST-STATE-110,N4 历史测试状态,需要确认（本次默认保留）,目录,精确执行对象,E:/projects/codex/.agent-work/aether/workspace-support/pc-gateway-security-green,,,20,1025090,历史测试/临时state用途已定位，但失败、未完成和持久数据的去留仍需按案例核查,失去旧测试数据库、执行状态或问题复现条件；正式原始证据与Unknown必须保留,逐树确认可重建、无运行绑定且无未解失败/Unknown；必要差异或数据证据先受控保全,保留；本次整体审批不授权删除317个状态目录,未执行；待用户确认
TEST-STATE-111,N4 历史测试状态,需要确认（本次默认保留）,目录,精确执行对象,E:/projects/codex/.agent-work/aether/workspace-support/pc-gateway-temporal-p2-final,,,88,19076075,历史测试/临时state用途已定位，但失败、未完成和持久数据的去留仍需按案例核查,失去旧测试数据库、执行状态或问题复现条件；正式原始证据与Unknown必须保留,逐树确认可重建、无运行绑定且无未解失败/Unknown；必要差异或数据证据先受控保全,保留；本次整体审批不授权删除317个状态目录,未执行；待用户确认
TEST-STATE-112,N4 历史测试状态,需要确认（本次默认保留）,目录,精确执行对象,E:/projects/codex/.agent-work/aether/workspace-support/pc-gateway-timeout-green,,,12,2318183,历史测试/临时state用途已定位，但失败、未完成和持久数据的去留仍需按案例核查,失去旧测试数据库、执行状态或问题复现条件；正式原始证据与Unknown必须保留,逐树确认可重建、无运行绑定且无未解失败/Unknown；必要差异或数据证据先受控保全,保留；本次整体审批不授权删除317个状态目录,未执行；待用户确认
TEST-STATE-113,N4 历史测试状态,需要确认（本次默认保留）,目录,精确执行对象,E:/projects/codex/.agent-work/aether/workspace-support/pc-gateway-timeout-red,,,10,969088,历史测试/临时state用途已定位，但失败、未完成和持久数据的去留仍需按案例核查,失去旧测试数据库、执行状态或问题复现条件；正式原始证据与Unknown必须保留,逐树确认可重建、无运行绑定且无未解失败/Unknown；必要差异或数据证据先受控保全,保留；本次整体审批不授权删除317个状态目录,未执行；待用户确认
TEST-STATE-114,N4 历史测试状态,需要确认（本次默认保留）,目录,精确执行对象,E:/projects/codex/.agent-work/aether/workspace-support/pc-gateway-timeout-red-ready,,,12,2034557,历史测试/临时state用途已定位，但失败、未完成和持久数据的去留仍需按案例核查,失去旧测试数据库、执行状态或问题复现条件；正式原始证据与Unknown必须保留,逐树确认可重建、无运行绑定且无未解失败/Unknown；必要差异或数据证据先受控保全,保留；本次整体审批不授权删除317个状态目录,未执行；待用户确认
TEST-STATE-115,N4 历史测试状态,需要确认（本次默认保留）,目录,精确执行对象,E:/projects/codex/.agent-work/aether/workspace-support/pc-gateway-upload-green,,,11,994306,历史测试/临时state用途已定位，但失败、未完成和持久数据的去留仍需按案例核查,失去旧测试数据库、执行状态或问题复现条件；正式原始证据与Unknown必须保留,逐树确认可重建、无运行绑定且无未解失败/Unknown；必要差异或数据证据先受控保全,保留；本次整体审批不授权删除317个状态目录,未执行；待用户确认
TEST-STATE-116,N4 历史测试状态,需要确认（本次默认保留）,目录,精确执行对象,E:/projects/codex/.agent-work/aether/workspace-support/pc-http-confirmation-final-regression,,,155,15590631,历史测试/临时state用途已定位，但失败、未完成和持久数据的去留仍需按案例核查,失去旧测试数据库、执行状态或问题复现条件；正式原始证据与Unknown必须保留,逐树确认可重建、无运行绑定且无未解失败/Unknown；必要差异或数据证据先受控保全,保留；本次整体审批不授权删除317个状态目录,未执行；待用户确认
TEST-STATE-117,N4 历史测试状态,需要确认（本次默认保留）,目录,精确执行对象,E:/projects/codex/.agent-work/aether/workspace-support/pc-http-evidence-full-regression,,,3239,823552997,历史测试/临时state用途已定位，但失败、未完成和持久数据的去留仍需按案例核查,失去旧测试数据库、执行状态或问题复现条件；正式原始证据与Unknown必须保留,逐树确认可重建、无运行绑定且无未解失败/Unknown；必要差异或数据证据先受控保全,保留；本次整体审批不授权删除317个状态目录,未执行；待用户确认
TEST-STATE-118,N4 历史测试状态,需要确认（本次默认保留）,目录,精确执行对象,E:/projects/codex/.agent-work/aether/workspace-support/pc-http-evidence-idempotency-green,,,7,910569,历史测试/临时state用途已定位，但失败、未完成和持久数据的去留仍需按案例核查,失去旧测试数据库、执行状态或问题复现条件；正式原始证据与Unknown必须保留,逐树确认可重建、无运行绑定且无未解失败/Unknown；必要差异或数据证据先受控保全,保留；本次整体审批不授权删除317个状态目录,未执行；待用户确认
TEST-STATE-119,N4 历史测试状态,需要确认（本次默认保留）,目录,精确执行对象,E:/projects/codex/.agent-work/aether/workspace-support/pc-http-evidence-idempotency-red,,,7,910567,历史测试/临时state用途已定位，但失败、未完成和持久数据的去留仍需按案例核查,失去旧测试数据库、执行状态或问题复现条件；正式原始证据与Unknown必须保留,逐树确认可重建、无运行绑定且无未解失败/Unknown；必要差异或数据证据先受控保全,保留；本次整体审批不授权删除317个状态目录,未执行；待用户确认
TEST-STATE-120,N4 历史测试状态,需要确认（本次默认保留）,目录,精确执行对象,E:/projects/codex/.agent-work/aether/workspace-support/pc-initialization-gate-failure-diagnostic-01,,,16,3844859,历史测试/临时state用途已定位，但失败、未完成和持久数据的去留仍需按案例核查,失去旧测试数据库、执行状态或问题复现条件；正式原始证据与Unknown必须保留,逐树确认可重建、无运行绑定且无未解失败/Unknown；必要差异或数据证据先受控保全,保留；本次整体审批不授权删除317个状态目录,未执行；待用户确认
TEST-STATE-121,N4 历史测试状态,需要确认（本次默认保留）,目录,精确执行对象,E:/projects/codex/.agent-work/aether/workspace-support/pc-isolated-pg-gate,,,17,1303721,历史测试/临时state用途已定位，但失败、未完成和持久数据的去留仍需按案例核查,失去旧测试数据库、执行状态或问题复现条件；正式原始证据与Unknown必须保留,逐树确认可重建、无运行绑定且无未解失败/Unknown；必要差异或数据证据先受控保全,保留；本次整体审批不授权删除317个状态目录,未执行；待用户确认
TEST-STATE-122,N4 历史测试状态,需要确认（本次默认保留）,目录,精确执行对象,E:/projects/codex/.agent-work/aether/workspace-support/pc-isolated-pg-gate-fixed,,,16,1180848,历史测试/临时state用途已定位，但失败、未完成和持久数据的去留仍需按案例核查,失去旧测试数据库、执行状态或问题复现条件；正式原始证据与Unknown必须保留,逐树确认可重建、无运行绑定且无未解失败/Unknown；必要差异或数据证据先受控保全,保留；本次整体审批不授权删除317个状态目录,未执行；待用户确认
TEST-STATE-123,N4 历史测试状态,需要确认（本次默认保留）,目录,精确执行对象,E:/projects/codex/.agent-work/aether/workspace-support/pc-isolated-pg-schema-gate,,,20,1356977,历史测试/临时state用途已定位，但失败、未完成和持久数据的去留仍需按案例核查,失去旧测试数据库、执行状态或问题复现条件；正式原始证据与Unknown必须保留,逐树确认可重建、无运行绑定且无未解失败/Unknown；必要差异或数据证据先受控保全,保留；本次整体审批不授权删除317个状态目录,未执行；待用户确认
TEST-STATE-124,N4 历史测试状态,需要确认（本次默认保留）,目录,精确执行对象,E:/projects/codex/.agent-work/aether/workspace-support/pc-legacy-and-profile-green,,,21,12849,历史测试/临时state用途已定位，但失败、未完成和持久数据的去留仍需按案例核查,失去旧测试数据库、执行状态或问题复现条件；正式原始证据与Unknown必须保留,逐树确认可重建、无运行绑定且无未解失败/Unknown；必要差异或数据证据先受控保全,保留；本次整体审批不授权删除317个状态目录,未执行；待用户确认
TEST-STATE-125,N4 历史测试状态,需要确认（本次默认保留）,目录,精确执行对象,E:/projects/codex/.agent-work/aether/workspace-support/pc-legacy-and-profile-red,,,21,12815,历史测试/临时state用途已定位，但失败、未完成和持久数据的去留仍需按案例核查,失去旧测试数据库、执行状态或问题复现条件；正式原始证据与Unknown必须保留,逐树确认可重建、无运行绑定且无未解失败/Unknown；必要差异或数据证据先受控保全,保留；本次整体审批不授权删除317个状态目录,未执行；待用户确认
TEST-STATE-126,N4 历史测试状态,需要确认（本次默认保留）,目录,精确执行对象,E:/projects/codex/.agent-work/aether/workspace-support/pc-legacy-deployment-unit-suite,,,146,1521180,历史测试/临时state用途已定位，但失败、未完成和持久数据的去留仍需按案例核查,失去旧测试数据库、执行状态或问题复现条件；正式原始证据与Unknown必须保留,逐树确认可重建、无运行绑定且无未解失败/Unknown；必要差异或数据证据先受控保全,保留；本次整体审批不授权删除317个状态目录,未执行；待用户确认
TEST-STATE-127,N4 历史测试状态,需要确认（本次默认保留）,目录,精确执行对象,E:/projects/codex/.agent-work/aether/workspace-support/pc-mutation-body-boundary-red,,,6,1020169,历史测试/临时state用途已定位，但失败、未完成和持久数据的去留仍需按案例核查,失去旧测试数据库、执行状态或问题复现条件；正式原始证据与Unknown必须保留,逐树确认可重建、无运行绑定且无未解失败/Unknown；必要差异或数据证据先受控保全,保留；本次整体审批不授权删除317个状态目录,未执行；待用户确认
TEST-STATE-128,N4 历史测试状态,需要确认（本次默认保留）,目录,精确执行对象,E:/projects/codex/.agent-work/aether/workspace-support/pc-mutation-distill-bound-green,,,44,6365517,历史测试/临时state用途已定位，但失败、未完成和持久数据的去留仍需按案例核查,失去旧测试数据库、执行状态或问题复现条件；正式原始证据与Unknown必须保留,逐树确认可重建、无运行绑定且无未解失败/Unknown；必要差异或数据证据先受控保全,保留；本次整体审批不授权删除317个状态目录,未执行；待用户确认
TEST-STATE-129,N4 历史测试状态,需要确认（本次默认保留）,目录,精确执行对象,E:/projects/codex/.agent-work/aether/workspace-support/pc-mutation-distill-bound-red,,,6,987401,历史测试/临时state用途已定位，但失败、未完成和持久数据的去留仍需按案例核查,失去旧测试数据库、执行状态或问题复现条件；正式原始证据与Unknown必须保留,逐树确认可重建、无运行绑定且无未解失败/Unknown；必要差异或数据证据先受控保全,保留；本次整体审批不授权删除317个状态目录,未执行；待用户确认
TEST-STATE-130,N4 历史测试状态,需要确认（本次默认保留）,目录,精确执行对象,E:/projects/codex/.agent-work/aether/workspace-support/pc-mutation-extra-red,,,28,4772163,历史测试/临时state用途已定位，但失败、未完成和持久数据的去留仍需按案例核查,失去旧测试数据库、执行状态或问题复现条件；正式原始证据与Unknown必须保留,逐树确认可重建、无运行绑定且无未解失败/Unknown；必要差异或数据证据先受控保全,保留；本次整体审批不授权删除317个状态目录,未执行；待用户确认
TEST-STATE-131,N4 历史测试状态,需要确认（本次默认保留）,目录,精确执行对象,E:/projects/codex/.agent-work/aether/workspace-support/pc-mutation-receipts-body-green,,,106,15836040,历史测试/临时state用途已定位，但失败、未完成和持久数据的去留仍需按案例核查,失去旧测试数据库、执行状态或问题复现条件；正式原始证据与Unknown必须保留,逐树确认可重建、无运行绑定且无未解失败/Unknown；必要差异或数据证据先受控保全,保留；本次整体审批不授权删除317个状态目录,未执行；待用户确认
TEST-STATE-132,N4 历史测试状态,需要确认（本次默认保留）,目录,精确执行对象,E:/projects/codex/.agent-work/aether/workspace-support/pc-mutation-receipts-expanded,,,102,15475590,历史测试/临时state用途已定位，但失败、未完成和持久数据的去留仍需按案例核查,失去旧测试数据库、执行状态或问题复现条件；正式原始证据与Unknown必须保留,逐树确认可重建、无运行绑定且无未解失败/Unknown；必要差异或数据证据先受控保全,保留；本次整体审批不授权删除317个状态目录,未执行；待用户确认
TEST-STATE-133,N4 历史测试状态,需要确认（本次默认保留）,目录,精确执行对象,E:/projects/codex/.agent-work/aether/workspace-support/pc-mutation-receipts-green-initial,,,70,10622942,历史测试/临时state用途已定位，但失败、未完成和持久数据的去留仍需按案例核查,失去旧测试数据库、执行状态或问题复现条件；正式原始证据与Unknown必须保留,逐树确认可重建、无运行绑定且无未解失败/Unknown；必要差异或数据证据先受控保全,保留；本次整体审批不授权删除317个状态目录,未执行；待用户确认
TEST-STATE-134,N4 历史测试状态,需要确认（本次默认保留）,目录,精确执行对象,E:/projects/codex/.agent-work/aether/workspace-support/pc-mutation-receipts-red,,,70,9594836,历史测试/临时state用途已定位，但失败、未完成和持久数据的去留仍需按案例核查,失去旧测试数据库、执行状态或问题复现条件；正式原始证据与Unknown必须保留,逐树确认可重建、无运行绑定且无未解失败/Unknown；必要差异或数据证据先受控保全,保留；本次整体审批不授权删除317个状态目录,未执行；待用户确认
TEST-STATE-135,N4 历史测试状态,需要确认（本次默认保留）,目录,精确执行对象,E:/projects/codex/.agent-work/aether/workspace-support/pc-mutation-remember-temporal-regression,,,1715,545787604,历史测试/临时state用途已定位，但失败、未完成和持久数据的去留仍需按案例核查,失去旧测试数据库、执行状态或问题复现条件；正式原始证据与Unknown必须保留,逐树确认可重建、无运行绑定且无未解失败/Unknown；必要差异或数据证据先受控保全,保留；本次整体审批不授权删除317个状态目录,未执行；待用户确认
TEST-STATE-136,N4 历史测试状态,需要确认（本次默认保留）,目录,精确执行对象,E:/projects/codex/.agent-work/aether/workspace-support/pc-mutation-reprocess-red-corrected,,,6,1233167,历史测试/临时state用途已定位，但失败、未完成和持久数据的去留仍需按案例核查,失去旧测试数据库、执行状态或问题复现条件；正式原始证据与Unknown必须保留,逐树确认可重建、无运行绑定且无未解失败/Unknown；必要差异或数据证据先受控保全,保留；本次整体审批不授权删除317个状态目录,未执行；待用户确认
TEST-STATE-137,N4 历史测试状态,需要确认（本次默认保留）,目录,精确执行对象,E:/projects/codex/.agent-work/aether/workspace-support/pc-mutation-results-initial,,,199,28929726,历史测试/临时state用途已定位，但失败、未完成和持久数据的去留仍需按案例核查,失去旧测试数据库、执行状态或问题复现条件；正式原始证据与Unknown必须保留,逐树确认可重建、无运行绑定且无未解失败/Unknown；必要差异或数据证据先受控保全,保留；本次整体审批不授权删除317个状态目录,未执行；待用户确认
TEST-STATE-138,N4 历史测试状态,需要确认（本次默认保留）,目录,精确执行对象,E:/projects/codex/.agent-work/aether/workspace-support/pc-mutation-results-red,,,88,11342506,历史测试/临时state用途已定位，但失败、未完成和持久数据的去留仍需按案例核查,失去旧测试数据库、执行状态或问题复现条件；正式原始证据与Unknown必须保留,逐树确认可重建、无运行绑定且无未解失败/Unknown；必要差异或数据证据先受控保全,保留；本次整体审批不授权删除317个状态目录,未执行；待用户确认
TEST-STATE-139,N4 历史测试状态,需要确认（本次默认保留）,目录,精确执行对象,E:/projects/codex/.agent-work/aether/workspace-support/pc-mutation-unit-final,,,255,18270250,历史测试/临时state用途已定位，但失败、未完成和持久数据的去留仍需按案例核查,失去旧测试数据库、执行状态或问题复现条件；正式原始证据与Unknown必须保留,逐树确认可重建、无运行绑定且无未解失败/Unknown；必要差异或数据证据先受控保全,保留；本次整体审批不授权删除317个状态目录,未执行；待用户确认
TEST-STATE-140,N4 历史测试状态,需要确认（本次默认保留）,目录,精确执行对象,E:/projects/codex/.agent-work/aether/workspace-support/pc-native-current-p2-first,,,18,10148518,历史测试/临时state用途已定位，但失败、未完成和持久数据的去留仍需按案例核查,失去旧测试数据库、执行状态或问题复现条件；正式原始证据与Unknown必须保留,逐树确认可重建、无运行绑定且无未解失败/Unknown；必要差异或数据证据先受控保全,保留；本次整体审批不授权删除317个状态目录,未执行；待用户确认
TEST-STATE-141,N4 历史测试状态,需要确认（本次默认保留）,目录,精确执行对象,E:/projects/codex/.agent-work/aether/workspace-support/pc-operate-invalidated-corrected,,,145,46100756,历史测试/临时state用途已定位，但失败、未完成和持久数据的去留仍需按案例核查,失去旧测试数据库、执行状态或问题复现条件；正式原始证据与Unknown必须保留,逐树确认可重建、无运行绑定且无未解失败/Unknown；必要差异或数据证据先受控保全,保留；本次整体审批不授权删除317个状态目录,未执行；待用户确认
TEST-STATE-142,N4 历史测试状态,需要确认（本次默认保留）,目录,精确执行对象,E:/projects/codex/.agent-work/aether/workspace-support/pc-operate-invalidated-green,,,91,31133580,历史测试/临时state用途已定位，但失败、未完成和持久数据的去留仍需按案例核查,失去旧测试数据库、执行状态或问题复现条件；正式原始证据与Unknown必须保留,逐树确认可重建、无运行绑定且无未解失败/Unknown；必要差异或数据证据先受控保全,保留；本次整体审批不授权删除317个状态目录,未执行；待用户确认
TEST-STATE-143,N4 历史测试状态,需要确认（本次默认保留）,目录,精确执行对象,E:/projects/codex/.agent-work/aether/workspace-support/pc-operate-invalidated-red,,,18,6517942,历史测试/临时state用途已定位，但失败、未完成和持久数据的去留仍需按案例核查,失去旧测试数据库、执行状态或问题复现条件；正式原始证据与Unknown必须保留,逐树确认可重建、无运行绑定且无未解失败/Unknown；必要差异或数据证据先受控保全,保留；本次整体审批不授权删除317个状态目录,未执行；待用户确认
TEST-STATE-144,N4 历史测试状态,需要确认（本次默认保留）,目录,精确执行对象,E:/projects/codex/.agent-work/aether/workspace-support/pc-p2-absence-green,,,16,491520,历史测试/临时state用途已定位，但失败、未完成和持久数据的去留仍需按案例核查,失去旧测试数据库、执行状态或问题复现条件；正式原始证据与Unknown必须保留,逐树确认可重建、无运行绑定且无未解失败/Unknown；必要差异或数据证据先受控保全,保留；本次整体审批不授权删除317个状态目录,未执行；待用户确认
TEST-STATE-145,N4 历史测试状态,需要确认（本次默认保留）,目录,精确执行对象,E:/projects/codex/.agent-work/aether/workspace-support/pc-p2-absence-red,,,24,1336536,历史测试/临时state用途已定位，但失败、未完成和持久数据的去留仍需按案例核查,失去旧测试数据库、执行状态或问题复现条件；正式原始证据与Unknown必须保留,逐树确认可重建、无运行绑定且无未解失败/Unknown；必要差异或数据证据先受控保全,保留；本次整体审批不授权删除317个状态目录,未执行；待用户确认
TEST-STATE-146,N4 历史测试状态,需要确认（本次默认保留）,目录,精确执行对象,E:/projects/codex/.agent-work/aether/workspace-support/pc-p2-actual-after-absence,,,26,1749254,历史测试/临时state用途已定位，但失败、未完成和持久数据的去留仍需按案例核查,失去旧测试数据库、执行状态或问题复现条件；正式原始证据与Unknown必须保留,逐树确认可重建、无运行绑定且无未解失败/Unknown；必要差异或数据证据先受控保全,保留；本次整体审批不授权删除317个状态目录,未执行；待用户确认
TEST-STATE-147,N4 历史测试状态,需要确认（本次默认保留）,目录,精确执行对象,E:/projects/codex/.agent-work/aether/workspace-support/pc-p2-boundary-red,,,8,250,历史测试/临时state用途已定位，但失败、未完成和持久数据的去留仍需按案例核查,失去旧测试数据库、执行状态或问题复现条件；正式原始证据与Unknown必须保留,逐树确认可重建、无运行绑定且无未解失败/Unknown；必要差异或数据证据先受控保全,保留；本次整体审批不授权删除317个状态目录,未执行；待用户确认
TEST-STATE-148,N4 历史测试状态,需要确认（本次默认保留）,目录,精确执行对象,E:/projects/codex/.agent-work/aether/workspace-support/pc-p2-boundary-vector-corrected,,,24,284292,历史测试/临时state用途已定位，但失败、未完成和持久数据的去留仍需按案例核查,失去旧测试数据库、执行状态或问题复现条件；正式原始证据与Unknown必须保留,逐树确认可重建、无运行绑定且无未解失败/Unknown；必要差异或数据证据先受控保全,保留；本次整体审批不授权删除317个状态目录,未执行；待用户确认
TEST-STATE-149,N4 历史测试状态,需要确认（本次默认保留）,目录,精确执行对象,E:/projects/codex/.agent-work/aether/workspace-support/pc-p2-boundary-vector-green,,,21,248025,历史测试/临时state用途已定位，但失败、未完成和持久数据的去留仍需按案例核查,失去旧测试数据库、执行状态或问题复现条件；正式原始证据与Unknown必须保留,逐树确认可重建、无运行绑定且无未解失败/Unknown；必要差异或数据证据先受控保全,保留；本次整体审批不授权删除317个状态目录,未执行；待用户确认
TEST-STATE-150,N4 历史测试状态,需要确认（本次默认保留）,目录,精确执行对象,E:/projects/codex/.agent-work/aether/workspace-support/pc-p2-catalog-red,,,2,667901,历史测试/临时state用途已定位，但失败、未完成和持久数据的去留仍需按案例核查,失去旧测试数据库、执行状态或问题复现条件；正式原始证据与Unknown必须保留,逐树确认可重建、无运行绑定且无未解失败/Unknown；必要差异或数据证据先受控保全,保留；本次整体审批不授权删除317个状态目录,未执行；待用户确认
TEST-STATE-151,N4 历史测试状态,需要确认（本次默认保留）,目录,精确执行对象,E:/projects/codex/.agent-work/aether/workspace-support/pc-p2-catalog-route-red,,,3,668893,历史测试/临时state用途已定位，但失败、未完成和持久数据的去留仍需按案例核查,失去旧测试数据库、执行状态或问题复现条件；正式原始证据与Unknown必须保留,逐树确认可重建、无运行绑定且无未解失败/Unknown；必要差异或数据证据先受控保全,保留；本次整体审批不授权删除317个状态目录,未执行；待用户确认
TEST-STATE-152,N4 历史测试状态,需要确认（本次默认保留）,目录,精确执行对象,E:/projects/codex/.agent-work/aether/workspace-support/pc-p2-catalog-route-red2,,,8,816351,历史测试/临时state用途已定位，但失败、未完成和持久数据的去留仍需按案例核查,失去旧测试数据库、执行状态或问题复现条件；正式原始证据与Unknown必须保留,逐树确认可重建、无运行绑定且无未解失败/Unknown；必要差异或数据证据先受控保全,保留；本次整体审批不授权删除317个状态目录,未执行；待用户确认
TEST-STATE-153,N4 历史测试状态,需要确认（本次默认保留）,目录,精确执行对象,E:/projects/codex/.agent-work/aether/workspace-support/pc-p2-consumer-final,,,100,42190673,历史测试/临时state用途已定位，但失败、未完成和持久数据的去留仍需按案例核查,失去旧测试数据库、执行状态或问题复现条件；正式原始证据与Unknown必须保留,逐树确认可重建、无运行绑定且无未解失败/Unknown；必要差异或数据证据先受控保全,保留；本次整体审批不授权删除317个状态目录,未执行；待用户确认
TEST-STATE-154,N4 历史测试状态,需要确认（本次默认保留）,目录,精确执行对象,E:/projects/codex/.agent-work/aether/workspace-support/pc-p2-deadline-race-green,,,36,1105920,历史测试/临时state用途已定位，但失败、未完成和持久数据的去留仍需按案例核查,失去旧测试数据库、执行状态或问题复现条件；正式原始证据与Unknown必须保留,逐树确认可重建、无运行绑定且无未解失败/Unknown；必要差异或数据证据先受控保全,保留；本次整体审批不授权删除317个状态目录,未执行；待用户确认
TEST-STATE-155,N4 历史测试状态,需要确认（本次默认保留）,目录,精确执行对象,E:/projects/codex/.agent-work/aether/workspace-support/pc-p2-deadline-race-red,,,36,1105920,历史测试/临时state用途已定位，但失败、未完成和持久数据的去留仍需按案例核查,失去旧测试数据库、执行状态或问题复现条件；正式原始证据与Unknown必须保留,逐树确认可重建、无运行绑定且无未解失败/Unknown；必要差异或数据证据先受控保全,保留；本次整体审批不授权删除317个状态目录,未执行；待用户确认
TEST-STATE-156,N4 历史测试状态,需要确认（本次默认保留）,目录,精确执行对象,E:/projects/codex/.agent-work/aether/workspace-support/pc-p2-dev-temporal-regression,,,421,160360660,历史测试/临时state用途已定位，但失败、未完成和持久数据的去留仍需按案例核查,失去旧测试数据库、执行状态或问题复现条件；正式原始证据与Unknown必须保留,逐树确认可重建、无运行绑定且无未解失败/Unknown；必要差异或数据证据先受控保全,保留；本次整体审批不授权删除317个状态目录,未执行；待用户确认
TEST-STATE-157,N4 历史测试状态,需要确认（本次默认保留）,目录,精确执行对象,E:/projects/codex/.agent-work/aether/workspace-support/pc-p2-http-cleanup,,,13,8273332,历史测试/临时state用途已定位，但失败、未完成和持久数据的去留仍需按案例核查,失去旧测试数据库、执行状态或问题复现条件；正式原始证据与Unknown必须保留,逐树确认可重建、无运行绑定且无未解失败/Unknown；必要差异或数据证据先受控保全,保留；本次整体审批不授权删除317个状态目录,未执行；待用户确认
TEST-STATE-158,N4 历史测试状态,需要确认（本次默认保留）,目录,精确执行对象,E:/projects/codex/.agent-work/aether/workspace-support/pc-p2-http-cleanup-fixed,,,101,46970073,历史测试/临时state用途已定位，但失败、未完成和持久数据的去留仍需按案例核查,失去旧测试数据库、执行状态或问题复现条件；正式原始证据与Unknown必须保留,逐树确认可重建、无运行绑定且无未解失败/Unknown；必要差异或数据证据先受控保全,保留；本次整体审批不授权删除317个状态目录,未执行；待用户确认
TEST-STATE-159,N4 历史测试状态,需要确认（本次默认保留）,目录,精确执行对象,E:/projects/codex/.agent-work/aether/workspace-support/pc-p2-http-first,,,11,3065103,历史测试/临时state用途已定位，但失败、未完成和持久数据的去留仍需按案例核查,失去旧测试数据库、执行状态或问题复现条件；正式原始证据与Unknown必须保留,逐树确认可重建、无运行绑定且无未解失败/Unknown；必要差异或数据证据先受控保全,保留；本次整体审批不授权删除317个状态目录,未执行；待用户确认
TEST-STATE-160,N4 历史测试状态,需要确认（本次默认保留）,目录,精确执行对象,E:/projects/codex/.agent-work/aether/workspace-support/pc-p2-http-metric-fixed,,,45,7245909,历史测试/临时state用途已定位，但失败、未完成和持久数据的去留仍需按案例核查,失去旧测试数据库、执行状态或问题复现条件；正式原始证据与Unknown必须保留,逐树确认可重建、无运行绑定且无未解失败/Unknown；必要差异或数据证据先受控保全,保留；本次整体审批不授权删除317个状态目录,未执行；待用户确认
TEST-STATE-161,N4 历史测试状态,需要确认（本次默认保留）,目录,精确执行对象,E:/projects/codex/.agent-work/aether/workspace-support/pc-p2-metric-red,,,4,122880,历史测试/临时state用途已定位，但失败、未完成和持久数据的去留仍需按案例核查,失去旧测试数据库、执行状态或问题复现条件；正式原始证据与Unknown必须保留,逐树确认可重建、无运行绑定且无未解失败/Unknown；必要差异或数据证据先受控保全,保留；本次整体审批不授权删除317个状态目录,未执行；待用户确认
TEST-STATE-162,N4 历史测试状态,需要确认（本次默认保留）,目录,精确执行对象,E:/projects/codex/.agent-work/aether/workspace-support/pc-p2-race-business-final,,,203,55610578,历史测试/临时state用途已定位，但失败、未完成和持久数据的去留仍需按案例核查,失去旧测试数据库、执行状态或问题复现条件；正式原始证据与Unknown必须保留,逐树确认可重建、无运行绑定且无未解失败/Unknown；必要差异或数据证据先受控保全,保留；本次整体审批不授权删除317个状态目录,未执行；待用户确认
TEST-STATE-163,N4 历史测试状态,需要确认（本次默认保留）,目录,精确执行对象,E:/projects/codex/.agent-work/aether/workspace-support/pc-p2-real-first,,,4,122880,历史测试/临时state用途已定位，但失败、未完成和持久数据的去留仍需按案例核查,失去旧测试数据库、执行状态或问题复现条件；正式原始证据与Unknown必须保留,逐树确认可重建、无运行绑定且无未解失败/Unknown；必要差异或数据证据先受控保全,保留；本次整体审批不授权删除317个状态目录,未执行；待用户确认
TEST-STATE-164,N4 历史测试状态,需要确认（本次默认保留）,目录,精确执行对象,E:/projects/codex/.agent-work/aether/workspace-support/pc-p2-real-temporal,,,9,1196287,历史测试/临时state用途已定位，但失败、未完成和持久数据的去留仍需按案例核查,失去旧测试数据库、执行状态或问题复现条件；正式原始证据与Unknown必须保留,逐树确认可重建、无运行绑定且无未解失败/Unknown；必要差异或数据证据先受控保全,保留；本次整体审批不授权删除317个状态目录,未执行；待用户确认
TEST-STATE-165,N4 历史测试状态,需要确认（本次默认保留）,目录,精确执行对象,E:/projects/codex/.agent-work/aether/workspace-support/pc-p2-real-temporal-corrected,,,10,1257737,历史测试/临时state用途已定位，但失败、未完成和持久数据的去留仍需按案例核查,失去旧测试数据库、执行状态或问题复现条件；正式原始证据与Unknown必须保留,逐树确认可重建、无运行绑定且无未解失败/Unknown；必要差异或数据证据先受控保全,保留；本次整体审批不授权删除317个状态目录,未执行；待用户确认
TEST-STATE-166,N4 历史测试状态,需要确认（本次默认保留）,目录,精确执行对象,E:/projects/codex/.agent-work/aether/workspace-support/pc-p2-regression-fixes,,,54,42150786,历史测试/临时state用途已定位，但失败、未完成和持久数据的去留仍需按案例核查,失去旧测试数据库、执行状态或问题复现条件；正式原始证据与Unknown必须保留,逐树确认可重建、无运行绑定且无未解失败/Unknown；必要差异或数据证据先受控保全,保留；本次整体审批不授权删除317个状态目录,未执行；待用户确认
TEST-STATE-167,N4 历史测试状态,需要确认（本次默认保留）,目录,精确执行对象,E:/projects/codex/.agent-work/aether/workspace-support/pc-p2-tls-transport,,,16,19268,历史测试/临时state用途已定位，但失败、未完成和持久数据的去留仍需按案例核查,失去旧测试数据库、执行状态或问题复现条件；正式原始证据与Unknown必须保留,逐树确认可重建、无运行绑定且无未解失败/Unknown；必要差异或数据证据先受控保全,保留；本次整体审批不授权删除317个状态目录,未执行；待用户确认
TEST-STATE-168,N4 历史测试状态,需要确认（本次默认保留）,目录,精确执行对象,E:/projects/codex/.agent-work/aether/workspace-support/pc-p4-activation-client-green-01,,,137,6879498,历史测试/临时state用途已定位，但失败、未完成和持久数据的去留仍需按案例核查,失去旧测试数据库、执行状态或问题复现条件；正式原始证据与Unknown必须保留,逐树确认可重建、无运行绑定且无未解失败/Unknown；必要差异或数据证据先受控保全,保留；本次整体审批不授权删除317个状态目录,未执行；待用户确认
TEST-STATE-169,N4 历史测试状态,需要确认（本次默认保留）,目录,精确执行对象,E:/projects/codex/.agent-work/aether/workspace-support/pc-p4-activation-client-red-01,,,117,5646748,历史测试/临时state用途已定位，但失败、未完成和持久数据的去留仍需按案例核查,失去旧测试数据库、执行状态或问题复现条件；正式原始证据与Unknown必须保留,逐树确认可重建、无运行绑定且无未解失败/Unknown；必要差异或数据证据先受控保全,保留；本次整体审批不授权删除317个状态目录,未执行；待用户确认
TEST-STATE-170,N4 历史测试状态,需要确认（本次默认保留）,目录,精确执行对象,E:/projects/codex/.agent-work/aether/workspace-support/pc-p4-activation-compat-green-01,,,191,9828122,历史测试/临时state用途已定位，但失败、未完成和持久数据的去留仍需按案例核查,失去旧测试数据库、执行状态或问题复现条件；正式原始证据与Unknown必须保留,逐树确认可重建、无运行绑定且无未解失败/Unknown；必要差异或数据证据先受控保全,保留；本次整体审批不授权删除317个状态目录,未执行；待用户确认
TEST-STATE-171,N4 历史测试状态,需要确认（本次默认保留）,目录,精确执行对象,E:/projects/codex/.agent-work/aether/workspace-support/pc-p4-activation-compat-red-01,,,56,3608005,历史测试/临时state用途已定位，但失败、未完成和持久数据的去留仍需按案例核查,失去旧测试数据库、执行状态或问题复现条件；正式原始证据与Unknown必须保留,逐树确认可重建、无运行绑定且无未解失败/Unknown；必要差异或数据证据先受控保全,保留；本次整体审批不授权删除317个状态目录,未执行；待用户确认
TEST-STATE-172,N4 历史测试状态,需要确认（本次默认保留）,目录,精确执行对象,E:/projects/codex/.agent-work/aether/workspace-support/pc-p4-activation-distill-race-01,,,31,27217321,历史测试/临时state用途已定位，但失败、未完成和持久数据的去留仍需按案例核查,失去旧测试数据库、执行状态或问题复现条件；正式原始证据与Unknown必须保留,逐树确认可重建、无运行绑定且无未解失败/Unknown；必要差异或数据证据先受控保全,保留；本次整体审批不授权删除317个状态目录,未执行；待用户确认
TEST-STATE-173,N4 历史测试状态,需要确认（本次默认保留）,目录,精确执行对象,E:/projects/codex/.agent-work/aether/workspace-support/pc-p4-activation-initial-01,,,22,1405043,历史测试/临时state用途已定位，但失败、未完成和持久数据的去留仍需按案例核查,失去旧测试数据库、执行状态或问题复现条件；正式原始证据与Unknown必须保留,逐树确认可重建、无运行绑定且无未解失败/Unknown；必要差异或数据证据先受控保全,保留；本次整体审批不授权删除317个状态目录,未执行；待用户确认
TEST-STATE-174,N4 历史测试状态,需要确认（本次默认保留）,目录,精确执行对象,E:/projects/codex/.agent-work/aether/workspace-support/pc-p4-activation-queued-red-01,,,7,840933,历史测试/临时state用途已定位，但失败、未完成和持久数据的去留仍需按案例核查,失去旧测试数据库、执行状态或问题复现条件；正式原始证据与Unknown必须保留,逐树确认可重建、无运行绑定且无未解失败/Unknown；必要差异或数据证据先受控保全,保留；本次整体审批不授权删除317个状态目录,未执行；待用户确认
TEST-STATE-175,N4 历史测试状态,需要确认（本次默认保留）,目录,精确执行对象,E:/projects/codex/.agent-work/aether/workspace-support/pc-p4-activation-red-01,,,17,1207444,历史测试/临时state用途已定位，但失败、未完成和持久数据的去留仍需按案例核查,失去旧测试数据库、执行状态或问题复现条件；正式原始证据与Unknown必须保留,逐树确认可重建、无运行绑定且无未解失败/Unknown；必要差异或数据证据先受控保全,保留；本次整体审批不授权删除317个状态目录,未执行；待用户确认
TEST-STATE-176,N4 历史测试状态,需要确认（本次默认保留）,目录,精确执行对象,E:/projects/codex/.agent-work/aether/workspace-support/pc-p4-activation-regression-01,,,1683,395893510,历史测试/临时state用途已定位，但失败、未完成和持久数据的去留仍需按案例核查,失去旧测试数据库、执行状态或问题复现条件；正式原始证据与Unknown必须保留,逐树确认可重建、无运行绑定且无未解失败/Unknown；必要差异或数据证据先受控保全,保留；本次整体审批不授权删除317个状态目录,未执行；待用户确认
TEST-STATE-177,N4 历史测试状态,需要确认（本次默认保留）,目录,精确执行对象,E:/projects/codex/.agent-work/aether/workspace-support/pc-p4-activation-safety-green-01,,,127,5272362,历史测试/临时state用途已定位，但失败、未完成和持久数据的去留仍需按案例核查,失去旧测试数据库、执行状态或问题复现条件；正式原始证据与Unknown必须保留,逐树确认可重建、无运行绑定且无未解失败/Unknown；必要差异或数据证据先受控保全,保留；本次整体审批不授权删除317个状态目录,未执行；待用户确认
TEST-STATE-178,N4 历史测试状态,需要确认（本次默认保留）,目录,精确执行对象,E:/projects/codex/.agent-work/aether/workspace-support/pc-p4-activation-safety-red-01,,,107,4534731,历史测试/临时state用途已定位，但失败、未完成和持久数据的去留仍需按案例核查,失去旧测试数据库、执行状态或问题复现条件；正式原始证据与Unknown必须保留,逐树确认可重建、无运行绑定且无未解失败/Unknown；必要差异或数据证据先受控保全,保留；本次整体审批不授权删除317个状态目录,未执行；待用户确认
TEST-STATE-179,N4 历史测试状态,需要确认（本次默认保留）,目录,精确执行对象,E:/projects/codex/.agent-work/aether/workspace-support/pc-p4-activation-startup-01,,,17,1961112,历史测试/临时state用途已定位，但失败、未完成和持久数据的去留仍需按案例核查,失去旧测试数据库、执行状态或问题复现条件；正式原始证据与Unknown必须保留,逐树确认可重建、无运行绑定且无未解失败/Unknown；必要差异或数据证据先受控保全,保留；本次整体审批不授权删除317个状态目录,未执行；待用户确认
TEST-STATE-180,N4 历史测试状态,需要确认（本次默认保留）,目录,精确执行对象,E:/projects/codex/.agent-work/aether/workspace-support/pc-p4-binding-final-corrected,,,294,141102524,历史测试/临时state用途已定位，但失败、未完成和持久数据的去留仍需按案例核查,失去旧测试数据库、执行状态或问题复现条件；正式原始证据与Unknown必须保留,逐树确认可重建、无运行绑定且无未解失败/Unknown；必要差异或数据证据先受控保全,保留；本次整体审批不授权删除317个状态目录,未执行；待用户确认
TEST-STATE-181,N4 历史测试状态,需要确认（本次默认保留）,目录,精确执行对象,E:/projects/codex/.agent-work/aether/workspace-support/pc-p4-binding-final-regression,,,460,151565452,历史测试/临时state用途已定位，但失败、未完成和持久数据的去留仍需按案例核查,失去旧测试数据库、执行状态或问题复现条件；正式原始证据与Unknown必须保留,逐树确认可重建、无运行绑定且无未解失败/Unknown；必要差异或数据证据先受控保全,保留；本次整体审批不授权删除317个状态目录,未执行；待用户确认
TEST-STATE-182,N4 历史测试状态,需要确认（本次默认保留）,目录,精确执行对象,E:/projects/codex/.agent-work/aether/workspace-support/pc-p4-binding-legacy-retry-green,,,126,4935060,历史测试/临时state用途已定位，但失败、未完成和持久数据的去留仍需按案例核查,失去旧测试数据库、执行状态或问题复现条件；正式原始证据与Unknown必须保留,逐树确认可重建、无运行绑定且无未解失败/Unknown；必要差异或数据证据先受控保全,保留；本次整体审批不授权删除317个状态目录,未执行；待用户确认
TEST-STATE-183,N4 历史测试状态,需要确认（本次默认保留）,目录,精确执行对象,E:/projects/codex/.agent-work/aether/workspace-support/pc-p4-binding-legacy-retry-red,,,27,1504337,历史测试/临时state用途已定位，但失败、未完成和持久数据的去留仍需按案例核查,失去旧测试数据库、执行状态或问题复现条件；正式原始证据与Unknown必须保留,逐树确认可重建、无运行绑定且无未解失败/Unknown；必要差异或数据证据先受控保全,保留；本次整体审批不授权删除317个状态目录,未执行；待用户确认
TEST-STATE-184,N4 历史测试状态,需要确认（本次默认保留）,目录,精确执行对象,E:/projects/codex/.agent-work/aether/workspace-support/pc-p4-binding-registry-expanded,,,126,5909907,历史测试/临时state用途已定位，但失败、未完成和持久数据的去留仍需按案例核查,失去旧测试数据库、执行状态或问题复现条件；正式原始证据与Unknown必须保留,逐树确认可重建、无运行绑定且无未解失败/Unknown；必要差异或数据证据先受控保全,保留；本次整体审批不授权删除317个状态目录,未执行；待用户确认
TEST-STATE-185,N4 历史测试状态,需要确认（本次默认保留）,目录,精确执行对象,E:/projects/codex/.agent-work/aether/workspace-support/pc-p4-concrete-binding-green,,,7,836835,历史测试/临时state用途已定位，但失败、未完成和持久数据的去留仍需按案例核查,失去旧测试数据库、执行状态或问题复现条件；正式原始证据与Unknown必须保留,逐树确认可重建、无运行绑定且无未解失败/Unknown；必要差异或数据证据先受控保全,保留；本次整体审批不授权删除317个状态目录,未执行；待用户确认
TEST-STATE-186,N4 历史测试状态,需要确认（本次默认保留）,目录,精确执行对象,E:/projects/codex/.agent-work/aether/workspace-support/pc-p4-concrete-binding-red,,,7,840929,历史测试/临时state用途已定位，但失败、未完成和持久数据的去留仍需按案例核查,失去旧测试数据库、执行状态或问题复现条件；正式原始证据与Unknown必须保留,逐树确认可重建、无运行绑定且无未解失败/Unknown；必要差异或数据证据先受控保全,保留；本次整体审批不授权删除317个状态目录,未执行；待用户确认
TEST-STATE-187,N4 历史测试状态,需要确认（本次默认保留）,目录,精确执行对象,E:/projects/codex/.agent-work/aether/workspace-support/pc-p4-default-gateway-green,,,11,843171,历史测试/临时state用途已定位，但失败、未完成和持久数据的去留仍需按案例核查,失去旧测试数据库、执行状态或问题复现条件；正式原始证据与Unknown必须保留,逐树确认可重建、无运行绑定且无未解失败/Unknown；必要差异或数据证据先受控保全,保留；本次整体审批不授权删除317个状态目录,未执行；待用户确认
TEST-STATE-188,N4 历史测试状态,需要确认（本次默认保留）,目录,精确执行对象,E:/projects/codex/.agent-work/aether/workspace-support/pc-p4-default-gateway-red,,,11,842851,历史测试/临时state用途已定位，但失败、未完成和持久数据的去留仍需按案例核查,失去旧测试数据库、执行状态或问题复现条件；正式原始证据与Unknown必须保留,逐树确认可重建、无运行绑定且无未解失败/Unknown；必要差异或数据证据先受控保全,保留；本次整体审批不授权删除317个状态目录,未执行；待用户确认
TEST-STATE-189,N4 历史测试状态,需要确认（本次默认保留）,目录,精确执行对象,E:/projects/codex/.agent-work/aether/workspace-support/pc-p4-doc-cli-regression,,,5,1410,历史测试/临时state用途已定位，但失败、未完成和持久数据的去留仍需按案例核查,失去旧测试数据库、执行状态或问题复现条件；正式原始证据与Unknown必须保留,逐树确认可重建、无运行绑定且无未解失败/Unknown；必要差异或数据证据先受控保全,保留；本次整体审批不授权删除317个状态目录,未执行；待用户确认
TEST-STATE-190,N4 历史测试状态,需要确认（本次默认保留）,目录,精确执行对象,E:/projects/codex/.agent-work/aether/workspace-support/pc-p4-gateway-temporal-regression,,,111,57016660,历史测试/临时state用途已定位，但失败、未完成和持久数据的去留仍需按案例核查,失去旧测试数据库、执行状态或问题复现条件；正式原始证据与Unknown必须保留,逐树确认可重建、无运行绑定且无未解失败/Unknown；必要差异或数据证据先受控保全,保留；本次整体审批不授权删除317个状态目录,未执行；待用户确认
TEST-STATE-191,N4 历史测试状态,需要确认（本次默认保留）,目录,精确执行对象,E:/projects/codex/.agent-work/aether/workspace-support/pc-p4-gateway-unit-suite-corrected,,,141,1519868,历史测试/临时state用途已定位，但失败、未完成和持久数据的去留仍需按案例核查,失去旧测试数据库、执行状态或问题复现条件；正式原始证据与Unknown必须保留,逐树确认可重建、无运行绑定且无未解失败/Unknown；必要差异或数据证据先受控保全,保留；本次整体审批不授权删除317个状态目录,未执行；待用户确认
TEST-STATE-192,N4 历史测试状态,需要确认（本次默认保留）,目录,精确执行对象,E:/projects/codex/.agent-work/aether/workspace-support/pc-p4-http-boundary-green,,,2,35,历史测试/临时state用途已定位，但失败、未完成和持久数据的去留仍需按案例核查,失去旧测试数据库、执行状态或问题复现条件；正式原始证据与Unknown必须保留,逐树确认可重建、无运行绑定且无未解失败/Unknown；必要差异或数据证据先受控保全,保留；本次整体审批不授权删除317个状态目录,未执行；待用户确认
TEST-STATE-193,N4 历史测试状态,需要确认（本次默认保留）,目录,精确执行对象,E:/projects/codex/.agent-work/aether/workspace-support/pc-p4-initialization-boundaries-green-01,,,59,16403826,历史测试/临时state用途已定位，但失败、未完成和持久数据的去留仍需按案例核查,失去旧测试数据库、执行状态或问题复现条件；正式原始证据与Unknown必须保留,逐树确认可重建、无运行绑定且无未解失败/Unknown；必要差异或数据证据先受控保全,保留；本次整体审批不授权删除317个状态目录,未执行；待用户确认
TEST-STATE-194,N4 历史测试状态,需要确认（本次默认保留）,目录,精确执行对象,E:/projects/codex/.agent-work/aether/workspace-support/pc-p4-initialization-boundaries-red-01,,,50,15746334,历史测试/临时state用途已定位，但失败、未完成和持久数据的去留仍需按案例核查,失去旧测试数据库、执行状态或问题复现条件；正式原始证据与Unknown必须保留,逐树确认可重建、无运行绑定且无未解失败/Unknown；必要差异或数据证据先受控保全,保留；本次整体审批不授权删除317个状态目录,未执行；待用户确认
TEST-STATE-195,N4 历史测试状态,需要确认（本次默认保留）,目录,精确执行对象,E:/projects/codex/.agent-work/aether/workspace-support/pc-p4-initialization-consumer-green-01,,,589,24168179,历史测试/临时state用途已定位，但失败、未完成和持久数据的去留仍需按案例核查,失去旧测试数据库、执行状态或问题复现条件；正式原始证据与Unknown必须保留,逐树确认可重建、无运行绑定且无未解失败/Unknown；必要差异或数据证据先受控保全,保留；本次整体审批不授权删除317个状态目录,未执行；待用户确认
TEST-STATE-196,N4 历史测试状态,需要确认（本次默认保留）,目录,精确执行对象,E:/projects/codex/.agent-work/aether/workspace-support/pc-p4-initialization-consumer-red-01,,,154,8061990,历史测试/临时state用途已定位，但失败、未完成和持久数据的去留仍需按案例核查,失去旧测试数据库、执行状态或问题复现条件；正式原始证据与Unknown必须保留,逐树确认可重建、无运行绑定且无未解失败/Unknown；必要差异或数据证据先受控保全,保留；本次整体审批不授权删除317个状态目录,未执行；待用户确认
TEST-STATE-197,N4 历史测试状态,需要确认（本次默认保留）,目录,精确执行对象,E:/projects/codex/.agent-work/aether/workspace-support/pc-p4-initialization-definition-green-01,,,142,6053128,历史测试/临时state用途已定位，但失败、未完成和持久数据的去留仍需按案例核查,失去旧测试数据库、执行状态或问题复现条件；正式原始证据与Unknown必须保留,逐树确认可重建、无运行绑定且无未解失败/Unknown；必要差异或数据证据先受控保全,保留；本次整体审批不授权删除317个状态目录,未执行；待用户确认
TEST-STATE-198,N4 历史测试状态,需要确认（本次默认保留）,目录,精确执行对象,E:/projects/codex/.agent-work/aether/workspace-support/pc-p4-initialization-definition-red-01,,,142,6020358,历史测试/临时state用途已定位，但失败、未完成和持久数据的去留仍需按案例核查,失去旧测试数据库、执行状态或问题复现条件；正式原始证据与Unknown必须保留,逐树确认可重建、无运行绑定且无未解失败/Unknown；必要差异或数据证据先受控保全,保留；本次整体审批不授权删除317个状态目录,未执行；待用户确认
TEST-STATE-199,N4 历史测试状态,需要确认（本次默认保留）,目录,精确执行对象,E:/projects/codex/.agent-work/aether/workspace-support/pc-p4-initialization-orchestration-green-01,,,124,56659242,历史测试/临时state用途已定位，但失败、未完成和持久数据的去留仍需按案例核查,失去旧测试数据库、执行状态或问题复现条件；正式原始证据与Unknown必须保留,逐树确认可重建、无运行绑定且无未解失败/Unknown；必要差异或数据证据先受控保全,保留；本次整体审批不授权删除317个状态目录,未执行；待用户确认
TEST-STATE-200,N4 历史测试状态,需要确认（本次默认保留）,目录,精确执行对象,E:/projects/codex/.agent-work/aether/workspace-support/pc-p4-initialization-orchestration-red-01,,,100,17468335,历史测试/临时state用途已定位，但失败、未完成和持久数据的去留仍需按案例核查,失去旧测试数据库、执行状态或问题复现条件；正式原始证据与Unknown必须保留,逐树确认可重建、无运行绑定且无未解失败/Unknown；必要差异或数据证据先受控保全,保留；本次整体审批不授权删除317个状态目录,未执行；待用户确认
TEST-STATE-201,N4 历史测试状态,需要确认（本次默认保留）,目录,精确执行对象,E:/projects/codex/.agent-work/aether/workspace-support/pc-p4-initialization-orchestration-regression-01,,,731,279367578,历史测试/临时state用途已定位，但失败、未完成和持久数据的去留仍需按案例核查,失去旧测试数据库、执行状态或问题复现条件；正式原始证据与Unknown必须保留,逐树确认可重建、无运行绑定且无未解失败/Unknown；必要差异或数据证据先受控保全,保留；本次整体审批不授权删除317个状态目录,未执行；待用户确认
TEST-STATE-202,N4 历史测试状态,需要确认（本次默认保留）,目录,精确执行对象,E:/projects/codex/.agent-work/aether/workspace-support/pc-p4-initialization-process-green-01,,,20,14794254,历史测试/临时state用途已定位，但失败、未完成和持久数据的去留仍需按案例核查,失去旧测试数据库、执行状态或问题复现条件；正式原始证据与Unknown必须保留,逐树确认可重建、无运行绑定且无未解失败/Unknown；必要差异或数据证据先受控保全,保留；本次整体审批不授权删除317个状态目录,未执行；待用户确认
TEST-STATE-203,N4 历史测试状态,需要确认（本次默认保留）,目录,精确执行对象,E:/projects/codex/.agent-work/aether/workspace-support/pc-p4-initialization-regression-01,,,1159,45846058,历史测试/临时state用途已定位，但失败、未完成和持久数据的去留仍需按案例核查,失去旧测试数据库、执行状态或问题复现条件；正式原始证据与Unknown必须保留,逐树确认可重建、无运行绑定且无未解失败/Unknown；必要差异或数据证据先受控保全,保留；本次整体审批不授权删除317个状态目录,未执行；待用户确认
TEST-STATE-204,N4 历史测试状态,需要确认（本次默认保留）,目录,精确执行对象,E:/projects/codex/.agent-work/aether/workspace-support/pc-p4-local-gateway-green,,,21,14236573,历史测试/临时state用途已定位，但失败、未完成和持久数据的去留仍需按案例核查,失去旧测试数据库、执行状态或问题复现条件；正式原始证据与Unknown必须保留,逐树确认可重建、无运行绑定且无未解失败/Unknown；必要差异或数据证据先受控保全,保留；本次整体审批不授权删除317个状态目录,未执行；待用户确认
TEST-STATE-205,N4 历史测试状态,需要确认（本次默认保留）,目录,精确执行对象,E:/projects/codex/.agent-work/aether/workspace-support/pc-p4-local-gateway-red,,,12,847149,历史测试/临时state用途已定位，但失败、未完成和持久数据的去留仍需按案例核查,失去旧测试数据库、执行状态或问题复现条件；正式原始证据与Unknown必须保留,逐树确认可重建、无运行绑定且无未解失败/Unknown；必要差异或数据证据先受控保全,保留；本次整体审批不授权删除317个状态目录,未执行；待用户确认
TEST-STATE-206,N4 历史测试状态,需要确认（本次默认保留）,目录,精确执行对象,E:/projects/codex/.agent-work/aether/workspace-support/pc-p4-lookup-client-red,,,6,119771,历史测试/临时state用途已定位，但失败、未完成和持久数据的去留仍需按案例核查,失去旧测试数据库、执行状态或问题复现条件；正式原始证据与Unknown必须保留,逐树确认可重建、无运行绑定且无未解失败/Unknown；必要差异或数据证据先受控保全,保留；本次整体审批不授权删除317个状态目录,未执行；待用户确认
TEST-STATE-207,N4 历史测试状态,需要确认（本次默认保留）,目录,精确执行对象,E:/projects/codex/.agent-work/aether/workspace-support/pc-p4-lookup-consumer-green,,,59,6683532,历史测试/临时state用途已定位，但失败、未完成和持久数据的去留仍需按案例核查,失去旧测试数据库、执行状态或问题复现条件；正式原始证据与Unknown必须保留,逐树确认可重建、无运行绑定且无未解失败/Unknown；必要差异或数据证据先受控保全,保留；本次整体审批不授权删除317个状态目录,未执行；待用户确认
TEST-STATE-208,N4 历史测试状态,需要确认（本次默认保留）,目录,精确执行对象,E:/projects/codex/.agent-work/aether/workspace-support/pc-p4-lookup-temporal-regression,,,176,53316215,历史测试/临时state用途已定位，但失败、未完成和持久数据的去留仍需按案例核查,失去旧测试数据库、执行状态或问题复现条件；正式原始证据与Unknown必须保留,逐树确认可重建、无运行绑定且无未解失败/Unknown；必要差异或数据证据先受控保全,保留；本次整体审批不授权删除317个状态目录,未执行；待用户确认
TEST-STATE-209,N4 历史测试状态,需要确认（本次默认保留）,目录,精确执行对象,E:/projects/codex/.agent-work/aether/workspace-support/pc-p4-lookup-unit-final,,,179,6856651,历史测试/临时state用途已定位，但失败、未完成和持久数据的去留仍需按案例核查,失去旧测试数据库、执行状态或问题复现条件；正式原始证据与Unknown必须保留,逐树确认可重建、无运行绑定且无未解失败/Unknown；必要差异或数据证据先受控保全,保留；本次整体审批不授权删除317个状态目录,未执行；待用户确认
TEST-STATE-210,N4 历史测试状态,需要确认（本次默认保留）,目录,精确执行对象,E:/projects/codex/.agent-work/aether/workspace-support/pc-p4-origin-green,,,2,35,历史测试/临时state用途已定位，但失败、未完成和持久数据的去留仍需按案例核查,失去旧测试数据库、执行状态或问题复现条件；正式原始证据与Unknown必须保留,逐树确认可重建、无运行绑定且无未解失败/Unknown；必要差异或数据证据先受控保全,保留；本次整体审批不授权删除317个状态目录,未执行；待用户确认
TEST-STATE-211,N4 历史测试状态,需要确认（本次默认保留）,目录,精确执行对象,E:/projects/codex/.agent-work/aether/workspace-support/pc-p4-original-operation-lookup-green,,,35,4962383,历史测试/临时state用途已定位，但失败、未完成和持久数据的去留仍需按案例核查,失去旧测试数据库、执行状态或问题复现条件；正式原始证据与Unknown必须保留,逐树确认可重建、无运行绑定且无未解失败/Unknown；必要差异或数据证据先受控保全,保留；本次整体审批不授权删除317个状态目录,未执行；待用户确认
TEST-STATE-212,N4 历史测试状态,需要确认（本次默认保留）,目录,精确执行对象,E:/projects/codex/.agent-work/aether/workspace-support/pc-p4-original-operation-lookup-red,,,34,4323941,历史测试/临时state用途已定位，但失败、未完成和持久数据的去留仍需按案例核查,失去旧测试数据库、执行状态或问题复现条件；正式原始证据与Unknown必须保留,逐树确认可重建、无运行绑定且无未解失败/Unknown；必要差异或数据证据先受控保全,保留；本次整体审批不授权删除317个状态目录,未执行；待用户确认
TEST-STATE-213,N4 历史测试状态,需要确认（本次默认保留）,目录,精确执行对象,E:/projects/codex/.agent-work/aether/workspace-support/pc-p4-process-restart-red-ready,,,27,28694804,历史测试/临时state用途已定位，但失败、未完成和持久数据的去留仍需按案例核查,失去旧测试数据库、执行状态或问题复现条件；正式原始证据与Unknown必须保留,逐树确认可重建、无运行绑定且无未解失败/Unknown；必要差异或数据证据先受控保全,保留；本次整体审批不授权删除317个状态目录,未执行；待用户确认
TEST-STATE-214,N4 历史测试状态,需要确认（本次默认保留）,目录,精确执行对象,E:/projects/codex/.agent-work/aether/workspace-support/pc-p4-reconcile-document-green-01,,,37,4361226,历史测试/临时state用途已定位，但失败、未完成和持久数据的去留仍需按案例核查,失去旧测试数据库、执行状态或问题复现条件；正式原始证据与Unknown必须保留,逐树确认可重建、无运行绑定且无未解失败/Unknown；必要差异或数据证据先受控保全,保留；本次整体审批不授权删除317个状态目录,未执行；待用户确认
TEST-STATE-215,N4 历史测试状态,需要确认（本次默认保留）,目录,精确执行对象,E:/projects/codex/.agent-work/aether/workspace-support/pc-p4-reconcile-focused-02,,,27,3036237,历史测试/临时state用途已定位，但失败、未完成和持久数据的去留仍需按案例核查,失去旧测试数据库、执行状态或问题复现条件；正式原始证据与Unknown必须保留,逐树确认可重建、无运行绑定且无未解失败/Unknown；必要差异或数据证据先受控保全,保留；本次整体审批不授权删除317个状态目录,未执行；待用户确认
TEST-STATE-216,N4 历史测试状态,需要确认（本次默认保留）,目录,精确执行对象,E:/projects/codex/.agent-work/aether/workspace-support/pc-p4-reconcile-initial-01,,,27,2991181,历史测试/临时state用途已定位，但失败、未完成和持久数据的去留仍需按案例核查,失去旧测试数据库、执行状态或问题复现条件；正式原始证据与Unknown必须保留,逐树确认可重建、无运行绑定且无未解失败/Unknown；必要差异或数据证据先受控保全,保留；本次整体审批不授权删除317个状态目录,未执行；待用户确认
TEST-STATE-217,N4 历史测试状态,需要确认（本次默认保留）,目录,精确执行对象,E:/projects/codex/.agent-work/aether/workspace-support/pc-p4-reconcile-red-01,,,27,2970697,历史测试/临时state用途已定位，但失败、未完成和持久数据的去留仍需按案例核查,失去旧测试数据库、执行状态或问题复现条件；正式原始证据与Unknown必须保留,逐树确认可重建、无运行绑定且无未解失败/Unknown；必要差异或数据证据先受控保全,保留；本次整体审批不授权删除317个状态目录,未执行；待用户确认
TEST-STATE-218,N4 历史测试状态,需要确认（本次默认保留）,目录,精确执行对象,E:/projects/codex/.agent-work/aether/workspace-support/pc-p4-reconcile-regression-01,,,700,342484829,历史测试/临时state用途已定位，但失败、未完成和持久数据的去留仍需按案例核查,失去旧测试数据库、执行状态或问题复现条件；正式原始证据与Unknown必须保留,逐树确认可重建、无运行绑定且无未解失败/Unknown；必要差异或数据证据先受控保全,保留；本次整体审批不授权删除317个状态目录,未执行；待用户确认
TEST-STATE-219,N4 历史测试状态,需要确认（本次默认保留）,目录,精确执行对象,E:/projects/codex/.agent-work/aether/workspace-support/pc-p4-reconcile-stories-01,,,109,89783196,历史测试/临时state用途已定位，但失败、未完成和持久数据的去留仍需按案例核查,失去旧测试数据库、执行状态或问题复现条件；正式原始证据与Unknown必须保留,逐树确认可重建、无运行绑定且无未解失败/Unknown；必要差异或数据证据先受控保全,保留；本次整体审批不授权删除317个状态目录,未执行；待用户确认
TEST-STATE-220,N4 历史测试状态,需要确认（本次默认保留）,目录,精确执行对象,E:/projects/codex/.agent-work/aether/workspace-support/pc-p4-recovery-read-client-green-01,,,143,5614851,历史测试/临时state用途已定位，但失败、未完成和持久数据的去留仍需按案例核查,失去旧测试数据库、执行状态或问题复现条件；正式原始证据与Unknown必须保留,逐树确认可重建、无运行绑定且无未解失败/Unknown；必要差异或数据证据先受控保全,保留；本次整体审批不授权删除317个状态目录,未执行；待用户确认
TEST-STATE-221,N4 历史测试状态,需要确认（本次默认保留）,目录,精确执行对象,E:/projects/codex/.agent-work/aether/workspace-support/pc-p4-recovery-read-client-red-01,,,352,13418223,历史测试/临时state用途已定位，但失败、未完成和持久数据的去留仍需按案例核查,失去旧测试数据库、执行状态或问题复现条件；正式原始证据与Unknown必须保留,逐树确认可重建、无运行绑定且无未解失败/Unknown；必要差异或数据证据先受控保全,保留；本次整体审批不授权删除317个状态目录,未执行；待用户确认
TEST-STATE-222,N4 历史测试状态,需要确认（本次默认保留）,目录,精确执行对象,E:/projects/codex/.agent-work/aether/workspace-support/pc-p4-recovery-read-final-01,,,446,18490519,历史测试/临时state用途已定位，但失败、未完成和持久数据的去留仍需按案例核查,失去旧测试数据库、执行状态或问题复现条件；正式原始证据与Unknown必须保留,逐树确认可重建、无运行绑定且无未解失败/Unknown；必要差异或数据证据先受控保全,保留；本次整体审批不授权删除317个状态目录,未执行；待用户确认
TEST-STATE-223,N4 历史测试状态,需要确认（本次默认保留）,目录,精确执行对象,E:/projects/codex/.agent-work/aether/workspace-support/pc-p4-recovery-read-green-01,,,217,8709841,历史测试/临时state用途已定位，但失败、未完成和持久数据的去留仍需按案例核查,失去旧测试数据库、执行状态或问题复现条件；正式原始证据与Unknown必须保留,逐树确认可重建、无运行绑定且无未解失败/Unknown；必要差异或数据证据先受控保全,保留；本次整体审批不授权删除317个状态目录,未执行；待用户确认
TEST-STATE-224,N4 历史测试状态,需要确认（本次默认保留）,目录,精确执行对象,E:/projects/codex/.agent-work/aether/workspace-support/pc-p4-recovery-read-red-01,,,217,8713935,历史测试/临时state用途已定位，但失败、未完成和持久数据的去留仍需按案例核查,失去旧测试数据库、执行状态或问题复现条件；正式原始证据与Unknown必须保留,逐树确认可重建、无运行绑定且无未解失败/Unknown；必要差异或数据证据先受控保全,保留；本次整体审批不授权删除317个状态目录,未执行；待用户确认
TEST-STATE-225,N4 历史测试状态,需要确认（本次默认保留）,目录,精确执行对象,E:/projects/codex/.agent-work/aether/workspace-support/pc-p4-recovery-read-regression-01,,,1375,62282695,历史测试/临时state用途已定位，但失败、未完成和持久数据的去留仍需按案例核查,失去旧测试数据库、执行状态或问题复现条件；正式原始证据与Unknown必须保留,逐树确认可重建、无运行绑定且无未解失败/Unknown；必要差异或数据证据先受控保全,保留；本次整体审批不授权删除317个状态目录,未执行；待用户确认
TEST-STATE-226,N4 历史测试状态,需要确认（本次默认保留）,目录,精确执行对象,E:/projects/codex/.agent-work/aether/workspace-support/pc-p4-recovery-read-safety-green-01,,,396,15051647,历史测试/临时state用途已定位，但失败、未完成和持久数据的去留仍需按案例核查,失去旧测试数据库、执行状态或问题复现条件；正式原始证据与Unknown必须保留,逐树确认可重建、无运行绑定且无未解失败/Unknown；必要差异或数据证据先受控保全,保留；本次整体审批不授权删除317个状态目录,未执行；待用户确认
TEST-STATE-227,N4 历史测试状态,需要确认（本次默认保留）,目录,精确执行对象,E:/projects/codex/.agent-work/aether/workspace-support/pc-p4-recovery-read-safety-red-01,,,286,11747277,历史测试/临时state用途已定位，但失败、未完成和持久数据的去留仍需按案例核查,失去旧测试数据库、执行状态或问题复现条件；正式原始证据与Unknown必须保留,逐树确认可重建、无运行绑定且无未解失败/Unknown；必要差异或数据证据先受控保全,保留；本次整体审批不授权删除317个状态目录,未执行；待用户确认
TEST-STATE-228,N4 历史测试状态,需要确认（本次默认保留）,目录,精确执行对象,E:/projects/codex/.agent-work/aether/workspace-support/pc-p4-registry-api-green,,,27,1504331,历史测试/临时state用途已定位，但失败、未完成和持久数据的去留仍需按案例核查,失去旧测试数据库、执行状态或问题复现条件；正式原始证据与Unknown必须保留,逐树确认可重建、无运行绑定且无未解失败/Unknown；必要差异或数据证据先受控保全,保留；本次整体审批不授权删除317个状态目录,未执行；待用户确认
TEST-STATE-229,N4 历史测试状态,需要确认（本次默认保留）,目录,精确执行对象,E:/projects/codex/.agent-work/aether/workspace-support/pc-p4-registry-api-red,,,27,1492041,历史测试/临时state用途已定位，但失败、未完成和持久数据的去留仍需按案例核查,失去旧测试数据库、执行状态或问题复现条件；正式原始证据与Unknown必须保留,逐树确认可重建、无运行绑定且无未解失败/Unknown；必要差异或数据证据先受控保全,保留；本次整体审批不授权删除317个状态目录,未执行；待用户确认
TEST-STATE-230,N4 历史测试状态,需要确认（本次默认保留）,目录,精确执行对象,E:/projects/codex/.agent-work/aether/workspace-support/pc-p4-registry-boundary-green,,,6,119771,历史测试/临时state用途已定位，但失败、未完成和持久数据的去留仍需按案例核查,失去旧测试数据库、执行状态或问题复现条件；正式原始证据与Unknown必须保留,逐树确认可重建、无运行绑定且无未解失败/Unknown；必要差异或数据证据先受控保全,保留；本次整体审批不授权删除317个状态目录,未执行；待用户确认
TEST-STATE-231,N4 历史测试状态,需要确认（本次默认保留）,目录,精确执行对象,E:/projects/codex/.agent-work/aether/workspace-support/pc-p4-registry-final-integrated,,,308,156836497,历史测试/临时state用途已定位，但失败、未完成和持久数据的去留仍需按案例核查,失去旧测试数据库、执行状态或问题复现条件；正式原始证据与Unknown必须保留,逐树确认可重建、无运行绑定且无未解失败/Unknown；必要差异或数据证据先受控保全,保留；本次整体审批不授权删除317个状态目录,未执行；待用户确认
TEST-STATE-232,N4 历史测试状态,需要确认（本次默认保留）,目录,精确执行对象,E:/projects/codex/.agent-work/aether/workspace-support/pc-p4-registry-full-unit-final,,,141,1520516,历史测试/临时state用途已定位，但失败、未完成和持久数据的去留仍需按案例核查,失去旧测试数据库、执行状态或问题复现条件；正式原始证据与Unknown必须保留,逐树确认可重建、无运行绑定且无未解失败/Unknown；必要差异或数据证据先受控保全,保留；本次整体审批不授权删除317个状态目录,未执行；待用户确认
TEST-STATE-233,N4 历史测试状态,需要确认（本次默认保留）,目录,精确执行对象,E:/projects/codex/.agent-work/aether/workspace-support/pc-p4-registry-integration-initial,,,198,122705862,历史测试/临时state用途已定位，但失败、未完成和持久数据的去留仍需按案例核查,失去旧测试数据库、执行状态或问题复现条件；正式原始证据与Unknown必须保留,逐树确认可重建、无运行绑定且无未解失败/Unknown；必要差异或数据证据先受控保全,保留；本次整体审批不授权删除317个状态目录,未执行；待用户确认
TEST-STATE-234,N4 历史测试状态,需要确认（本次默认保留）,目录,精确执行对象,E:/projects/codex/.agent-work/aether/workspace-support/pc-p4-registry-inventory-red,,,6,119771,历史测试/临时state用途已定位，但失败、未完成和持久数据的去留仍需按案例核查,失去旧测试数据库、执行状态或问题复现条件；正式原始证据与Unknown必须保留,逐树确认可重建、无运行绑定且无未解失败/Unknown；必要差异或数据证据先受控保全,保留；本次整体审批不授权删除317个状态目录,未执行；待用户确认
TEST-STATE-235,N4 历史测试状态,需要确认（本次默认保留）,目录,精确执行对象,E:/projects/codex/.agent-work/aether/workspace-support/pc-p4-registry-operation-binding-green,,,37,1846287,历史测试/临时state用途已定位，但失败、未完成和持久数据的去留仍需按案例核查,失去旧测试数据库、执行状态或问题复现条件；正式原始证据与Unknown必须保留,逐树确认可重建、无运行绑定且无未解失败/Unknown；必要差异或数据证据先受控保全,保留；本次整体审批不授权删除317个状态目录,未执行；待用户确认
TEST-STATE-236,N4 历史测试状态,需要确认（本次默认保留）,目录,精确执行对象,E:/projects/codex/.agent-work/aether/workspace-support/pc-p4-registry-operation-binding-red,,,12,1009862,历史测试/临时state用途已定位，但失败、未完成和持久数据的去留仍需按案例核查,失去旧测试数据库、执行状态或问题复现条件；正式原始证据与Unknown必须保留,逐树确认可重建、无运行绑定且无未解失败/Unknown；必要差异或数据证据先受控保全,保留；本次整体审批不授权删除317个状态目录,未执行；待用户确认
TEST-STATE-237,N4 历史测试状态,需要确认（本次默认保留）,目录,精确执行对象,E:/projects/codex/.agent-work/aether/workspace-support/pc-p4-registry-process-green,,,44,16041752,历史测试/临时state用途已定位，但失败、未完成和持久数据的去留仍需按案例核查,失去旧测试数据库、执行状态或问题复现条件；正式原始证据与Unknown必须保留,逐树确认可重建、无运行绑定且无未解失败/Unknown；必要差异或数据证据先受控保全,保留；本次整体审批不授权删除317个状态目录,未执行；待用户确认
TEST-STATE-238,N4 历史测试状态,需要确认（本次默认保留）,目录,精确执行对象,E:/projects/codex/.agent-work/aether/workspace-support/pc-p4-registry-recovery-stories-corrected,,,257,152070175,历史测试/临时state用途已定位，但失败、未完成和持久数据的去留仍需按案例核查,失去旧测试数据库、执行状态或问题复现条件；正式原始证据与Unknown必须保留,逐树确认可重建、无运行绑定且无未解失败/Unknown；必要差异或数据证据先受控保全,保留；本次整体审批不授权删除317个状态目录,未执行；待用户确认
TEST-STATE-239,N4 历史测试状态,需要确认（本次默认保留）,目录,精确执行对象,E:/projects/codex/.agent-work/aether/workspace-support/pc-p4-registry-unit-initial,,,5,20124,历史测试/临时state用途已定位，但失败、未完成和持久数据的去留仍需按案例核查,失去旧测试数据库、执行状态或问题复现条件；正式原始证据与Unknown必须保留,逐树确认可重建、无运行绑定且无未解失败/Unknown；必要差异或数据证据先受控保全,保留；本次整体审批不授权删除317个状态目录,未执行；待用户确认
TEST-STATE-240,N4 历史测试状态,需要确认（本次默认保留）,目录,精确执行对象,E:/projects/codex/.agent-work/aether/workspace-support/pc-p4-registry-unknown-effects-green,,,77,3795685,历史测试/临时state用途已定位，但失败、未完成和持久数据的去留仍需按案例核查,失去旧测试数据库、执行状态或问题复现条件；正式原始证据与Unknown必须保留,逐树确认可重建、无运行绑定且无未解失败/Unknown；必要差异或数据证据先受控保全,保留；本次整体审批不授权删除317个状态目录,未执行；待用户确认
TEST-STATE-241,N4 历史测试状态,需要确认（本次默认保留）,目录,精确执行对象,E:/projects/codex/.agent-work/aether/workspace-support/pc-p4-registry-unknown-effects-red,,,27,1487957,历史测试/临时state用途已定位，但失败、未完成和持久数据的去留仍需按案例核查,失去旧测试数据库、执行状态或问题复现条件；正式原始证据与Unknown必须保留,逐树确认可重建、无运行绑定且无未解失败/Unknown；必要差异或数据证据先受控保全,保留；本次整体审批不授权删除317个状态目录,未执行；待用户确认
TEST-STATE-242,N4 历史测试状态,需要确认（本次默认保留）,目录,精确执行对象,E:/projects/codex/.agent-work/aether/workspace-support/pc-p4-state-fault-boundaries,,,120,111090853,历史测试/临时state用途已定位，但失败、未完成和持久数据的去留仍需按案例核查,失去旧测试数据库、执行状态或问题复现条件；正式原始证据与Unknown必须保留,逐树确认可重建、无运行绑定且无未解失败/Unknown；必要差异或数据证据先受控保全,保留；本次整体审批不授权删除317个状态目录,未执行；待用户确认
TEST-STATE-243,N4 历史测试状态,需要确认（本次默认保留）,目录,精确执行对象,E:/projects/codex/.agent-work/aether/workspace-support/pc-p4-state-final-regression,,,1619,327859694,历史测试/临时state用途已定位，但失败、未完成和持久数据的去留仍需按案例核查,失去旧测试数据库、执行状态或问题复现条件；正式原始证据与Unknown必须保留,逐树确认可重建、无运行绑定且无未解失败/Unknown；必要差异或数据证据先受控保全,保留；本次整体审批不授权删除317个状态目录,未执行；待用户确认
TEST-STATE-244,N4 历史测试状态,需要确认（本次默认保留）,目录,精确执行对象,E:/projects/codex/.agent-work/aether/workspace-support/pc-p4-state-input-race-diagnostic,,,7,840936,历史测试/临时state用途已定位，但失败、未完成和持久数据的去留仍需按案例核查,失去旧测试数据库、执行状态或问题复现条件；正式原始证据与Unknown必须保留,逐树确认可重建、无运行绑定且无未解失败/Unknown；必要差异或数据证据先受控保全,保留；本次整体审批不授权删除317个状态目录,未执行；待用户确认
TEST-STATE-245,N4 历史测试状态,需要确认（本次默认保留）,目录,精确执行对象,E:/projects/codex/.agent-work/aether/workspace-support/pc-p4-state-input-race-evidence,,,8,841279,历史测试/临时state用途已定位，但失败、未完成和持久数据的去留仍需按案例核查,失去旧测试数据库、执行状态或问题复现条件；正式原始证据与Unknown必须保留,逐树确认可重建、无运行绑定且无未解失败/Unknown；必要差异或数据证据先受控保全,保留；本次整体审批不授权删除317个状态目录,未执行；待用户确认
TEST-STATE-246,N4 历史测试状态,需要确认（本次默认保留）,目录,精确执行对象,E:/projects/codex/.agent-work/aether/workspace-support/pc-p4-state-input-race-evidence-r1,,,8,841282,历史测试/临时state用途已定位，但失败、未完成和持久数据的去留仍需按案例核查,失去旧测试数据库、执行状态或问题复现条件；正式原始证据与Unknown必须保留,逐树确认可重建、无运行绑定且无未解失败/Unknown；必要差异或数据证据先受控保全,保留；本次整体审批不授权删除317个状态目录,未执行；待用户确认
TEST-STATE-247,N4 历史测试状态,需要确认（本次默认保留）,目录,精确执行对象,E:/projects/codex/.agent-work/aether/workspace-support/pc-p4-state-input-race-evidence-r2,,,8,837186,历史测试/临时state用途已定位，但失败、未完成和持久数据的去留仍需按案例核查,失去旧测试数据库、执行状态或问题复现条件；正式原始证据与Unknown必须保留,逐树确认可重建、无运行绑定且无未解失败/Unknown；必要差异或数据证据先受控保全,保留；本次整体审批不授权删除317个状态目录,未执行；待用户确认
TEST-STATE-248,N4 历史测试状态,需要确认（本次默认保留）,目录,精确执行对象,E:/projects/codex/.agent-work/aether/workspace-support/pc-p4-state-input-race-evidence-r3,,,8,841282,历史测试/临时state用途已定位，但失败、未完成和持久数据的去留仍需按案例核查,失去旧测试数据库、执行状态或问题复现条件；正式原始证据与Unknown必须保留,逐树确认可重建、无运行绑定且无未解失败/Unknown；必要差异或数据证据先受控保全,保留；本次整体审批不授权删除317个状态目录,未执行；待用户确认
TEST-STATE-249,N4 历史测试状态,需要确认（本次默认保留）,目录,精确执行对象,E:/projects/codex/.agent-work/aether/workspace-support/pc-p4-state-input-race-evidence-r4,,,8,841282,历史测试/临时state用途已定位，但失败、未完成和持久数据的去留仍需按案例核查,失去旧测试数据库、执行状态或问题复现条件；正式原始证据与Unknown必须保留,逐树确认可重建、无运行绑定且无未解失败/Unknown；必要差异或数据证据先受控保全,保留；本次整体审批不授权删除317个状态目录,未执行；待用户确认
TEST-STATE-250,N4 历史测试状态,需要确认（本次默认保留）,目录,精确执行对象,E:/projects/codex/.agent-work/aether/workspace-support/pc-p4-state-input-race-evidence-r5,,,8,837186,历史测试/临时state用途已定位，但失败、未完成和持久数据的去留仍需按案例核查,失去旧测试数据库、执行状态或问题复现条件；正式原始证据与Unknown必须保留,逐树确认可重建、无运行绑定且无未解失败/Unknown；必要差异或数据证据先受控保全,保留；本次整体审批不授权删除317个状态目录,未执行；待用户确认
TEST-STATE-251,N4 历史测试状态,需要确认（本次默认保留）,目录,精确执行对象,E:/projects/codex/.agent-work/aether/workspace-support/pc-p4-state-process-stories,,,207,183255845,历史测试/临时state用途已定位，但失败、未完成和持久数据的去留仍需按案例核查,失去旧测试数据库、执行状态或问题复现条件；正式原始证据与Unknown必须保留,逐树确认可重建、无运行绑定且无未解失败/Unknown；必要差异或数据证据先受控保全,保留；本次整体审批不授权删除317个状态目录,未执行；待用户确认
TEST-STATE-252,N4 历史测试状态,需要确认（本次默认保留）,目录,精确执行对象,E:/projects/codex/.agent-work/aether/workspace-support/pc-p4-state-stories-default-policy,,,82,94809005,历史测试/临时state用途已定位，但失败、未完成和持久数据的去留仍需按案例核查,失去旧测试数据库、执行状态或问题复现条件；正式原始证据与Unknown必须保留,逐树确认可重建、无运行绑定且无未解失败/Unknown；必要差异或数据证据先受控保全,保留；本次整体审批不授权删除317个状态目录,未执行；待用户确认
TEST-STATE-253,N4 历史测试状态,需要确认（本次默认保留）,目录,精确执行对象,E:/projects/codex/.agent-work/aether/workspace-support/pc-p4-state-stories-initial,,,113,112170976,历史测试/临时state用途已定位，但失败、未完成和持久数据的去留仍需按案例核查,失去旧测试数据库、执行状态或问题复现条件；正式原始证据与Unknown必须保留,逐树确认可重建、无运行绑定且无未解失败/Unknown；必要差异或数据证据先受控保全,保留；本次整体审批不授权删除317个状态目录,未执行；待用户确认
TEST-STATE-254,N4 历史测试状态,需要确认（本次默认保留）,目录,精确执行对象,E:/projects/codex/.agent-work/aether/workspace-support/pc-p4-state-transport-initial,,,20,14835187,历史测试/临时state用途已定位，但失败、未完成和持久数据的去留仍需按案例核查,失去旧测试数据库、执行状态或问题复现条件；正式原始证据与Unknown必须保留,逐树确认可重建、无运行绑定且无未解失败/Unknown；必要差异或数据证据先受控保全,保留；本次整体审批不授权删除317个状态目录,未执行；待用户确认
TEST-STATE-255,N4 历史测试状态,需要确认（本次默认保留）,目录,精确执行对象,E:/projects/codex/.agent-work/aether/workspace-support/pc-p4-state-transport-red,,,20,13946351,历史测试/临时state用途已定位，但失败、未完成和持久数据的去留仍需按案例核查,失去旧测试数据库、执行状态或问题复现条件；正式原始证据与Unknown必须保留,逐树确认可重建、无运行绑定且无未解失败/Unknown；必要差异或数据证据先受控保全,保留；本次整体审批不授权删除317个状态目录,未执行；待用户确认
TEST-STATE-256,N4 历史测试状态,需要确认（本次默认保留）,目录,精确执行对象,E:/projects/codex/.agent-work/aether/workspace-support/pc-p4-transfer-boundaries-01,,,147,6312097,历史测试/临时state用途已定位，但失败、未完成和持久数据的去留仍需按案例核查,失去旧测试数据库、执行状态或问题复现条件；正式原始证据与Unknown必须保留,逐树确认可重建、无运行绑定且无未解失败/Unknown；必要差异或数据证据先受控保全,保留；本次整体审批不授权删除317个状态目录,未执行；待用户确认
TEST-STATE-257,N4 历史测试状态,需要确认（本次默认保留）,目录,精确执行对象,E:/projects/codex/.agent-work/aether/workspace-support/pc-p4-transfer-client-initial-01,,,12,1767618,历史测试/临时state用途已定位，但失败、未完成和持久数据的去留仍需按案例核查,失去旧测试数据库、执行状态或问题复现条件；正式原始证据与Unknown必须保留,逐树确认可重建、无运行绑定且无未解失败/Unknown；必要差异或数据证据先受控保全,保留；本次整体审批不授权删除317个状态目录,未执行；待用户确认
TEST-STATE-258,N4 历史测试状态,需要确认（本次默认保留）,目录,精确执行对象,E:/projects/codex/.agent-work/aether/workspace-support/pc-p4-transfer-client-red-01,,,12,1702078,历史测试/临时state用途已定位，但失败、未完成和持久数据的去留仍需按案例核查,失去旧测试数据库、执行状态或问题复现条件；正式原始证据与Unknown必须保留,逐树确认可重建、无运行绑定且无未解失败/Unknown；必要差异或数据证据先受控保全,保留；本次整体审批不授权删除317个状态目录,未执行；待用户确认
TEST-STATE-259,N4 历史测试状态,需要确认（本次默认保留）,目录,精确执行对象,E:/projects/codex/.agent-work/aether/workspace-support/pc-p4-transfer-core-initial-01,,,62,2797390,历史测试/临时state用途已定位，但失败、未完成和持久数据的去留仍需按案例核查,失去旧测试数据库、执行状态或问题复现条件；正式原始证据与Unknown必须保留,逐树确认可重建、无运行绑定且无未解失败/Unknown；必要差异或数据证据先受控保全,保留；本次整体审批不授权删除317个状态目录,未执行；待用户确认
TEST-STATE-260,N4 历史测试状态,需要确认（本次默认保留）,目录,精确执行对象,E:/projects/codex/.agent-work/aether/workspace-support/pc-p4-transfer-core-red-01,,,52,2418580,历史测试/临时state用途已定位，但失败、未完成和持久数据的去留仍需按案例核查,失去旧测试数据库、执行状态或问题复现条件；正式原始证据与Unknown必须保留,逐树确认可重建、无运行绑定且无未解失败/Unknown；必要差异或数据证据先受控保全,保留；本次整体审批不授权删除317个状态目录,未执行；待用户确认
TEST-STATE-261,N4 历史测试状态,需要确认（本次默认保留）,目录,精确执行对象,E:/projects/codex/.agent-work/aether/workspace-support/pc-p4-transfer-evidence-green-01,,,12,875468,历史测试/临时state用途已定位，但失败、未完成和持久数据的去留仍需按案例核查,失去旧测试数据库、执行状态或问题复现条件；正式原始证据与Unknown必须保留,逐树确认可重建、无运行绑定且无未解失败/Unknown；必要差异或数据证据先受控保全,保留；本次整体审批不授权删除317个状态目录,未执行；待用户确认
TEST-STATE-262,N4 历史测试状态,需要确认（本次默认保留）,目录,精确执行对象,E:/projects/codex/.agent-work/aether/workspace-support/pc-p4-transfer-evidence-red-01,,,2,4608,历史测试/临时state用途已定位，但失败、未完成和持久数据的去留仍需按案例核查,失去旧测试数据库、执行状态或问题复现条件；正式原始证据与Unknown必须保留,逐树确认可重建、无运行绑定且无未解失败/Unknown；必要差异或数据证据先受控保全,保留；本次整体审批不授权删除317个状态目录,未执行；待用户确认
TEST-STATE-263,N4 历史测试状态,需要确认（本次默认保留）,目录,精确执行对象,E:/projects/codex/.agent-work/aether/workspace-support/pc-p4-transfer-evidence-red-02,,,9,849802,历史测试/临时state用途已定位，但失败、未完成和持久数据的去留仍需按案例核查,失去旧测试数据库、执行状态或问题复现条件；正式原始证据与Unknown必须保留,逐树确认可重建、无运行绑定且无未解失败/Unknown；必要差异或数据证据先受控保全,保留；本次整体审批不授权删除317个状态目录,未执行；待用户确认
TEST-STATE-264,N4 历史测试状态,需要确认（本次默认保留）,目录,精确执行对象,E:/projects/codex/.agent-work/aether/workspace-support/pc-p4-transfer-hold-red-01,,,12,1022140,历史测试/临时state用途已定位，但失败、未完成和持久数据的去留仍需按案例核查,失去旧测试数据库、执行状态或问题复现条件；正式原始证据与Unknown必须保留,逐树确认可重建、无运行绑定且无未解失败/Unknown；必要差异或数据证据先受控保全,保留；本次整体审批不授权删除317个状态目录,未执行；待用户确认
TEST-STATE-265,N4 历史测试状态,需要确认（本次默认保留）,目录,精确执行对象,E:/projects/codex/.agent-work/aether/workspace-support/pc-p4-transfer-races-01,,,310,12491345,历史测试/临时state用途已定位，但失败、未完成和持久数据的去留仍需按案例核查,失去旧测试数据库、执行状态或问题复现条件；正式原始证据与Unknown必须保留,逐树确认可重建、无运行绑定且无未解失败/Unknown；必要差异或数据证据先受控保全,保留；本次整体审批不授权删除317个状态目录,未执行；待用户确认
TEST-STATE-266,N4 历史测试状态,需要确认（本次默认保留）,目录,精确执行对象,E:/projects/codex/.agent-work/aether/workspace-support/pc-p4-transfer-regression-01,,,1424,387243262,历史测试/临时state用途已定位，但失败、未完成和持久数据的去留仍需按案例核查,失去旧测试数据库、执行状态或问题复现条件；正式原始证据与Unknown必须保留,逐树确认可重建、无运行绑定且无未解失败/Unknown；必要差异或数据证据先受控保全,保留；本次整体审批不授权删除317个状态目录,未执行；待用户确认
TEST-STATE-267,N4 历史测试状态,需要确认（本次默认保留）,目录,精确执行对象,E:/projects/codex/.agent-work/aether/workspace-support/pc-p4-transfer-state-fixture-01,,,32,1722413,历史测试/临时state用途已定位，但失败、未完成和持久数据的去留仍需按案例核查,失去旧测试数据库、执行状态或问题复现条件；正式原始证据与Unknown必须保留,逐树确认可重建、无运行绑定且无未解失败/Unknown；必要差异或数据证据先受控保全,保留；本次整体审批不授权删除317个状态目录,未执行；待用户确认
TEST-STATE-268,N4 历史测试状态,需要确认（本次默认保留）,目录,精确执行对象,E:/projects/codex/.agent-work/aether/workspace-support/pc-pending-recall-bootstrap-red,,,7,804070,历史测试/临时state用途已定位，但失败、未完成和持久数据的去留仍需按案例核查,失去旧测试数据库、执行状态或问题复现条件；正式原始证据与Unknown必须保留,逐树确认可重建、无运行绑定且无未解失败/Unknown；必要差异或数据证据先受控保全,保留；本次整体审批不授权删除317个状态目录,未执行；待用户确认
TEST-STATE-269,N4 历史测试状态,需要确认（本次默认保留）,目录,精确执行对象,E:/projects/codex/.agent-work/aether/workspace-support/pc-results-states-final-regression,,,1522,247625399,历史测试/临时state用途已定位，但失败、未完成和持久数据的去留仍需按案例核查,失去旧测试数据库、执行状态或问题复现条件；正式原始证据与Unknown必须保留,逐树确认可重建、无运行绑定且无未解失败/Unknown；必要差异或数据证据先受控保全,保留；本次整体审批不授权删除317个状态目录,未执行；待用户确认
TEST-STATE-270,N4 历史测试状态,需要确认（本次默认保留）,目录,精确执行对象,E:/projects/codex/.agent-work/aether/workspace-support/pc-server-http-confirmation-targeted,,,228,25545205,历史测试/临时state用途已定位，但失败、未完成和持久数据的去留仍需按案例核查,失去旧测试数据库、执行状态或问题复现条件；正式原始证据与Unknown必须保留,逐树确认可重建、无运行绑定且无未解失败/Unknown；必要差异或数据证据先受控保全,保留；本次整体审批不授权删除317个状态目录,未执行；待用户确认
TEST-STATE-271,N4 历史测试状态,需要确认（本次默认保留）,目录,精确执行对象,E:/projects/codex/.agent-work/aether/workspace-support/pc-server-http-evidence-and-restart-green,,,124,13684169,历史测试/临时state用途已定位，但失败、未完成和持久数据的去留仍需按案例核查,失去旧测试数据库、执行状态或问题复现条件；正式原始证据与Unknown必须保留,逐树确认可重建、无运行绑定且无未解失败/Unknown；必要差异或数据证据先受控保全,保留；本次整体审批不授权删除317个状态目录,未执行；待用户确认
TEST-STATE-272,N4 历史测试状态,需要确认（本次默认保留）,目录,精确执行对象,E:/projects/codex/.agent-work/aether/workspace-support/pc-server-http-evidence-green-initial,,,104,13821681,历史测试/临时state用途已定位，但失败、未完成和持久数据的去留仍需按案例核查,失去旧测试数据库、执行状态或问题复现条件；正式原始证据与Unknown必须保留,逐树确认可重建、无运行绑定且无未解失败/Unknown；必要差异或数据证据先受控保全,保留；本次整体审批不授权删除317个状态目录,未执行；待用户确认
TEST-STATE-273,N4 历史测试状态,需要确认（本次默认保留）,目录,精确执行对象,E:/projects/codex/.agent-work/aether/workspace-support/pc-server-http-evidence-red,,,88,9839278,历史测试/临时state用途已定位，但失败、未完成和持久数据的去留仍需按案例核查,失去旧测试数据库、执行状态或问题复现条件；正式原始证据与Unknown必须保留,逐树确认可重建、无运行绑定且无未解失败/Unknown；必要差异或数据证据先受控保全,保留；本次整体审批不授权删除317个状态目录,未执行；待用户确认
TEST-STATE-274,N4 历史测试状态,需要确认（本次默认保留）,目录,精确执行对象,E:/projects/codex/.agent-work/aether/workspace-support/pc-t01-occurrence-contract,,,11,5419462,历史测试/临时state用途已定位，但失败、未完成和持久数据的去留仍需按案例核查,失去旧测试数据库、执行状态或问题复现条件；正式原始证据与Unknown必须保留,逐树确认可重建、无运行绑定且无未解失败/Unknown；必要差异或数据证据先受控保全,保留；本次整体审批不授权删除317个状态目录,未执行；待用户确认
TEST-STATE-275,N4 历史测试状态,需要确认（本次默认保留）,目录,精确执行对象,E:/projects/codex/.agent-work/aether/workspace-support/pc-t01-occurrence-green,,,12,5145045,历史测试/临时state用途已定位，但失败、未完成和持久数据的去留仍需按案例核查,失去旧测试数据库、执行状态或问题复现条件；正式原始证据与Unknown必须保留,逐树确认可重建、无运行绑定且无未解失败/Unknown；必要差异或数据证据先受控保全,保留；本次整体审批不授权删除317个状态目录,未执行；待用户确认
TEST-STATE-276,N4 历史测试状态,需要确认（本次默认保留）,目录,精确执行对象,E:/projects/codex/.agent-work/aether/workspace-support/pc-t01-p4-chain,,,111,76878873,历史测试/临时state用途已定位，但失败、未完成和持久数据的去留仍需按案例核查,失去旧测试数据库、执行状态或问题复现条件；正式原始证据与Unknown必须保留,逐树确认可重建、无运行绑定且无未解失败/Unknown；必要差异或数据证据先受控保全,保留；本次整体审批不授权删除317个状态目录,未执行；待用户确认
TEST-STATE-277,N4 历史测试状态,需要确认（本次默认保留）,目录,精确执行对象,E:/projects/codex/.agent-work/aether/workspace-support/pc-t01-provider-races,,,28,7465617,历史测试/临时state用途已定位，但失败、未完成和持久数据的去留仍需按案例核查,失去旧测试数据库、执行状态或问题复现条件；正式原始证据与Unknown必须保留,逐树确认可重建、无运行绑定且无未解失败/Unknown；必要差异或数据证据先受控保全,保留；本次整体审批不授权删除317个状态目录,未执行；待用户确认
TEST-STATE-278,N4 历史测试状态,需要确认（本次默认保留）,目录,精确执行对象,E:/projects/codex/.agent-work/aether/workspace-support/pc-t02-worker-green,,,34,1791432,历史测试/临时state用途已定位，但失败、未完成和持久数据的去留仍需按案例核查,失去旧测试数据库、执行状态或问题复现条件；正式原始证据与Unknown必须保留,逐树确认可重建、无运行绑定且无未解失败/Unknown；必要差异或数据证据先受控保全,保留；本次整体审批不授权删除317个状态目录,未执行；待用户确认
TEST-STATE-279,N4 历史测试状态,需要确认（本次默认保留）,目录,精确执行对象,E:/projects/codex/.agent-work/aether/workspace-support/pc-t02-worker-red,,,16,1370677,历史测试/临时state用途已定位，但失败、未完成和持久数据的去留仍需按案例核查,失去旧测试数据库、执行状态或问题复现条件；正式原始证据与Unknown必须保留,逐树确认可重建、无运行绑定且无未解失败/Unknown；必要差异或数据证据先受控保全,保留；本次整体审批不授权删除317个状态目录,未执行；待用户确认
TEST-STATE-280,N4 历史测试状态,需要确认（本次默认保留）,目录,精确执行对象,E:/projects/codex/.agent-work/aether/workspace-support/pc-t03-cross-worker-corrected,,,5,864521,历史测试/临时state用途已定位，但失败、未完成和持久数据的去留仍需按案例核查,失去旧测试数据库、执行状态或问题复现条件；正式原始证据与Unknown必须保留,逐树确认可重建、无运行绑定且无未解失败/Unknown；必要差异或数据证据先受控保全,保留；本次整体审批不授权删除317个状态目录,未执行；待用户确认
TEST-STATE-281,N4 历史测试状态,需要确认（本次默认保留）,目录,精确执行对象,E:/projects/codex/.agent-work/aether/workspace-support/pc-t03-cross-worker-first,,,2,667909,历史测试/临时state用途已定位，但失败、未完成和持久数据的去留仍需按案例核查,失去旧测试数据库、执行状态或问题复现条件；正式原始证据与Unknown必须保留,逐树确认可重建、无运行绑定且无未解失败/Unknown；必要差异或数据证据先受控保全,保留；本次整体审批不授权删除317个状态目录,未执行；待用户确认
TEST-STATE-282,N4 历史测试状态,需要确认（本次默认保留）,目录,精确执行对象,E:/projects/codex/.agent-work/aether/workspace-support/pc-t03-cross-worker-isolated,,,5,831752,历史测试/临时state用途已定位，但失败、未完成和持久数据的去留仍需按案例核查,失去旧测试数据库、执行状态或问题复现条件；正式原始证据与Unknown必须保留,逐树确认可重建、无运行绑定且无未解失败/Unknown；必要差异或数据证据先受控保全,保留；本次整体审批不授权删除317个状态目录,未执行；待用户确认
TEST-STATE-283,N4 历史测试状态,需要确认（本次默认保留）,目录,精确执行对象,E:/projects/codex/.agent-work/aether/workspace-support/pc-t03-guard-red,,,2,90112,历史测试/临时state用途已定位，但失败、未完成和持久数据的去留仍需按案例核查,失去旧测试数据库、执行状态或问题复现条件；正式原始证据与Unknown必须保留,逐树确认可重建、无运行绑定且无未解失败/Unknown；必要差异或数据证据先受控保全,保留；本次整体审批不授权删除317个状态目录,未执行；待用户确认
TEST-STATE-284,N4 历史测试状态,需要确认（本次默认保留）,目录,精确执行对象,E:/projects/codex/.agent-work/aether/workspace-support/pc-t03-hydration-safety-corrected,,,9,331788,历史测试/临时state用途已定位，但失败、未完成和持久数据的去留仍需按案例核查,失去旧测试数据库、执行状态或问题复现条件；正式原始证据与Unknown必须保留,逐树确认可重建、无运行绑定且无未解失败/Unknown；必要差异或数据证据先受控保全,保留；本次整体审批不授权删除317个状态目录,未执行；待用户确认
TEST-STATE-285,N4 历史测试状态,需要确认（本次默认保留）,目录,精确执行对象,E:/projects/codex/.agent-work/aether/workspace-support/pc-t03-hydration-safety-red,,,1,19,历史测试/临时state用途已定位，但失败、未完成和持久数据的去留仍需按案例核查,失去旧测试数据库、执行状态或问题复现条件；正式原始证据与Unknown必须保留,逐树确认可重建、无运行绑定且无未解失败/Unknown；必要差异或数据证据先受控保全,保留；本次整体审批不授权删除317个状态目录,未执行；待用户确认
TEST-STATE-286,N4 历史测试状态,需要确认（本次默认保留）,目录,精确执行对象,E:/projects/codex/.agent-work/aether/workspace-support/pc-t03-input-green,,,62,3450993,历史测试/临时state用途已定位，但失败、未完成和持久数据的去留仍需按案例核查,失去旧测试数据库、执行状态或问题复现条件；正式原始证据与Unknown必须保留,逐树确认可重建、无运行绑定且无未解失败/Unknown；必要差异或数据证据先受控保全,保留；本次整体审批不授权删除317个状态目录,未执行；待用户确认
TEST-STATE-287,N4 历史测试状态,需要确认（本次默认保留）,目录,精确执行对象,E:/projects/codex/.agent-work/aether/workspace-support/pc-t03-input-red,,,16,475136,历史测试/临时state用途已定位，但失败、未完成和持久数据的去留仍需按案例核查,失去旧测试数据库、执行状态或问题复现条件；正式原始证据与Unknown必须保留,逐树确认可重建、无运行绑定且无未解失败/Unknown；必要差异或数据证据先受控保全,保留；本次整体审批不授权删除317个状态目录,未执行；待用户确认
TEST-STATE-288,N4 历史测试状态,需要确认（本次默认保留）,目录,精确执行对象,E:/projects/codex/.agent-work/aether/workspace-support/pc-t03-metadata-regression,,,358,84208534,历史测试/临时state用途已定位，但失败、未完成和持久数据的去留仍需按案例核查,失去旧测试数据库、执行状态或问题复现条件；正式原始证据与Unknown必须保留,逐树确认可重建、无运行绑定且无未解失败/Unknown；必要差异或数据证据先受控保全,保留；本次整体审批不授权删除317个状态目录,未执行；待用户确认
TEST-STATE-289,N4 历史测试状态,需要确认（本次默认保留）,目录,精确执行对象,E:/projects/codex/.agent-work/aether/workspace-support/pc-t03-pg-body-first,,,5,151564,历史测试/临时state用途已定位，但失败、未完成和持久数据的去留仍需按案例核查,失去旧测试数据库、执行状态或问题复现条件；正式原始证据与Unknown必须保留,逐树确认可重建、无运行绑定且无未解失败/Unknown；必要差异或数据证据先受控保全,保留；本次整体审批不授权删除317个状态目录,未执行；待用户确认
TEST-STATE-290,N4 历史测试状态,需要确认（本次默认保留）,目录,精确执行对象,E:/projects/codex/.agent-work/aether/workspace-support/pc-t03-pg-body-green,,,7,241676,历史测试/临时state用途已定位，但失败、未完成和持久数据的去留仍需按案例核查,失去旧测试数据库、执行状态或问题复现条件；正式原始证据与Unknown必须保留,逐树确认可重建、无运行绑定且无未解失败/Unknown；必要差异或数据证据先受控保全,保留；本次整体审批不授权删除317个状态目录,未执行；待用户确认
TEST-STATE-291,N4 历史测试状态,需要确认（本次默认保留）,目录,精确执行对象,E:/projects/codex/.agent-work/aether/workspace-support/pc-t03-pg-periodic-clock,,,7,971012,历史测试/临时state用途已定位，但失败、未完成和持久数据的去留仍需按案例核查,失去旧测试数据库、执行状态或问题复现条件；正式原始证据与Unknown必须保留,逐树确认可重建、无运行绑定且无未解失败/Unknown；必要差异或数据证据先受控保全,保留；本次整体审批不授权删除317个状态目录,未执行；待用户确认
TEST-STATE-292,N4 历史测试状态,需要确认（本次默认保留）,目录,精确执行对象,E:/projects/codex/.agent-work/aether/workspace-support/pc-t03-pg-periodic-complete,,,4,758023,历史测试/临时state用途已定位，但失败、未完成和持久数据的去留仍需按案例核查,失去旧测试数据库、执行状态或问题复现条件；正式原始证据与Unknown必须保留,逐树确认可重建、无运行绑定且无未解失败/Unknown；必要差异或数据证据先受控保全,保留；本次整体审批不授权删除317个状态目录,未执行；待用户确认
TEST-STATE-293,N4 历史测试状态,需要确认（本次默认保留）,目录,精确执行对象,E:/projects/codex/.agent-work/aether/workspace-support/pc-t03-pg-periodic-corrected,,,6,925960,历史测试/临时state用途已定位，但失败、未完成和持久数据的去留仍需按案例核查,失去旧测试数据库、执行状态或问题复现条件；正式原始证据与Unknown必须保留,逐树确认可重建、无运行绑定且无未解失败/Unknown；必要差异或数据证据先受控保全,保留；本次整体审批不授权删除317个状态目录,未执行；待用户确认
TEST-STATE-294,N4 历史测试状态,需要确认（本次默认保留）,目录,精确执行对象,E:/projects/codex/.agent-work/aether/workspace-support/pc-t03-pg-periodic-first,,,6,925956,历史测试/临时state用途已定位，但失败、未完成和持久数据的去留仍需按案例核查,失去旧测试数据库、执行状态或问题复现条件；正式原始证据与Unknown必须保留,逐树确认可重建、无运行绑定且无未解失败/Unknown；必要差异或数据证据先受控保全,保留；本次整体审批不授权删除317个状态目录,未执行；待用户确认
TEST-STATE-295,N4 历史测试状态,需要确认（本次默认保留）,目录,精确执行对象,E:/projects/codex/.agent-work/aether/workspace-support/pc-t03-pg-periodic-green,,,4,758020,历史测试/临时state用途已定位，但失败、未完成和持久数据的去留仍需按案例核查,失去旧测试数据库、执行状态或问题复现条件；正式原始证据与Unknown必须保留,逐树确认可重建、无运行绑定且无未解失败/Unknown；必要差异或数据证据先受控保全,保留；本次整体审批不授权删除317个状态目录,未执行；待用户确认
TEST-STATE-296,N4 历史测试状态,需要确认（本次默认保留）,目录,精确执行对象,E:/projects/codex/.agent-work/aether/workspace-support/pc-t03-pg-periodic-receipt,,,4,758022,历史测试/临时state用途已定位，但失败、未完成和持久数据的去留仍需按案例核查,失去旧测试数据库、执行状态或问题复现条件；正式原始证据与Unknown必须保留,逐树确认可重建、无运行绑定且无未解失败/Unknown；必要差异或数据证据先受控保全,保留；本次整体审批不授权删除317个状态目录,未执行；待用户确认
TEST-STATE-297,N4 历史测试状态,需要确认（本次默认保留）,目录,精确执行对象,E:/projects/codex/.agent-work/aether/workspace-support/pc-t03-pg-periodic-wired,,,4,758020,历史测试/临时state用途已定位，但失败、未完成和持久数据的去留仍需按案例核查,失去旧测试数据库、执行状态或问题复现条件；正式原始证据与Unknown必须保留,逐树确认可重建、无运行绑定且无未解失败/Unknown；必要差异或数据证据先受控保全,保留；本次整体审批不授权删除317个状态目录,未执行；待用户确认
TEST-STATE-298,N4 历史测试状态,需要确认（本次默认保留）,目录,精确执行对象,E:/projects/codex/.agent-work/aether/workspace-support/pc-t03-provider-green,,,21,626700,历史测试/临时state用途已定位，但失败、未完成和持久数据的去留仍需按案例核查,失去旧测试数据库、执行状态或问题复现条件；正式原始证据与Unknown必须保留,逐树确认可重建、无运行绑定且无未解失败/Unknown；必要差异或数据证据先受控保全,保留；本次整体审批不授权删除317个状态目录,未执行；待用户确认
TEST-STATE-299,N4 历史测试状态,需要确认（本次默认保留）,目录,精确执行对象,E:/projects/codex/.agent-work/aether/workspace-support/pc-t03-provider-red,,,4,106508,历史测试/临时state用途已定位，但失败、未完成和持久数据的去留仍需按案例核查,失去旧测试数据库、执行状态或问题复现条件；正式原始证据与Unknown必须保留,逐树确认可重建、无运行绑定且无未解失败/Unknown；必要差异或数据证据先受控保全,保留；本次整体审批不授权删除317个状态目录,未执行；待用户确认
TEST-STATE-300,N4 历史测试状态,需要确认（本次默认保留）,目录,精确执行对象,E:/projects/codex/.agent-work/aether/workspace-support/pc-t03-remote-regression,,,16,1302800,历史测试/临时state用途已定位，但失败、未完成和持久数据的去留仍需按案例核查,失去旧测试数据库、执行状态或问题复现条件；正式原始证据与Unknown必须保留,逐树确认可重建、无运行绑定且无未解失败/Unknown；必要差异或数据证据先受控保全,保留；本次整体审批不授权删除317个状态目录,未执行；待用户确认
TEST-STATE-301,N4 历史测试状态,需要确认（本次默认保留）,目录,精确执行对象,E:/projects/codex/.agent-work/aether/workspace-support/pc-t03-temporal-corrected,,,85,10455448,历史测试/临时state用途已定位，但失败、未完成和持久数据的去留仍需按案例核查,失去旧测试数据库、执行状态或问题复现条件；正式原始证据与Unknown必须保留,逐树确认可重建、无运行绑定且无未解失败/Unknown；必要差异或数据证据先受控保全,保留；本次整体审批不授权删除317个状态目录,未执行；待用户确认
TEST-STATE-302,N4 历史测试状态,需要确认（本次默认保留）,目录,精确执行对象,E:/projects/codex/.agent-work/aether/workspace-support/pc-t03-temporal-green,,,78,4554216,历史测试/临时state用途已定位，但失败、未完成和持久数据的去留仍需按案例核查,失去旧测试数据库、执行状态或问题复现条件；正式原始证据与Unknown必须保留,逐树确认可重建、无运行绑定且无未解失败/Unknown；必要差异或数据证据先受控保全,保留；本次整体审批不授权删除317个状态目录,未执行；待用户确认
TEST-STATE-303,N4 历史测试状态,需要确认（本次默认保留）,目录,精确执行对象,E:/projects/codex/.agent-work/aether/workspace-support/pc-t04-interface-rerun,,,159,47063519,历史测试/临时state用途已定位，但失败、未完成和持久数据的去留仍需按案例核查,失去旧测试数据库、执行状态或问题复现条件；正式原始证据与Unknown必须保留,逐树确认可重建、无运行绑定且无未解失败/Unknown；必要差异或数据证据先受控保全,保留；本次整体审批不授权删除317个状态目录,未执行；待用户确认
TEST-STATE-304,N4 历史测试状态,需要确认（本次默认保留）,目录,精确执行对象,E:/projects/codex/.agent-work/aether/workspace-support/pc-t05-cli-green,,,33,12167,历史测试/临时state用途已定位，但失败、未完成和持久数据的去留仍需按案例核查,失去旧测试数据库、执行状态或问题复现条件；正式原始证据与Unknown必须保留,逐树确认可重建、无运行绑定且无未解失败/Unknown；必要差异或数据证据先受控保全,保留；本次整体审批不授权删除317个状态目录,未执行；待用户确认
TEST-STATE-305,N4 历史测试状态,需要确认（本次默认保留）,目录,精确执行对象,E:/projects/codex/.agent-work/aether/workspace-support/pc-t05-cli-red,,,4,1118,历史测试/临时state用途已定位，但失败、未完成和持久数据的去留仍需按案例核查,失去旧测试数据库、执行状态或问题复现条件；正式原始证据与Unknown必须保留,逐树确认可重建、无运行绑定且无未解失败/Unknown；必要差异或数据证据先受控保全,保留；本次整体审批不授权删除317个状态目录,未执行；待用户确认
TEST-STATE-306,N4 历史测试状态,需要确认（本次默认保留）,目录,精确执行对象,E:/projects/codex/.agent-work/aether/workspace-support/pc-t05-fixed-green,,,86,9625990,历史测试/临时state用途已定位，但失败、未完成和持久数据的去留仍需按案例核查,失去旧测试数据库、执行状态或问题复现条件；正式原始证据与Unknown必须保留,逐树确认可重建、无运行绑定且无未解失败/Unknown；必要差异或数据证据先受控保全,保留；本次整体审批不授权删除317个状态目录,未执行；待用户确认
TEST-STATE-307,N4 历史测试状态,需要确认（本次默认保留）,目录,精确执行对象,E:/projects/codex/.agent-work/aether/workspace-support/pc-t05-fixed-red,,,13,2719,历史测试/临时state用途已定位，但失败、未完成和持久数据的去留仍需按案例核查,失去旧测试数据库、执行状态或问题复现条件；正式原始证据与Unknown必须保留,逐树确认可重建、无运行绑定且无未解失败/Unknown；必要差异或数据证据先受控保全,保留；本次整体审批不授权删除317个状态目录,未执行；待用户确认
TEST-STATE-308,N4 历史测试状态,需要确认（本次默认保留）,目录,精确执行对象,E:/projects/codex/.agent-work/aether/workspace-support/pc-t05-tls-green,,,39,1167425,历史测试/临时state用途已定位，但失败、未完成和持久数据的去留仍需按案例核查,失去旧测试数据库、执行状态或问题复现条件；正式原始证据与Unknown必须保留,逐树确认可重建、无运行绑定且无未解失败/Unknown；必要差异或数据证据先受控保全,保留；本次整体审批不授权删除317个状态目录,未执行；待用户确认
TEST-STATE-309,N4 历史测试状态,需要确认（本次默认保留）,目录,精确执行对象,E:/projects/codex/.agent-work/aether/workspace-support/pc-t05-tls-red,,,5,122945,历史测试/临时state用途已定位，但失败、未完成和持久数据的去留仍需按案例核查,失去旧测试数据库、执行状态或问题复现条件；正式原始证据与Unknown必须保留,逐树确认可重建、无运行绑定且无未解失败/Unknown；必要差异或数据证据先受控保全,保留；本次整体审批不授权删除317个状态目录,未执行；待用户确认
TEST-STATE-310,N4 历史测试状态,需要确认（本次默认保留）,目录,精确执行对象,E:/projects/codex/.agent-work/aether/workspace-support/rd_45d7201,,,252,10297788,历史测试/临时state用途已定位，但失败、未完成和持久数据的去留仍需按案例核查,失去旧测试数据库、执行状态或问题复现条件；正式原始证据与Unknown必须保留,逐树确认可重建、无运行绑定且无未解失败/Unknown；必要差异或数据证据先受控保全,保留；本次整体审批不授权删除317个状态目录,未执行；待用户确认
TEST-STATE-311,N4 历史测试状态,需要确认（本次默认保留）,目录,精确执行对象,E:/projects/codex/.agent-work/aether/workspace-support/rd_664dbbb,,,7,845009,历史测试/临时state用途已定位，但失败、未完成和持久数据的去留仍需按案例核查,失去旧测试数据库、执行状态或问题复现条件；正式原始证据与Unknown必须保留,逐树确认可重建、无运行绑定且无未解失败/Unknown；必要差异或数据证据先受控保全,保留；本次整体审批不授权删除317个状态目录,未执行；待用户确认
TEST-STATE-312,N4 历史测试状态,需要确认（本次默认保留）,目录,精确执行对象,E:/projects/codex/.agent-work/aether/workspace-support/rd_e0fbf55,,,7,845009,历史测试/临时state用途已定位，但失败、未完成和持久数据的去留仍需按案例核查,失去旧测试数据库、执行状态或问题复现条件；正式原始证据与Unknown必须保留,逐树确认可重建、无运行绑定且无未解失败/Unknown；必要差异或数据证据先受控保全,保留；本次整体审批不授权删除317个状态目录,未执行；待用户确认
TEST-STATE-313,N4 历史测试状态,需要确认（本次默认保留）,目录,精确执行对象,E:/projects/codex/.agent-work/aether/workspace-support/rd_f033dc5,,,608,25419304,历史测试/临时state用途已定位，但失败、未完成和持久数据的去留仍需按案例核查,失去旧测试数据库、执行状态或问题复现条件；正式原始证据与Unknown必须保留,逐树确认可重建、无运行绑定且无未解失败/Unknown；必要差异或数据证据先受控保全,保留；本次整体审批不授权删除317个状态目录,未执行；待用户确认
TEST-STATE-314,N4 历史测试状态,需要确认（本次默认保留）,目录,精确执行对象,E:/projects/codex/.agent-work/aether/workspace-support/slow-metadata-green-01,,,62,2059005,历史测试/临时state用途已定位，但失败、未完成和持久数据的去留仍需按案例核查,失去旧测试数据库、执行状态或问题复现条件；正式原始证据与Unknown必须保留,逐树确认可重建、无运行绑定且无未解失败/Unknown；必要差异或数据证据先受控保全,保留；本次整体审批不授权删除317个状态目录,未执行；待用户确认
TEST-STATE-315,N4 历史测试状态,需要确认（本次默认保留）,目录,精确执行对象,E:/projects/codex/.agent-work/aether/workspace-support/slow-metadata-red-01,,,8,327680,历史测试/临时state用途已定位，但失败、未完成和持久数据的去留仍需按案例核查,失去旧测试数据库、执行状态或问题复现条件；正式原始证据与Unknown必须保留,逐树确认可重建、无运行绑定且无未解失败/Unknown；必要差异或数据证据先受控保全,保留；本次整体审批不授权删除317个状态目录,未执行；待用户确认
TEST-STATE-316,N4 历史测试状态,需要确认（本次默认保留）,目录,精确执行对象,E:/projects/codex/.agent-work/aether/workspace-support/slow-metadata-red-02,,,8,327680,历史测试/临时state用途已定位，但失败、未完成和持久数据的去留仍需按案例核查,失去旧测试数据库、执行状态或问题复现条件；正式原始证据与Unknown必须保留,逐树确认可重建、无运行绑定且无未解失败/Unknown；必要差异或数据证据先受控保全,保留；本次整体审批不授权删除317个状态目录,未执行；待用户确认
TEST-STATE-317,N4 历史测试状态,需要确认（本次默认保留）,目录,精确执行对象,E:/projects/codex/.agent-work/aether/workspace-support/t1001-79a80b,,,127,13166918,历史测试/临时state用途已定位，但失败、未完成和持久数据的去留仍需按案例核查,失去旧测试数据库、执行状态或问题复现条件；正式原始证据与Unknown必须保留,逐树确认可重建、无运行绑定且无未解失败/Unknown；必要差异或数据证据先受控保全,保留；本次整体审批不授权删除317个状态目录,未执行；待用户确认
N-GIT-LOCKED,N5 Git异常登记,需要确认（本次默认保留）,工作树登记,精确执行对象,C:/Users/27921/.codex/worktrees/0cac/aether,,,0,0,实际目录不存在但Git登记locked initializing，初始化/所有者状态未知,强制解锁或prune可能破坏未完成任务的工作树登记,另查创建操作和所有者；不自行unlock/prune,报告并保留登记,未执行；待用户确认
EXT-DIR-001,O 外部目录全量概览,需要确认（父目录默认保留）,目录概览,父目录概览；不作整目录删除授权,E:/projects/codex/.agent-work/aether/workspace-support/ag_23447155,,,1555,75779527,失去可重现的旧测试状态；正式原始日志及当前未解失败/Unknown关联证据保留,父目录可能含已安装依赖、运行数据、私密配置或失败证据；不能随缓存子项删除,只允许A/B组列出的精确子项；其他内容另查消费者、运行绑定与恢复价值,保留父目录；本行与精确子项有包含关系，容量/文件数不能累加,全量枚举已完成；父目录不在默认删除范围
EXT-DIR-002,O 外部目录全量概览,需要确认（父目录默认保留）,目录概览,父目录概览；不作整目录删除授权,E:/projects/codex/.agent-work/aether/workspace-support/ag_4367c4db,,,1520,74572584,失去可重现的旧测试状态；正式原始日志及当前未解失败/Unknown关联证据保留,父目录可能含已安装依赖、运行数据、私密配置或失败证据；不能随缓存子项删除,只允许A/B组列出的精确子项；其他内容另查消费者、运行绑定与恢复价值,保留父目录；本行与精确子项有包含关系，容量/文件数不能累加,全量枚举已完成；父目录不在默认删除范围
EXT-DIR-003,O 外部目录全量概览,需要确认（父目录默认保留）,目录概览,父目录概览；不作整目录删除授权,E:/projects/codex/.agent-work/aether/workspace-support/ag_53d9d6a9,,,455,287173070,失去可重现的旧测试状态；正式原始日志及当前未解失败/Unknown关联证据保留,父目录可能含已安装依赖、运行数据、私密配置或失败证据；不能随缓存子项删除,只允许A/B组列出的精确子项；其他内容另查消费者、运行绑定与恢复价值,保留父目录；本行与精确子项有包含关系，容量/文件数不能累加,全量枚举已完成；父目录不在默认删除范围
EXT-DIR-004,O 外部目录全量概览,需要确认（父目录默认保留）,目录概览,父目录概览；不作整目录删除授权,E:/projects/codex/.agent-work/aether/workspace-support/ag_61e6e244,,,2097,314336221,失去可重现的旧测试状态；正式原始日志及当前未解失败/Unknown关联证据保留,父目录可能含已安装依赖、运行数据、私密配置或失败证据；不能随缓存子项删除,只允许A/B组列出的精确子项；其他内容另查消费者、运行绑定与恢复价值,保留父目录；本行与精确子项有包含关系，容量/文件数不能累加,全量枚举已完成；父目录不在默认删除范围
EXT-DIR-005,O 外部目录全量概览,需要确认（父目录默认保留）,目录概览,父目录概览；不作整目录删除授权,E:/projects/codex/.agent-work/aether/workspace-support/ag_a3498df0,,,1486,73460283,失去可重现的旧测试状态；正式原始日志及当前未解失败/Unknown关联证据保留,父目录可能含已安装依赖、运行数据、私密配置或失败证据；不能随缓存子项删除,只允许A/B组列出的精确子项；其他内容另查消费者、运行绑定与恢复价值,保留父目录；本行与精确子项有包含关系，容量/文件数不能累加,全量枚举已完成；父目录不在默认删除范围
EXT-DIR-006,O 外部目录全量概览,需要确认（父目录默认保留）,目录概览,父目录概览；不作整目录删除授权,E:/projects/codex/.agent-work/aether/workspace-support/ag_dedeef24,,,520,28382379,失去可重现的旧测试状态；正式原始日志及当前未解失败/Unknown关联证据保留,父目录可能含已安装依赖、运行数据、私密配置或失败证据；不能随缓存子项删除,只允许A/B组列出的精确子项；其他内容另查消费者、运行绑定与恢复价值,保留父目录；本行与精确子项有包含关系，容量/文件数不能累加,全量枚举已完成；父目录不在默认删除范围
EXT-DIR-007,O 外部目录全量概览,必须保留（允许精确缓存子项）,目录概览,父目录概览；不作整目录删除授权,E:/projects/codex/.agent-work/aether/workspace-support/aks-demo-20261001,,,236,38219099,两套当前relay kubeconfig/credential及旧Azure资源操作入口,父目录可能含已安装依赖、运行数据、私密配置或失败证据；不能随缓存子项删除,只允许A/B组列出的精确子项；其他内容另查消费者、运行绑定与恢复价值,保留父目录；本行与精确子项有包含关系，容量/文件数不能累加,全量枚举已完成；父目录不在默认删除范围
EXT-DIR-008,O 外部目录全量概览,需要确认（父目录默认保留）,目录概览,父目录概览；不作整目录删除授权,E:/projects/codex/.agent-work/aether/workspace-support/aks-public-20261001,,,27,67162413,元数据已扫描；含历史证据/源码/资源/回恢复保护，不凭目录名整删，子项验证cache可单列,父目录可能含已安装依赖、运行数据、私密配置或失败证据；不能随缓存子项删除,只允许A/B组列出的精确子项；其他内容另查消费者、运行绑定与恢复价值,保留父目录；本行与精确子项有包含关系，容量/文件数不能累加,全量枚举已完成；父目录不在默认删除范围
EXT-DIR-009,O 外部目录全量概览,需要确认（父目录默认保留）,目录概览,父目录概览；不作整目录删除授权,E:/projects/codex/.agent-work/aether/workspace-support/aks-readiness-20260930,,,1,1479,元数据已扫描；含历史证据/源码/资源/回恢复保护，不凭目录名整删，子项验证cache可单列,父目录可能含已安装依赖、运行数据、私密配置或失败证据；不能随缓存子项删除,只允许A/B组列出的精确子项；其他内容另查消费者、运行绑定与恢复价值,保留父目录；本行与精确子项有包含关系，容量/文件数不能累加,全量枚举已完成；父目录不在默认删除范围
EXT-DIR-010,O 外部目录全量概览,需要确认（父目录默认保留）,目录概览,父目录概览；不作整目录删除授权,E:/projects/codex/.agent-work/aether/workspace-support/aks-upload-20261001,,,435,3460696,元数据已扫描；含历史证据/源码/资源/回恢复保护，不凭目录名整删，子项验证cache可单列,父目录可能含已安装依赖、运行数据、私密配置或失败证据；不能随缓存子项删除,只允许A/B组列出的精确子项；其他内容另查消费者、运行绑定与恢复价值,保留父目录；本行与精确子项有包含关系，容量/文件数不能累加,全量枚举已完成；父目录不在默认删除范围
EXT-DIR-011,O 外部目录全量概览,需要确认（父目录默认保留）,目录概览,父目录概览；不作整目录删除授权,E:/projects/codex/.agent-work/aether/workspace-support/architecture-loop-review-20260921,,,1,50059,元数据已扫描；含历史证据/源码/资源/回恢复保护，不凭目录名整删，子项验证cache可单列,父目录可能含已安装依赖、运行数据、私密配置或失败证据；不能随缓存子项删除,只允许A/B组列出的精确子项；其他内容另查消费者、运行绑定与恢复价值,保留父目录；本行与精确子项有包含关系，容量/文件数不能累加,全量枚举已完成；父目录不在默认删除范围
EXT-DIR-012,O 外部目录全量概览,必须保留（允许精确缓存子项）,目录概览,父目录概览；不作整目录删除授权,E:/projects/codex/.agent-work/aether/workspace-support/archived-generators,,,24,1188466,独立归档来源；用户禁止重跑旧布局生成器，默认保留,父目录可能含已安装依赖、运行数据、私密配置或失败证据；不能随缓存子项删除,只允许A/B组列出的精确子项；其他内容另查消费者、运行绑定与恢复价值,保留父目录；本行与精确子项有包含关系，容量/文件数不能累加,全量枚举已完成；父目录不在默认删除范围
EXT-DIR-013,O 外部目录全量概览,需要确认（父目录默认保留）,目录概览,父目录概览；不作整目录删除授权,E:/projects/codex/.agent-work/aether/workspace-support/asb01,,,24,1118208,失去可重现的旧测试状态；正式原始日志及当前未解失败/Unknown关联证据保留,父目录可能含已安装依赖、运行数据、私密配置或失败证据；不能随缓存子项删除,只允许A/B组列出的精确子项；其他内容另查消费者、运行绑定与恢复价值,保留父目录；本行与精确子项有包含关系，容量/文件数不能累加,全量枚举已完成；父目录不在默认删除范围
EXT-DIR-014,O 外部目录全量概览,需要确认（父目录默认保留）,目录概览,父目录概览；不作整目录删除授权,E:/projects/codex/.agent-work/aether/workspace-support/asg01,,,29,1265664,失去可重现的旧测试状态；正式原始日志及当前未解失败/Unknown关联证据保留,父目录可能含已安装依赖、运行数据、私密配置或失败证据；不能随缓存子项删除,只允许A/B组列出的精确子项；其他内容另查消费者、运行绑定与恢复价值,保留父目录；本行与精确子项有包含关系，容量/文件数不能累加,全量枚举已完成；父目录不在默认删除范围
EXT-DIR-015,O 外部目录全量概览,需要确认（父目录默认保留）,目录概览,父目录概览；不作整目录删除授权,E:/projects/codex/.agent-work/aether/workspace-support/ast_01f2da20b,,,28,1291,失去可重现的旧测试状态；正式原始日志及当前未解失败/Unknown关联证据保留,父目录可能含已安装依赖、运行数据、私密配置或失败证据；不能随缓存子项删除,只允许A/B组列出的精确子项；其他内容另查消费者、运行绑定与恢复价值,保留父目录；本行与精确子项有包含关系，容量/文件数不能累加,全量枚举已完成；父目录不在默认删除范围
EXT-DIR-016,O 外部目录全量概览,需要确认（父目录默认保留）,目录概览,父目录概览；不作整目录删除授权,E:/projects/codex/.agent-work/aether/workspace-support/ast_08259bd63,,,5,230,失去可重现的旧测试状态；正式原始日志及当前未解失败/Unknown关联证据保留,父目录可能含已安装依赖、运行数据、私密配置或失败证据；不能随缓存子项删除,只允许A/B组列出的精确子项；其他内容另查消费者、运行绑定与恢复价值,保留父目录；本行与精确子项有包含关系，容量/文件数不能累加,全量枚举已完成；父目录不在默认删除范围
EXT-DIR-017,O 外部目录全量概览,需要确认（父目录默认保留）,目录概览,父目录概览；不作整目录删除授权,E:/projects/codex/.agent-work/aether/workspace-support/ast_0b58123e3,,,48,2212780,失去可重现的旧测试状态；正式原始日志及当前未解失败/Unknown关联证据保留,父目录可能含已安装依赖、运行数据、私密配置或失败证据；不能随缓存子项删除,只允许A/B组列出的精确子项；其他内容另查消费者、运行绑定与恢复价值,保留父目录；本行与精确子项有包含关系，容量/文件数不能累加,全量枚举已完成；父目录不在默认删除范围
EXT-DIR-018,O 外部目录全量概览,需要确认（父目录默认保留）,目录概览,父目录概览；不作整目录删除授权,E:/projects/codex/.agent-work/aether/workspace-support/ast_0d67e441a,,,33,1323935,失去可重现的旧测试状态；正式原始日志及当前未解失败/Unknown关联证据保留,父目录可能含已安装依赖、运行数据、私密配置或失败证据；不能随缓存子项删除,只允许A/B组列出的精确子项；其他内容另查消费者、运行绑定与恢复价值,保留父目录；本行与精确子项有包含关系，容量/文件数不能累加,全量枚举已完成；父目录不在默认删除范围
EXT-DIR-019,O 外部目录全量概览,需要确认（父目录默认保留）,目录概览,父目录概览；不作整目录删除授权,E:/projects/codex/.agent-work/aether/workspace-support/ast_10c243c3f,,,5,746800,失去可重现的旧测试状态；正式原始日志及当前未解失败/Unknown关联证据保留,父目录可能含已安装依赖、运行数据、私密配置或失败证据；不能随缓存子项删除,只允许A/B组列出的精确子项；其他内容另查消费者、运行绑定与恢复价值,保留父目录；本行与精确子项有包含关系，容量/文件数不能累加,全量枚举已完成；父目录不在默认删除范围
EXT-DIR-020,O 外部目录全量概览,需要确认（父目录默认保留）,目录概览,父目录概览；不作整目录删除授权,E:/projects/codex/.agent-work/aether/workspace-support/ast_141891e9c,,,143,68526469,失去可重现的旧测试状态；正式原始日志及当前未解失败/Unknown关联证据保留,父目录可能含已安装依赖、运行数据、私密配置或失败证据；不能随缓存子项删除,只允许A/B组列出的精确子项；其他内容另查消费者、运行绑定与恢复价值,保留父目录；本行与精确子项有包含关系，容量/文件数不能累加,全量枚举已完成；父目录不在默认删除范围
EXT-DIR-021,O 外部目录全量概览,需要确认（父目录默认保留）,目录概览,父目录概览；不作整目录删除授权,E:/projects/codex/.agent-work/aether/workspace-support/ast_1454db5f8,,,44,124717,失去可重现的旧测试状态；正式原始日志及当前未解失败/Unknown关联证据保留,父目录可能含已安装依赖、运行数据、私密配置或失败证据；不能随缓存子项删除,只允许A/B组列出的精确子项；其他内容另查消费者、运行绑定与恢复价值,保留父目录；本行与精确子项有包含关系，容量/文件数不能累加,全量枚举已完成；父目录不在默认删除范围
EXT-DIR-022,O 外部目录全量概览,需要确认（父目录默认保留）,目录概览,父目录概览；不作整目录删除授权,E:/projects/codex/.agent-work/aether/workspace-support/ast_16d24c29d,,,9,205727,失去可重现的旧测试状态；正式原始日志及当前未解失败/Unknown关联证据保留,父目录可能含已安装依赖、运行数据、私密配置或失败证据；不能随缓存子项删除,只允许A/B组列出的精确子项；其他内容另查消费者、运行绑定与恢复价值,保留父目录；本行与精确子项有包含关系，容量/文件数不能累加,全量枚举已完成；父目录不在默认删除范围
EXT-DIR-023,O 外部目录全量概览,需要确认（父目录默认保留）,目录概览,父目录概览；不作整目录删除授权,E:/projects/codex/.agent-work/aether/workspace-support/ast_1a4d441df,,,3,106496,失去可重现的旧测试状态；正式原始日志及当前未解失败/Unknown关联证据保留,父目录可能含已安装依赖、运行数据、私密配置或失败证据；不能随缓存子项删除,只允许A/B组列出的精确子项；其他内容另查消费者、运行绑定与恢复价值,保留父目录；本行与精确子项有包含关系，容量/文件数不能累加,全量枚举已完成；父目录不在默认删除范围
EXT-DIR-024,O 外部目录全量概览,需要确认（父目录默认保留）,目录概览,父目录概览；不作整目录删除授权,E:/projects/codex/.agent-work/aether/workspace-support/ast_24c93283a,,,5,750896,失去可重现的旧测试状态；正式原始日志及当前未解失败/Unknown关联证据保留,父目录可能含已安装依赖、运行数据、私密配置或失败证据；不能随缓存子项删除,只允许A/B组列出的精确子项；其他内容另查消费者、运行绑定与恢复价值,保留父目录；本行与精确子项有包含关系，容量/文件数不能累加,全量枚举已完成；父目录不在默认删除范围
EXT-DIR-025,O 外部目录全量概览,需要确认（父目录默认保留）,目录概览,父目录概览；不作整目录删除授权,E:/projects/codex/.agent-work/aether/workspace-support/ast_273a67196,,,3,179,失去可重现的旧测试状态；正式原始日志及当前未解失败/Unknown关联证据保留,父目录可能含已安装依赖、运行数据、私密配置或失败证据；不能随缓存子项删除,只允许A/B组列出的精确子项；其他内容另查消费者、运行绑定与恢复价值,保留父目录；本行与精确子项有包含关系，容量/文件数不能累加,全量枚举已完成；父目录不在默认删除范围
EXT-DIR-026,O 外部目录全量概览,需要确认（父目录默认保留）,目录概览,父目录概览；不作整目录删除授权,E:/projects/codex/.agent-work/aether/workspace-support/ast_2a7a09eb5,,,8,841261,失去可重现的旧测试状态；正式原始日志及当前未解失败/Unknown关联证据保留,父目录可能含已安装依赖、运行数据、私密配置或失败证据；不能随缓存子项删除,只允许A/B组列出的精确子项；其他内容另查消费者、运行绑定与恢复价值,保留父目录；本行与精确子项有包含关系，容量/文件数不能累加,全量枚举已完成；父目录不在默认删除范围
EXT-DIR-027,O 外部目录全量概览,需要确认（父目录默认保留）,目录概览,父目录概览；不作整目录删除授权,E:/projects/codex/.agent-work/aether/workspace-support/ast_30c3eb994,,,32,1372160,失去可重现的旧测试状态；正式原始日志及当前未解失败/Unknown关联证据保留,父目录可能含已安装依赖、运行数据、私密配置或失败证据；不能随缓存子项删除,只允许A/B组列出的精确子项；其他内容另查消费者、运行绑定与恢复价值,保留父目录；本行与精确子项有包含关系，容量/文件数不能累加,全量枚举已完成；父目录不在默认删除范围
EXT-DIR-028,O 外部目录全量概览,需要确认（父目录默认保留）,目录概览,父目录概览；不作整目录删除授权,E:/projects/codex/.agent-work/aether/workspace-support/ast_3779f7831,,,4,118784,失去可重现的旧测试状态；正式原始日志及当前未解失败/Unknown关联证据保留,父目录可能含已安装依赖、运行数据、私密配置或失败证据；不能随缓存子项删除,只允许A/B组列出的精确子项；其他内容另查消费者、运行绑定与恢复价值,保留父目录；本行与精确子项有包含关系，容量/文件数不能累加,全量枚举已完成；父目录不在默认删除范围
EXT-DIR-029,O 外部目录全量概览,需要确认（父目录默认保留）,目录概览,父目录概览；不作整目录删除授权,E:/projects/codex/.agent-work/aether/workspace-support/ast_3f9d8a12f,,,34,124262,失去可重现的旧测试状态；正式原始日志及当前未解失败/Unknown关联证据保留,父目录可能含已安装依赖、运行数据、私密配置或失败证据；不能随缓存子项删除,只允许A/B组列出的精确子项；其他内容另查消费者、运行绑定与恢复价值,保留父目录；本行与精确子项有包含关系，容量/文件数不能累加,全量枚举已完成；父目录不在默认删除范围
EXT-DIR-030,O 外部目录全量概览,需要确认（父目录默认保留）,目录概览,父目录概览；不作整目录删除授权,E:/projects/codex/.agent-work/aether/workspace-support/ast_464b44868,,,21,1876633,失去可重现的旧测试状态；正式原始日志及当前未解失败/Unknown关联证据保留,父目录可能含已安装依赖、运行数据、私密配置或失败证据；不能随缓存子项删除,只允许A/B组列出的精确子项；其他内容另查消费者、运行绑定与恢复价值,保留父目录；本行与精确子项有包含关系，容量/文件数不能累加,全量枚举已完成；父目录不在默认删除范围
EXT-DIR-031,O 外部目录全量概览,需要确认（父目录默认保留）,目录概览,父目录概览；不作整目录删除授权,E:/projects/codex/.agent-work/aether/workspace-support/ast_485f352ac,,,74,2781033,失去可重现的旧测试状态；正式原始日志及当前未解失败/Unknown关联证据保留,父目录可能含已安装依赖、运行数据、私密配置或失败证据；不能随缓存子项删除,只允许A/B组列出的精确子项；其他内容另查消费者、运行绑定与恢复价值,保留父目录；本行与精确子项有包含关系，容量/文件数不能累加,全量枚举已完成；父目录不在默认删除范围
EXT-DIR-032,O 外部目录全量概览,需要确认（父目录默认保留）,目录概览,父目录概览；不作整目录删除授权,E:/projects/codex/.agent-work/aether/workspace-support/ast_55f2d7e4a,,,44,124717,失去可重现的旧测试状态；正式原始日志及当前未解失败/Unknown关联证据保留,父目录可能含已安装依赖、运行数据、私密配置或失败证据；不能随缓存子项删除,只允许A/B组列出的精确子项；其他内容另查消费者、运行绑定与恢复价值,保留父目录；本行与精确子项有包含关系，容量/文件数不能累加,全量枚举已完成；父目录不在默认删除范围
EXT-DIR-033,O 外部目录全量概览,需要确认（父目录默认保留）,目录概览,父目录概览；不作整目录删除授权,E:/projects/codex/.agent-work/aether/workspace-support/ast_586e6e21f,,,37,1915894,失去可重现的旧测试状态；正式原始日志及当前未解失败/Unknown关联证据保留,父目录可能含已安装依赖、运行数据、私密配置或失败证据；不能随缓存子项删除,只允许A/B组列出的精确子项；其他内容另查消费者、运行绑定与恢复价值,保留父目录；本行与精确子项有包含关系，容量/文件数不能累加,全量枚举已完成；父目录不在默认删除范围
EXT-DIR-034,O 外部目录全量概览,需要确认（父目录默认保留）,目录概览,父目录概览；不作整目录删除授权,E:/projects/codex/.agent-work/aether/workspace-support/ast_693583a5f,,,78,821092,失去可重现的旧测试状态；正式原始日志及当前未解失败/Unknown关联证据保留,父目录可能含已安装依赖、运行数据、私密配置或失败证据；不能随缓存子项删除,只允许A/B组列出的精确子项；其他内容另查消费者、运行绑定与恢复价值,保留父目录；本行与精确子项有包含关系，容量/文件数不能累加,全量枚举已完成；父目录不在默认删除范围
EXT-DIR-035,O 外部目录全量概览,需要确认（父目录默认保留）,目录概览,父目录概览；不作整目录删除授权,E:/projects/codex/.agent-work/aether/workspace-support/ast_6aefba116,,,287,39038002,失去可重现的旧测试状态；正式原始日志及当前未解失败/Unknown关联证据保留,父目录可能含已安装依赖、运行数据、私密配置或失败证据；不能随缓存子项删除,只允许A/B组列出的精确子项；其他内容另查消费者、运行绑定与恢复价值,保留父目录；本行与精确子项有包含关系，容量/文件数不能累加,全量枚举已完成；父目录不在默认删除范围
EXT-DIR-036,O 外部目录全量概览,需要确认（父目录默认保留）,目录概览,父目录概览；不作整目录删除授权,E:/projects/codex/.agent-work/aether/workspace-support/ast_6c674c4fe,,,237,113121024,失去可重现的旧测试状态；正式原始日志及当前未解失败/Unknown关联证据保留,父目录可能含已安装依赖、运行数据、私密配置或失败证据；不能随缓存子项删除,只允许A/B组列出的精确子项；其他内容另查消费者、运行绑定与恢复价值,保留父目录；本行与精确子项有包含关系，容量/文件数不能累加,全量枚举已完成；父目录不在默认删除范围
EXT-DIR-037,O 外部目录全量概览,需要确认（父目录默认保留）,目录概览,父目录概览；不作整目录删除授权,E:/projects/codex/.agent-work/aether/workspace-support/ast_6d12b9c81,,,83,3477161,失去可重现的旧测试状态；正式原始日志及当前未解失败/Unknown关联证据保留,父目录可能含已安装依赖、运行数据、私密配置或失败证据；不能随缓存子项删除,只允许A/B组列出的精确子项；其他内容另查消费者、运行绑定与恢复价值,保留父目录；本行与精确子项有包含关系，容量/文件数不能累加,全量枚举已完成；父目录不在默认删除范围
EXT-DIR-038,O 外部目录全量概览,需要确认（父目录默认保留）,目录概览,父目录概览；不作整目录删除授权,E:/projects/codex/.agent-work/aether/workspace-support/ast_783c4cd99,,,151,11451274,失去可重现的旧测试状态；正式原始日志及当前未解失败/Unknown关联证据保留,父目录可能含已安装依赖、运行数据、私密配置或失败证据；不能随缓存子项删除,只允许A/B组列出的精确子项；其他内容另查消费者、运行绑定与恢复价值,保留父目录；本行与精确子项有包含关系，容量/文件数不能累加,全量枚举已完成；父目录不在默认删除范围
EXT-DIR-039,O 外部目录全量概览,需要确认（父目录默认保留）,目录概览,父目录概览；不作整目录删除授权,E:/projects/codex/.agent-work/aether/workspace-support/ast_7957867a3,,,133,5289925,失去可重现的旧测试状态；正式原始日志及当前未解失败/Unknown关联证据保留,父目录可能含已安装依赖、运行数据、私密配置或失败证据；不能随缓存子项删除,只允许A/B组列出的精确子项；其他内容另查消费者、运行绑定与恢复价值,保留父目录；本行与精确子项有包含关系，容量/文件数不能累加,全量枚举已完成；父目录不在默认删除范围
EXT-DIR-040,O 外部目录全量概览,需要确认（父目录默认保留）,目录概览,父目录概览；不作整目录删除授权,E:/projects/codex/.agent-work/aether/workspace-support/ast_7d95e3f6e,,,5,754992,失去可重现的旧测试状态；正式原始日志及当前未解失败/Unknown关联证据保留,父目录可能含已安装依赖、运行数据、私密配置或失败证据；不能随缓存子项删除,只允许A/B组列出的精确子项；其他内容另查消费者、运行绑定与恢复价值,保留父目录；本行与精确子项有包含关系，容量/文件数不能累加,全量枚举已完成；父目录不在默认删除范围
EXT-DIR-041,O 外部目录全量概览,需要确认（父目录默认保留）,目录概览,父目录概览；不作整目录删除授权,E:/projects/codex/.agent-work/aether/workspace-support/ast_85ae433f4,,,9,205727,失去可重现的旧测试状态；正式原始日志及当前未解失败/Unknown关联证据保留,父目录可能含已安装依赖、运行数据、私密配置或失败证据；不能随缓存子项删除,只允许A/B组列出的精确子项；其他内容另查消费者、运行绑定与恢复价值,保留父目录；本行与精确子项有包含关系，容量/文件数不能累加,全量枚举已完成；父目录不在默认删除范围
EXT-DIR-042,O 外部目录全量概览,需要确认（父目录默认保留）,目录概览,父目录概览；不作整目录删除授权,E:/projects/codex/.agent-work/aether/workspace-support/ast_8d2de43ce,,,221,85101100,失去可重现的旧测试状态；正式原始日志及当前未解失败/Unknown关联证据保留,父目录可能含已安装依赖、运行数据、私密配置或失败证据；不能随缓存子项删除,只允许A/B组列出的精确子项；其他内容另查消费者、运行绑定与恢复价值,保留父目录；本行与精确子项有包含关系，容量/文件数不能累加,全量枚举已完成；父目录不在默认删除范围
EXT-DIR-043,O 外部目录全量概览,需要确认（父目录默认保留）,目录概览,父目录概览；不作整目录删除授权,E:/projects/codex/.agent-work/aether/workspace-support/ast_a55d4ae1f,,,33,1323935,失去可重现的旧测试状态；正式原始日志及当前未解失败/Unknown关联证据保留,父目录可能含已安装依赖、运行数据、私密配置或失败证据；不能随缓存子项删除,只允许A/B组列出的精确子项；其他内容另查消费者、运行绑定与恢复价值,保留父目录；本行与精确子项有包含关系，容量/文件数不能累加,全量枚举已完成；父目录不在默认删除范围
EXT-DIR-044,O 外部目录全量概览,需要确认（父目录默认保留）,目录概览,父目录概览；不作整目录删除授权,E:/projects/codex/.agent-work/aether/workspace-support/ast_a65e08dbd,,,44,124717,失去可重现的旧测试状态；正式原始日志及当前未解失败/Unknown关联证据保留,父目录可能含已安装依赖、运行数据、私密配置或失败证据；不能随缓存子项删除,只允许A/B组列出的精确子项；其他内容另查消费者、运行绑定与恢复价值,保留父目录；本行与精确子项有包含关系，容量/文件数不能累加,全量枚举已完成；父目录不在默认删除范围
EXT-DIR-045,O 外部目录全量概览,需要确认（父目录默认保留）,目录概览,父目录概览；不作整目录删除授权,E:/projects/codex/.agent-work/aether/workspace-support/ast_a6d9a0e64,,,9,13029041,失去可重现的旧测试状态；正式原始日志及当前未解失败/Unknown关联证据保留,父目录可能含已安装依赖、运行数据、私密配置或失败证据；不能随缓存子项删除,只允许A/B组列出的精确子项；其他内容另查消费者、运行绑定与恢复价值,保留父目录；本行与精确子项有包含关系，容量/文件数不能累加,全量枚举已完成；父目录不在默认删除范围
EXT-DIR-046,O 外部目录全量概览,需要确认（父目录默认保留）,目录概览,父目录概览；不作整目录删除授权,E:/projects/codex/.agent-work/aether/workspace-support/ast_add3ff589,,,4,58271,失去可重现的旧测试状态；正式原始日志及当前未解失败/Unknown关联证据保留,父目录可能含已安装依赖、运行数据、私密配置或失败证据；不能随缓存子项删除,只允许A/B组列出的精确子项；其他内容另查消费者、运行绑定与恢复价值,保留父目录；本行与精确子项有包含关系，容量/文件数不能累加,全量枚举已完成；父目录不在默认删除范围
EXT-DIR-047,O 外部目录全量概览,需要确认（父目录默认保留）,目录概览,父目录概览；不作整目录删除授权,E:/projects/codex/.agent-work/aether/workspace-support/ast_af18aa991,,,39,1167425,失去可重现的旧测试状态；正式原始日志及当前未解失败/Unknown关联证据保留,父目录可能含已安装依赖、运行数据、私密配置或失败证据；不能随缓存子项删除,只允许A/B组列出的精确子项；其他内容另查消费者、运行绑定与恢复价值,保留父目录；本行与精确子项有包含关系，容量/文件数不能累加,全量枚举已完成；父目录不在默认删除范围
EXT-DIR-048,O 外部目录全量概览,需要确认（父目录默认保留）,目录概览,父目录概览；不作整目录删除授权,E:/projects/codex/.agent-work/aether/workspace-support/ast_afe493319,,,37,1743,失去可重现的旧测试状态；正式原始日志及当前未解失败/Unknown关联证据保留,父目录可能含已安装依赖、运行数据、私密配置或失败证据；不能随缓存子项删除,只允许A/B组列出的精确子项；其他内容另查消费者、运行绑定与恢复价值,保留父目录；本行与精确子项有包含关系，容量/文件数不能累加,全量枚举已完成；父目录不在默认删除范围
EXT-DIR-049,O 外部目录全量概览,需要确认（父目录默认保留）,目录概览,父目录概览；不作整目录删除授权,E:/projects/codex/.agent-work/aether/workspace-support/ast_b1e0a831f,,,5,754992,失去可重现的旧测试状态；正式原始日志及当前未解失败/Unknown关联证据保留,父目录可能含已安装依赖、运行数据、私密配置或失败证据；不能随缓存子项删除,只允许A/B组列出的精确子项；其他内容另查消费者、运行绑定与恢复价值,保留父目录；本行与精确子项有包含关系，容量/文件数不能累加,全量枚举已完成；父目录不在默认删除范围
EXT-DIR-050,O 外部目录全量概览,需要确认（父目录默认保留）,目录概览,父目录概览；不作整目录删除授权,E:/projects/codex/.agent-work/aether/workspace-support/ast_b29f8b14e,,,51,14077,失去可重现的旧测试状态；正式原始日志及当前未解失败/Unknown关联证据保留,父目录可能含已安装依赖、运行数据、私密配置或失败证据；不能随缓存子项删除,只允许A/B组列出的精确子项；其他内容另查消费者、运行绑定与恢复价值,保留父目录；本行与精确子项有包含关系，容量/文件数不能累加,全量枚举已完成；父目录不在默认删除范围
EXT-DIR-051,O 外部目录全量概览,需要确认（父目录默认保留）,目录概览,父目录概览；不作整目录删除授权,E:/projects/codex/.agent-work/aether/workspace-support/ast_b5ed3c7d0,,,116,12373108,失去可重现的旧测试状态；正式原始日志及当前未解失败/Unknown关联证据保留,父目录可能含已安装依赖、运行数据、私密配置或失败证据；不能随缓存子项删除,只允许A/B组列出的精确子项；其他内容另查消费者、运行绑定与恢复价值,保留父目录；本行与精确子项有包含关系，容量/文件数不能累加,全量枚举已完成；父目录不在默认删除范围
EXT-DIR-052,O 外部目录全量概览,需要确认（父目录默认保留）,目录概览,父目录概览；不作整目录删除授权,E:/projects/codex/.agent-work/aether/workspace-support/ast_b63094949,,,5,750896,失去可重现的旧测试状态；正式原始日志及当前未解失败/Unknown关联证据保留,父目录可能含已安装依赖、运行数据、私密配置或失败证据；不能随缓存子项删除,只允许A/B组列出的精确子项；其他内容另查消费者、运行绑定与恢复价值,保留父目录；本行与精确子项有包含关系，容量/文件数不能累加,全量枚举已完成；父目录不在默认删除范围
EXT-DIR-053,O 外部目录全量概览,需要确认（父目录默认保留）,目录概览,父目录概览；不作整目录删除授权,E:/projects/codex/.agent-work/aether/workspace-support/ast_baa367f4b,,,34,124262,失去可重现的旧测试状态；正式原始日志及当前未解失败/Unknown关联证据保留,父目录可能含已安装依赖、运行数据、私密配置或失败证据；不能随缓存子项删除,只允许A/B组列出的精确子项；其他内容另查消费者、运行绑定与恢复价值,保留父目录；本行与精确子项有包含关系，容量/文件数不能累加,全量枚举已完成；父目录不在默认删除范围
EXT-DIR-054,O 外部目录全量概览,需要确认（父目录默认保留）,目录概览,父目录概览；不作整目录删除授权,E:/projects/codex/.agent-work/aether/workspace-support/ast_beff30608,,,44,124717,失去可重现的旧测试状态；正式原始日志及当前未解失败/Unknown关联证据保留,父目录可能含已安装依赖、运行数据、私密配置或失败证据；不能随缓存子项删除,只允许A/B组列出的精确子项；其他内容另查消费者、运行绑定与恢复价值,保留父目录；本行与精确子项有包含关系，容量/文件数不能累加,全量枚举已完成；父目录不在默认删除范围
EXT-DIR-055,O 外部目录全量概览,需要确认（父目录默认保留）,目录概览,父目录概览；不作整目录删除授权,E:/projects/codex/.agent-work/aether/workspace-support/ast_c23dd140e,,,58,3446844,失去可重现的旧测试状态；正式原始日志及当前未解失败/Unknown关联证据保留,父目录可能含已安装依赖、运行数据、私密配置或失败证据；不能随缓存子项删除,只允许A/B组列出的精确子项；其他内容另查消费者、运行绑定与恢复价值,保留父目录；本行与精确子项有包含关系，容量/文件数不能累加,全量枚举已完成；父目录不在默认删除范围
EXT-DIR-056,O 外部目录全量概览,需要确认（父目录默认保留）,目录概览,父目录概览；不作整目录删除授权,E:/projects/codex/.agent-work/aether/workspace-support/ast_c2b303f3e,,,4,122880,失去可重现的旧测试状态；正式原始日志及当前未解失败/Unknown关联证据保留,父目录可能含已安装依赖、运行数据、私密配置或失败证据；不能随缓存子项删除,只允许A/B组列出的精确子项；其他内容另查消费者、运行绑定与恢复价值,保留父目录；本行与精确子项有包含关系，容量/文件数不能累加,全量枚举已完成；父目录不在默认删除范围
EXT-DIR-057,O 外部目录全量概览,需要确认（父目录默认保留）,目录概览,父目录概览；不作整目录删除授权,E:/projects/codex/.agent-work/aether/workspace-support/ast_d904bf4bd,,,4,182,失去可重现的旧测试状态；正式原始日志及当前未解失败/Unknown关联证据保留,父目录可能含已安装依赖、运行数据、私密配置或失败证据；不能随缓存子项删除,只允许A/B组列出的精确子项；其他内容另查消费者、运行绑定与恢复价值,保留父目录；本行与精确子项有包含关系，容量/文件数不能累加,全量枚举已完成；父目录不在默认删除范围
EXT-DIR-058,O 外部目录全量概览,需要确认（父目录默认保留）,目录概览,父目录概览；不作整目录删除授权,E:/projects/codex/.agent-work/aether/workspace-support/ast_f5ca9186e,,,472,17918765,失去可重现的旧测试状态；正式原始日志及当前未解失败/Unknown关联证据保留,父目录可能含已安装依赖、运行数据、私密配置或失败证据；不能随缓存子项删除,只允许A/B组列出的精确子项；其他内容另查消费者、运行绑定与恢复价值,保留父目录；本行与精确子项有包含关系，容量/文件数不能累加,全量枚举已完成；父目录不在默认删除范围
EXT-DIR-059,O 外部目录全量概览,需要确认（父目录默认保留）,目录概览,父目录概览；不作整目录删除授权,E:/projects/codex/.agent-work/aether/workspace-support/ast_f82c54d9d,,,133,5289616,失去可重现的旧测试状态；正式原始日志及当前未解失败/Unknown关联证据保留,父目录可能含已安装依赖、运行数据、私密配置或失败证据；不能随缓存子项删除,只允许A/B组列出的精确子项；其他内容另查消费者、运行绑定与恢复价值,保留父目录；本行与精确子项有包含关系，容量/文件数不能累加,全量枚举已完成；父目录不在默认删除范围
EXT-DIR-060,O 外部目录全量概览,需要确认（父目录默认保留）,目录概览,父目录概览；不作整目录删除授权,E:/projects/codex/.agent-work/aether/workspace-support/ast_fb9b49c93,,,17,1199242,失去可重现的旧测试状态；正式原始日志及当前未解失败/Unknown关联证据保留,父目录可能含已安装依赖、运行数据、私密配置或失败证据；不能随缓存子项删除,只允许A/B组列出的精确子项；其他内容另查消费者、运行绑定与恢复价值,保留父目录；本行与精确子项有包含关系，容量/文件数不能累加,全量枚举已完成；父目录不在默认删除范围
EXT-DIR-061,O 外部目录全量概览,需要确认（父目录默认保留）,目录概览,父目录概览；不作整目录删除授权,E:/projects/codex/.agent-work/aether/workspace-support/ast_fdf5ed423,,,4,58271,失去可重现的旧测试状态；正式原始日志及当前未解失败/Unknown关联证据保留,父目录可能含已安装依赖、运行数据、私密配置或失败证据；不能随缓存子项删除,只允许A/B组列出的精确子项；其他内容另查消费者、运行绑定与恢复价值,保留父目录；本行与精确子项有包含关系，容量/文件数不能累加,全量枚举已完成；父目录不在默认删除范围
EXT-DIR-062,O 外部目录全量概览,需要确认（父目录默认保留）,目录概览,父目录概览；不作整目录删除授权,E:/projects/codex/.agent-work/aether/workspace-support/ast_fe8cba18c,,,5,759088,失去可重现的旧测试状态；正式原始日志及当前未解失败/Unknown关联证据保留,父目录可能含已安装依赖、运行数据、私密配置或失败证据；不能随缓存子项删除,只允许A/B组列出的精确子项；其他内容另查消费者、运行绑定与恢复价值,保留父目录；本行与精确子项有包含关系，容量/文件数不能累加,全量枚举已完成；父目录不在默认删除范围
EXT-DIR-063,O 外部目录全量概览,必须保留（允许精确缓存子项）,目录概览,父目录概览；不作整目录删除授权,E:/projects/codex/.agent-work/aether/workspace-support/azure-module-link-20261004,,,3800,249701872,最新真实Azure验收证据，保留原记录,父目录可能含已安装依赖、运行数据、私密配置或失败证据；不能随缓存子项删除,只允许A/B组列出的精确子项；其他内容另查消费者、运行绑定与恢复价值,保留父目录；本行与精确子项有包含关系，容量/文件数不能累加,全量枚举已完成；父目录不在默认删除范围
EXT-DIR-064,O 外部目录全量概览,必须保留（允许精确缓存子项）,目录概览,父目录概览；不作整目录删除授权,E:/projects/codex/.agent-work/aether/workspace-support/azure-storage-interface-20261003,,,18258,1589140528,DataGrip CA/jar/脚本、真实权限/部署证据、正式TLS和VM候选,父目录可能含已安装依赖、运行数据、私密配置或失败证据；不能随缓存子项删除,只允许A/B组列出的精确子项；其他内容另查消费者、运行绑定与恢复价值,保留父目录；本行与精确子项有包含关系，容量/文件数不能累加,全量枚举已完成；父目录不在默认删除范围
EXT-DIR-065,O 外部目录全量概览,需要确认（父目录默认保留）,目录概览,父目录概览；不作整目录删除授权,E:/projects/codex/.agent-work/aether/workspace-support/backups,,,1,7153,元数据已扫描；含历史证据/源码/资源/回恢复保护，不凭目录名整删，子项验证cache可单列,父目录可能含已安装依赖、运行数据、私密配置或失败证据；不能随缓存子项删除,只允许A/B组列出的精确子项；其他内容另查消费者、运行绑定与恢复价值,保留父目录；本行与精确子项有包含关系，容量/文件数不能累加,全量枚举已完成；父目录不在默认删除范围
EXT-DIR-066,O 外部目录全量概览,需要确认（父目录默认保留）,目录概览,父目录概览；不作整目录删除授权,E:/projects/codex/.agent-work/aether/workspace-support/ci-repair-20260923,,,24069,1451904178,元数据已扫描；含历史证据/源码/资源/回恢复保护，不凭目录名整删，子项验证cache可单列,父目录可能含已安装依赖、运行数据、私密配置或失败证据；不能随缓存子项删除,只允许A/B组列出的精确子项；其他内容另查消费者、运行绑定与恢复价值,保留父目录；本行与精确子项有包含关系，容量/文件数不能累加,全量枚举已完成；父目录不在默认删除范围
EXT-DIR-067,O 外部目录全量概览,需要确认（父目录默认保留）,目录概览,父目录概览；不作整目录删除授权,E:/projects/codex/.agent-work/aether/workspace-support/client-review-20260920,,,3,46597,元数据已扫描；含历史证据/源码/资源/回恢复保护，不凭目录名整删，子项验证cache可单列,父目录可能含已安装依赖、运行数据、私密配置或失败证据；不能随缓存子项删除,只允许A/B组列出的精确子项；其他内容另查消费者、运行绑定与恢复价值,保留父目录；本行与精确子项有包含关系，容量/文件数不能累加,全量枚举已完成；父目录不在默认删除范围
EXT-DIR-068,O 外部目录全量概览,需要确认（父目录默认保留）,目录概览,父目录概览；不作整目录删除授权,E:/projects/codex/.agent-work/aether/workspace-support/code-tutor-20261003,,,4,717592,元数据已扫描；含历史证据/源码/资源/回恢复保护，不凭目录名整删，子项验证cache可单列,父目录可能含已安装依赖、运行数据、私密配置或失败证据；不能随缓存子项删除,只允许A/B组列出的精确子项；其他内容另查消费者、运行绑定与恢复价值,保留父目录；本行与精确子项有包含关系，容量/文件数不能累加,全量枚举已完成；父目录不在默认删除范围
EXT-DIR-069,O 外部目录全量概览,需要确认（父目录默认保留）,目录概览,父目录概览；不作整目录删除授权,E:/projects/codex/.agent-work/aether/workspace-support/collaboration-baseline-20260920,,,392,33562082,元数据已扫描；含历史证据/源码/资源/回恢复保护，不凭目录名整删，子项验证cache可单列,父目录可能含已安装依赖、运行数据、私密配置或失败证据；不能随缓存子项删除,只允许A/B组列出的精确子项；其他内容另查消费者、运行绑定与恢复价值,保留父目录；本行与精确子项有包含关系，容量/文件数不能累加,全量枚举已完成；父目录不在默认删除范围
EXT-DIR-070,O 外部目录全量概览,需要确认（父目录默认保留）,目录概览,父目录概览；不作整目录删除授权,E:/projects/codex/.agent-work/aether/workspace-support/continuous-integration-20260926,,,14587,1326935342,元数据已扫描；含历史证据/源码/资源/回恢复保护，不凭目录名整删，子项验证cache可单列,父目录可能含已安装依赖、运行数据、私密配置或失败证据；不能随缓存子项删除,只允许A/B组列出的精确子项；其他内容另查消费者、运行绑定与恢复价值,保留父目录；本行与精确子项有包含关系，容量/文件数不能累加,全量枚举已完成；父目录不在默认删除范围
EXT-DIR-071,O 外部目录全量概览,需要确认（父目录默认保留）,目录概览,父目录概览；不作整目录删除授权,E:/projects/codex/.agent-work/aether/workspace-support/evidence,,,9,196482,元数据已扫描；含历史证据/源码/资源/回恢复保护，不凭目录名整删，子项验证cache可单列,父目录可能含已安装依赖、运行数据、私密配置或失败证据；不能随缓存子项删除,只允许A/B组列出的精确子项；其他内容另查消费者、运行绑定与恢复价值,保留父目录；本行与精确子项有包含关系，容量/文件数不能累加,全量枚举已完成；父目录不在默认删除范围
EXT-DIR-072,O 外部目录全量概览,需要确认（父目录默认保留）,目录概览,父目录概览；不作整目录删除授权,E:/projects/codex/.agent-work/aether/workspace-support/foundation-20260921,,,35,6963840,元数据已扫描；含历史证据/源码/资源/回恢复保护，不凭目录名整删，子项验证cache可单列,父目录可能含已安装依赖、运行数据、私密配置或失败证据；不能随缓存子项删除,只允许A/B组列出的精确子项；其他内容另查消费者、运行绑定与恢复价值,保留父目录；本行与精确子项有包含关系，容量/文件数不能累加,全量枚举已完成；父目录不在默认删除范围
EXT-DIR-073,O 外部目录全量概览,必须保留（允许精确缓存子项）,目录概览,父目录概览；不作整目录删除授权,E:/projects/codex/.agent-work/aether/workspace-support/framework-study,,,21244,327525435,用户明确保留研读项目的运行环境/成果例子,父目录可能含已安装依赖、运行数据、私密配置或失败证据；不能随缓存子项删除,只允许A/B组列出的精确子项；其他内容另查消费者、运行绑定与恢复价值,保留父目录；本行与精确子项有包含关系，容量/文件数不能累加,全量枚举已完成；父目录不在默认删除范围
EXT-DIR-074,O 外部目录全量概览,需要确认（父目录默认保留）,目录概览,父目录概览；不作整目录删除授权,E:/projects/codex/.agent-work/aether/workspace-support/git-change-review-20261002-144210,,,202,21936158,元数据已扫描；含历史证据/源码/资源/回恢复保护，不凭目录名整删，子项验证cache可单列,父目录可能含已安装依赖、运行数据、私密配置或失败证据；不能随缓存子项删除,只允许A/B组列出的精确子项；其他内容另查消费者、运行绑定与恢复价值,保留父目录；本行与精确子项有包含关系，容量/文件数不能累加,全量枚举已完成；父目录不在默认删除范围
EXT-DIR-075,O 外部目录全量概览,需要确认（父目录默认保留）,目录概览,父目录概览；不作整目录删除授权,E:/projects/codex/.agent-work/aether/workspace-support/git-project-publish-20260921,,,458,39905026,元数据已扫描；含历史证据/源码/资源/回恢复保护，不凭目录名整删，子项验证cache可单列,父目录可能含已安装依赖、运行数据、私密配置或失败证据；不能随缓存子项删除,只允许A/B组列出的精确子项；其他内容另查消费者、运行绑定与恢复价值,保留父目录；本行与精确子项有包含关系，容量/文件数不能累加,全量枚举已完成；父目录不在默认删除范围
EXT-DIR-076,O 外部目录全量概览,需要确认（父目录默认保留）,目录概览,父目录概览；不作整目录删除授权,E:/projects/codex/.agent-work/aether/workspace-support/git-pull-20261001-165530,,,243,41547233,元数据已扫描；含历史证据/源码/资源/回恢复保护，不凭目录名整删，子项验证cache可单列,父目录可能含已安装依赖、运行数据、私密配置或失败证据；不能随缓存子项删除,只允许A/B组列出的精确子项；其他内容另查消费者、运行绑定与恢复价值,保留父目录；本行与精确子项有包含关系，容量/文件数不能累加,全量枚举已完成；父目录不在默认删除范围
EXT-DIR-077,O 外部目录全量概览,需要确认（父目录默认保留）,目录概览,父目录概览；不作整目录删除授权,E:/projects/codex/.agent-work/aether/workspace-support/git-pull-20261002-143429,,,314,63519260,元数据已扫描；含历史证据/源码/资源/回恢复保护，不凭目录名整删，子项验证cache可单列,父目录可能含已安装依赖、运行数据、私密配置或失败证据；不能随缓存子项删除,只允许A/B组列出的精确子项；其他内容另查消费者、运行绑定与恢复价值,保留父目录；本行与精确子项有包含关系，容量/文件数不能累加,全量枚举已完成；父目录不在默认删除范围
EXT-DIR-078,O 外部目录全量概览,需要确认（父目录默认保留）,目录概览,父目录概览；不作整目录删除授权,E:/projects/codex/.agent-work/aether/workspace-support/git-pull-20261002-172425-828c68d0,,,317,43405553,元数据已扫描；含历史证据/源码/资源/回恢复保护，不凭目录名整删，子项验证cache可单列,父目录可能含已安装依赖、运行数据、私密配置或失败证据；不能随缓存子项删除,只允许A/B组列出的精确子项；其他内容另查消费者、运行绑定与恢复价值,保留父目录；本行与精确子项有包含关系，容量/文件数不能累加,全量枚举已完成；父目录不在默认删除范围
EXT-DIR-079,O 外部目录全量概览,需要确认（父目录默认保留）,目录概览,父目录概览；不作整目录删除授权,E:/projects/codex/.agent-work/aether/workspace-support/git-sync,,,229,41865242,元数据已扫描；含历史证据/源码/资源/回恢复保护，不凭目录名整删，子项验证cache可单列,父目录可能含已安装依赖、运行数据、私密配置或失败证据；不能随缓存子项删除,只允许A/B组列出的精确子项；其他内容另查消费者、运行绑定与恢复价值,保留父目录；本行与精确子项有包含关系，容量/文件数不能累加,全量枚举已完成；父目录不在默认删除范围
EXT-DIR-080,O 外部目录全量概览,需要确认（父目录默认保留）,目录概览,父目录概览；不作整目录删除授权,E:/projects/codex/.agent-work/aether/workspace-support/git-sync-20261001,,,643,78905225,元数据已扫描；含历史证据/源码/资源/回恢复保护，不凭目录名整删，子项验证cache可单列,父目录可能含已安装依赖、运行数据、私密配置或失败证据；不能随缓存子项删除,只允许A/B组列出的精确子项；其他内容另查消费者、运行绑定与恢复价值,保留父目录；本行与精确子项有包含关系，容量/文件数不能累加,全量枚举已完成；父目录不在默认删除范围
EXT-DIR-081,O 外部目录全量概览,需要确认（父目录默认保留）,目录概览,父目录概览；不作整目录删除授权,E:/projects/codex/.agent-work/aether/workspace-support/github-permissions,,,17,248012,元数据已扫描；含历史证据/源码/资源/回恢复保护，不凭目录名整删，子项验证cache可单列,父目录可能含已安装依赖、运行数据、私密配置或失败证据；不能随缓存子项删除,只允许A/B组列出的精确子项；其他内容另查消费者、运行绑定与恢复价值,保留父目录；本行与精确子项有包含关系，容量/文件数不能累加,全量枚举已完成；父目录不在默认删除范围
EXT-DIR-082,O 外部目录全量概览,需要确认（父目录默认保留）,目录概览,父目录概览；不作整目录删除授权,E:/projects/codex/.agent-work/aether/workspace-support/github-pr-20260928,,,3863,146953232,元数据已扫描；含历史证据/源码/资源/回恢复保护，不凭目录名整删，子项验证cache可单列,父目录可能含已安装依赖、运行数据、私密配置或失败证据；不能随缓存子项删除,只允许A/B组列出的精确子项；其他内容另查消费者、运行绑定与恢复价值,保留父目录；本行与精确子项有包含关系，容量/文件数不能累加,全量枚举已完成；父目录不在默认删除范围
EXT-DIR-083,O 外部目录全量概览,需要确认（父目录默认保留）,目录概览,父目录概览；不作整目录删除授权,E:/projects/codex/.agent-work/aether/workspace-support/history-0916,,,1,27515,元数据已扫描；含历史证据/源码/资源/回恢复保护，不凭目录名整删，子项验证cache可单列,父目录可能含已安装依赖、运行数据、私密配置或失败证据；不能随缓存子项删除,只允许A/B组列出的精确子项；其他内容另查消费者、运行绑定与恢复价值,保留父目录；本行与精确子项有包含关系，容量/文件数不能累加,全量枚举已完成；父目录不在默认删除范围
EXT-DIR-084,O 外部目录全量概览,需要确认（父目录默认保留）,目录概览,父目录概览；不作整目录删除授权,E:/projects/codex/.agent-work/aether/workspace-support/history-0918,,,15,1505357,元数据已扫描；含历史证据/源码/资源/回恢复保护，不凭目录名整删，子项验证cache可单列,父目录可能含已安装依赖、运行数据、私密配置或失败证据；不能随缓存子项删除,只允许A/B组列出的精确子项；其他内容另查消费者、运行绑定与恢复价值,保留父目录；本行与精确子项有包含关系，容量/文件数不能累加,全量枚举已完成；父目录不在默认删除范围
EXT-DIR-085,O 外部目录全量概览,需要确认（父目录默认保留）,目录概览,父目录概览；不作整目录删除授权,E:/projects/codex/.agent-work/aether/workspace-support/implementation-audit-20260926,,,5201,299246194,元数据已扫描；含历史证据/源码/资源/回恢复保护，不凭目录名整删，子项验证cache可单列,父目录可能含已安装依赖、运行数据、私密配置或失败证据；不能随缓存子项删除,只允许A/B组列出的精确子项；其他内容另查消费者、运行绑定与恢复价值,保留父目录；本行与精确子项有包含关系，容量/文件数不能累加,全量枚举已完成；父目录不在默认删除范围
EXT-DIR-086,O 外部目录全量概览,需要确认（父目录默认保留）,目录概览,父目录概览；不作整目录删除授权,E:/projects/codex/.agent-work/aether/workspace-support/integration-audit-20261002-151648,,,581,225820304,元数据已扫描；含历史证据/源码/资源/回恢复保护，不凭目录名整删，子项验证cache可单列,父目录可能含已安装依赖、运行数据、私密配置或失败证据；不能随缓存子项删除,只允许A/B组列出的精确子项；其他内容另查消费者、运行绑定与恢复价值,保留父目录；本行与精确子项有包含关系，容量/文件数不能累加,全量枚举已完成；父目录不在默认删除范围
EXT-DIR-087,O 外部目录全量概览,需要确认（父目录默认保留）,目录概览,父目录概览；不作整目录删除授权,E:/projects/codex/.agent-work/aether/workspace-support/latest-deliverables-20260929,,,115,3210008,元数据已扫描；含历史证据/源码/资源/回恢复保护，不凭目录名整删，子项验证cache可单列,父目录可能含已安装依赖、运行数据、私密配置或失败证据；不能随缓存子项删除,只允许A/B组列出的精确子项；其他内容另查消费者、运行绑定与恢复价值,保留父目录；本行与精确子项有包含关系，容量/文件数不能累加,全量枚举已完成；父目录不在默认删除范围
EXT-DIR-088,O 外部目录全量概览,必须保留（允许精确缓存子项）,目录概览,父目录概览；不作整目录删除授权,E:/projects/codex/.agent-work/aether/workspace-support/legacy-outputs,,,14217,436098083,当前Python base及保留旧历史；禁止整目录删除,父目录可能含已安装依赖、运行数据、私密配置或失败证据；不能随缓存子项删除,只允许A/B组列出的精确子项；其他内容另查消费者、运行绑定与恢复价值,保留父目录；本行与精确子项有包含关系，容量/文件数不能累加,全量枚举已完成；父目录不在默认删除范围
EXT-DIR-089,O 外部目录全量概览,必须保留（允许精确缓存子项）,目录概览,父目录概览；不作整目录删除授权,E:/projects/codex/.agent-work/aether/workspace-support/local-docker-20261004,,,41522,707724355,当前运行/config/models/probe/relay、镜像复现、未解失败及P4 Unknown证据；仅独立缓存/旧snapshot候选,父目录可能含已安装依赖、运行数据、私密配置或失败证据；不能随缓存子项删除,只允许A/B组列出的精确子项；其他内容另查消费者、运行绑定与恢复价值,保留父目录；本行与精确子项有包含关系，容量/文件数不能累加,全量枚举已完成；父目录不在默认删除范围
EXT-DIR-090,O 外部目录全量概览,需要确认（父目录默认保留）,目录概览,父目录概览；不作整目录删除授权,E:/projects/codex/.agent-work/aether/workspace-support/manual-atlas-read-20260921,,,3,1907885,元数据已扫描；含历史证据/源码/资源/回恢复保护，不凭目录名整删，子项验证cache可单列,父目录可能含已安装依赖、运行数据、私密配置或失败证据；不能随缓存子项删除,只允许A/B组列出的精确子项；其他内容另查消费者、运行绑定与恢复价值,保留父目录；本行与精确子项有包含关系，容量/文件数不能累加,全量枚举已完成；父目录不在默认删除范围
EXT-DIR-091,O 外部目录全量概览,需要确认（父目录默认保留）,目录概览,父目录概览；不作整目录删除授权,E:/projects/codex/.agent-work/aether/workspace-support/migration,,,6,6692644,元数据已扫描；含历史证据/源码/资源/回恢复保护，不凭目录名整删，子项验证cache可单列,父目录可能含已安装依赖、运行数据、私密配置或失败证据；不能随缓存子项删除,只允许A/B组列出的精确子项；其他内容另查消费者、运行绑定与恢复价值,保留父目录；本行与精确子项有包含关系，容量/文件数不能累加,全量枚举已完成；父目录不在默认删除范围
EXT-DIR-092,O 外部目录全量概览,需要确认（父目录默认保留）,目录概览,父目录概览；不作整目录删除授权,E:/projects/codex/.agent-work/aether/workspace-support/mock-audit-20260920,,,2,11868,元数据已扫描；含历史证据/源码/资源/回恢复保护，不凭目录名整删，子项验证cache可单列,父目录可能含已安装依赖、运行数据、私密配置或失败证据；不能随缓存子项删除,只允许A/B组列出的精确子项；其他内容另查消费者、运行绑定与恢复价值,保留父目录；本行与精确子项有包含关系，容量/文件数不能累加,全量枚举已完成；父目录不在默认删除范围
EXT-DIR-093,O 外部目录全量概览,需要确认（父目录默认保留）,目录概览,父目录概览；不作整目录删除授权,E:/projects/codex/.agent-work/aether/workspace-support/mock-audit-20260924,,,2,93396,元数据已扫描；含历史证据/源码/资源/回恢复保护，不凭目录名整删，子项验证cache可单列,父目录可能含已安装依赖、运行数据、私密配置或失败证据；不能随缓存子项删除,只允许A/B组列出的精确子项；其他内容另查消费者、运行绑定与恢复价值,保留父目录；本行与精确子项有包含关系，容量/文件数不能累加,全量枚举已完成；父目录不在默认删除范围
EXT-DIR-094,O 外部目录全量概览,需要确认（父目录默认保留）,目录概览,父目录概览；不作整目录删除授权,E:/projects/codex/.agent-work/aether/workspace-support/mock-redesign-20260922,,,15,500823,元数据已扫描；含历史证据/源码/资源/回恢复保护，不凭目录名整删，子项验证cache可单列,父目录可能含已安装依赖、运行数据、私密配置或失败证据；不能随缓存子项删除,只允许A/B组列出的精确子项；其他内容另查消费者、运行绑定与恢复价值,保留父目录；本行与精确子项有包含关系，容量/文件数不能累加,全量枚举已完成；父目录不在默认删除范围
EXT-DIR-095,O 外部目录全量概览,需要确认（父目录默认保留）,目录概览,父目录概览；不作整目录删除授权,E:/projects/codex/.agent-work/aether/workspace-support/mock-v13-rebuild-20260920,,,19,151165,元数据已扫描；含历史证据/源码/资源/回恢复保护，不凭目录名整删，子项验证cache可单列,父目录可能含已安装依赖、运行数据、私密配置或失败证据；不能随缓存子项删除,只允许A/B组列出的精确子项；其他内容另查消费者、运行绑定与恢复价值,保留父目录；本行与精确子项有包含关系，容量/文件数不能累加,全量枚举已完成；父目录不在默认删除范围
EXT-DIR-096,O 外部目录全量概览,需要确认（父目录默认保留）,目录概览,父目录概览；不作整目录删除授权,E:/projects/codex/.agent-work/aether/workspace-support/monitor-timeout-20260929,,,4371,974298440,元数据已扫描；含历史证据/源码/资源/回恢复保护，不凭目录名整删，子项验证cache可单列,父目录可能含已安装依赖、运行数据、私密配置或失败证据；不能随缓存子项删除,只允许A/B组列出的精确子项；其他内容另查消费者、运行绑定与恢复价值,保留父目录；本行与精确子项有包含关系，容量/文件数不能累加,全量枚举已完成；父目录不在默认删除范围
EXT-DIR-097,O 外部目录全量概览,必须保留（允许精确缓存子项）,目录概览,父目录概览；不作整目录删除授权,E:/projects/codex/.agent-work/aether/workspace-support/monitor-web-20260928,,,33104,1318390332,主源码node_modules实际junction target、旧真实数据和入口需确认,父目录可能含已安装依赖、运行数据、私密配置或失败证据；不能随缓存子项删除,只允许A/B组列出的精确子项；其他内容另查消费者、运行绑定与恢复价值,保留父目录；本行与精确子项有包含关系，容量/文件数不能累加,全量枚举已完成；父目录不在默认删除范围
EXT-DIR-098,O 外部目录全量概览,需要确认（父目录默认保留）,目录概览,父目录概览；不作整目录删除授权,E:/projects/codex/.agent-work/aether/workspace-support/p3-atlas-20260921,,,7,240175,元数据已扫描；含历史证据/源码/资源/回恢复保护，不凭目录名整删，子项验证cache可单列,父目录可能含已安装依赖、运行数据、私密配置或失败证据；不能随缓存子项删除,只允许A/B组列出的精确子项；其他内容另查消费者、运行绑定与恢复价值,保留父目录；本行与精确子项有包含关系，容量/文件数不能累加,全量枚举已完成；父目录不在默认删除范围
EXT-DIR-099,O 外部目录全量概览,需要确认（父目录默认保留）,目录概览,父目录概览；不作整目录删除授权,E:/projects/codex/.agent-work/aether/workspace-support/p3-doc-cleanup-20260922-100929-720,,,2,86132,元数据已扫描；含历史证据/源码/资源/回恢复保护，不凭目录名整删，子项验证cache可单列,父目录可能含已安装依赖、运行数据、私密配置或失败证据；不能随缓存子项删除,只允许A/B组列出的精确子项；其他内容另查消费者、运行绑定与恢复价值,保留父目录；本行与精确子项有包含关系，容量/文件数不能累加,全量枚举已完成；父目录不在默认删除范围
EXT-DIR-100,O 外部目录全量概览,需要确认（父目录默认保留）,目录概览,父目录概览；不作整目录删除授权,E:/projects/codex/.agent-work/aether/workspace-support/p3-flow-selection-20260929,,,60,4195481,元数据已扫描；含历史证据/源码/资源/回恢复保护，不凭目录名整删，子项验证cache可单列,父目录可能含已安装依赖、运行数据、私密配置或失败证据；不能随缓存子项删除,只允许A/B组列出的精确子项；其他内容另查消费者、运行绑定与恢复价值,保留父目录；本行与精确子项有包含关系，容量/文件数不能累加,全量枚举已完成；父目录不在默认删除范围
EXT-DIR-101,O 外部目录全量概览,需要确认（父目录默认保留）,目录概览,父目录概览；不作整目录删除授权,E:/projects/codex/.agent-work/aether/workspace-support/p3-four-20260921,,,8,789643,元数据已扫描；含历史证据/源码/资源/回恢复保护，不凭目录名整删，子项验证cache可单列,父目录可能含已安装依赖、运行数据、私密配置或失败证据；不能随缓存子项删除,只允许A/B组列出的精确子项；其他内容另查消费者、运行绑定与恢复价值,保留父目录；本行与精确子项有包含关系，容量/文件数不能累加,全量枚举已完成；父目录不在默认删除范围
EXT-DIR-102,O 外部目录全量概览,需要确认（父目录默认保留）,目录概览,父目录概览；不作整目录删除授权,E:/projects/codex/.agent-work/aether/workspace-support/p3-full-guide-20260922,,,3,40772,元数据已扫描；含历史证据/源码/资源/回恢复保护，不凭目录名整删，子项验证cache可单列,父目录可能含已安装依赖、运行数据、私密配置或失败证据；不能随缓存子项删除,只允许A/B组列出的精确子项；其他内容另查消费者、运行绑定与恢复价值,保留父目录；本行与精确子项有包含关系，容量/文件数不能累加,全量枚举已完成；父目录不在默认删除范围
EXT-DIR-103,O 外部目录全量概览,需要确认（父目录默认保留）,目录概览,父目录概览；不作整目录删除授权,E:/projects/codex/.agent-work/aether/workspace-support/p3-handoffs-20260921,,,17,3077914,元数据已扫描；含历史证据/源码/资源/回恢复保护，不凭目录名整删，子项验证cache可单列,父目录可能含已安装依赖、运行数据、私密配置或失败证据；不能随缓存子项删除,只允许A/B组列出的精确子项；其他内容另查消费者、运行绑定与恢复价值,保留父目录；本行与精确子项有包含关系，容量/文件数不能累加,全量枚举已完成；父目录不在默认删除范围
EXT-DIR-104,O 外部目录全量概览,需要确认（父目录默认保留）,目录概览,父目录概览；不作整目录删除授权,E:/projects/codex/.agent-work/aether/workspace-support/p3-interface-count-20260930,,,58,4247825,元数据已扫描；含历史证据/源码/资源/回恢复保护，不凭目录名整删，子项验证cache可单列,父目录可能含已安装依赖、运行数据、私密配置或失败证据；不能随缓存子项删除,只允许A/B组列出的精确子项；其他内容另查消费者、运行绑定与恢复价值,保留父目录；本行与精确子项有包含关系，容量/文件数不能累加,全量枚举已完成；父目录不在默认删除范围
EXT-DIR-105,O 外部目录全量概览,需要确认（父目录默认保留）,目录概览,父目录概览；不作整目录删除授权,E:/projects/codex/.agent-work/aether/workspace-support/p3-lines-20260921,,,15,2477907,元数据已扫描；含历史证据/源码/资源/回恢复保护，不凭目录名整删，子项验证cache可单列,父目录可能含已安装依赖、运行数据、私密配置或失败证据；不能随缓存子项删除,只允许A/B组列出的精确子项；其他内容另查消费者、运行绑定与恢复价值,保留父目录；本行与精确子项有包含关系，容量/文件数不能累加,全量枚举已完成；父目录不在默认删除范围
EXT-DIR-106,O 外部目录全量概览,需要确认（父目录默认保留）,目录概览,父目录概览；不作整目录删除授权,E:/projects/codex/.agent-work/aether/workspace-support/p3-mock-slide-20260929,,,62,3838323,元数据已扫描；含历史证据/源码/资源/回恢复保护，不凭目录名整删，子项验证cache可单列,父目录可能含已安装依赖、运行数据、私密配置或失败证据；不能随缓存子项删除,只允许A/B组列出的精确子项；其他内容另查消费者、运行绑定与恢复价值,保留父目录；本行与精确子项有包含关系，容量/文件数不能累加,全量枚举已完成；父目录不在默认删除范围
EXT-DIR-107,O 外部目录全量概览,需要确认（父目录默认保留）,目录概览,父目录概览；不作整目录删除授权,E:/projects/codex/.agent-work/aether/workspace-support/p3-modules-20260921,,,7,1333023,元数据已扫描；含历史证据/源码/资源/回恢复保护，不凭目录名整删，子项验证cache可单列,父目录可能含已安装依赖、运行数据、私密配置或失败证据；不能随缓存子项删除,只允许A/B组列出的精确子项；其他内容另查消费者、运行绑定与恢复价值,保留父目录；本行与精确子项有包含关系，容量/文件数不能累加,全量枚举已完成；父目录不在默认删除范围
EXT-DIR-108,O 外部目录全量概览,需要确认（父目录默认保留）,目录概览,父目录概览；不作整目录删除授权,E:/projects/codex/.agent-work/aether/workspace-support/p3-multiscene-20261001,,,13,962774,元数据已扫描；含历史证据/源码/资源/回恢复保护，不凭目录名整删，子项验证cache可单列,父目录可能含已安装依赖、运行数据、私密配置或失败证据；不能随缓存子项删除,只允许A/B组列出的精确子项；其他内容另查消费者、运行绑定与恢复价值,保留父目录；本行与精确子项有包含关系，容量/文件数不能累加,全量枚举已完成；父目录不在默认删除范围
EXT-DIR-109,O 外部目录全量概览,需要确认（父目录默认保留）,目录概览,父目录概览；不作整目录删除授权,E:/projects/codex/.agent-work/aether/workspace-support/p3-mvp-review-20260929,,,543,44874467,元数据已扫描；含历史证据/源码/资源/回恢复保护，不凭目录名整删，子项验证cache可单列,父目录可能含已安装依赖、运行数据、私密配置或失败证据；不能随缓存子项删除,只允许A/B组列出的精确子项；其他内容另查消费者、运行绑定与恢复价值,保留父目录；本行与精确子项有包含关系，容量/文件数不能累加,全量枚举已完成；父目录不在默认删除范围
EXT-DIR-110,O 外部目录全量概览,需要确认（父目录默认保留）,目录概览,父目录概览；不作整目录删除授权,E:/projects/codex/.agent-work/aether/workspace-support/p3-object-foundation-20260921,,,373,37233032,元数据已扫描；含历史证据/源码/资源/回恢复保护，不凭目录名整删，子项验证cache可单列,父目录可能含已安装依赖、运行数据、私密配置或失败证据；不能随缓存子项删除,只允许A/B组列出的精确子项；其他内容另查消费者、运行绑定与恢复价值,保留父目录；本行与精确子项有包含关系，容量/文件数不能累加,全量枚举已完成；父目录不在默认删除范围
EXT-DIR-111,O 外部目录全量概览,需要确认（父目录默认保留）,目录概览,父目录概览；不作整目录删除授权,E:/projects/codex/.agent-work/aether/workspace-support/p3-operate-update-20260921,,,7,1031097,元数据已扫描；含历史证据/源码/资源/回恢复保护，不凭目录名整删，子项验证cache可单列,父目录可能含已安装依赖、运行数据、私密配置或失败证据；不能随缓存子项删除,只允许A/B组列出的精确子项；其他内容另查消费者、运行绑定与恢复价值,保留父目录；本行与精确子项有包含关系，容量/文件数不能累加,全量枚举已完成；父目录不在默认删除范围
EXT-DIR-112,O 外部目录全量概览,需要确认（父目录默认保留）,目录概览,父目录概览；不作整目录删除授权,E:/projects/codex/.agent-work/aether/workspace-support/p3-p2-interface-requirements-20260929,,,14,198494,元数据已扫描；含历史证据/源码/资源/回恢复保护，不凭目录名整删，子项验证cache可单列,父目录可能含已安装依赖、运行数据、私密配置或失败证据；不能随缓存子项删除,只允许A/B组列出的精确子项；其他内容另查消费者、运行绑定与恢复价值,保留父目录；本行与精确子项有包含关系，容量/文件数不能累加,全量枚举已完成；父目录不在默认删除范围
EXT-DIR-113,O 外部目录全量概览,需要确认（父目录默认保留）,目录概览,父目录概览；不作整目录删除授权,E:/projects/codex/.agent-work/aether/workspace-support/p3-prd-target-20260921,,,25,4310624,元数据已扫描；含历史证据/源码/资源/回恢复保护，不凭目录名整删，子项验证cache可单列,父目录可能含已安装依赖、运行数据、私密配置或失败证据；不能随缓存子项删除,只允许A/B组列出的精确子项；其他内容另查消费者、运行绑定与恢复价值,保留父目录；本行与精确子项有包含关系，容量/文件数不能累加,全量枚举已完成；父目录不在默认删除范围
EXT-DIR-114,O 外部目录全量概览,需要确认（父目录默认保留）,目录概览,父目录概览；不作整目录删除授权,E:/projects/codex/.agent-work/aether/workspace-support/p3-recall-expand-20260921,,,8,1073736,元数据已扫描；含历史证据/源码/资源/回恢复保护，不凭目录名整删，子项验证cache可单列,父目录可能含已安装依赖、运行数据、私密配置或失败证据；不能随缓存子项删除,只允许A/B组列出的精确子项；其他内容另查消费者、运行绑定与恢复价值,保留父目录；本行与精确子项有包含关系，容量/文件数不能累加,全量枚举已完成；父目录不在默认删除范围
EXT-DIR-115,O 外部目录全量概览,需要确认（父目录默认保留）,目录概览,父目录概览；不作整目录删除授权,E:/projects/codex/.agent-work/aether/workspace-support/p3-review-20260929,,,180,15410672,元数据已扫描；含历史证据/源码/资源/回恢复保护，不凭目录名整删，子项验证cache可单列,父目录可能含已安装依赖、运行数据、私密配置或失败证据；不能随缓存子项删除,只允许A/B组列出的精确子项；其他内容另查消费者、运行绑定与恢复价值,保留父目录；本行与精确子项有包含关系，容量/文件数不能累加,全量枚举已完成；父目录不在默认删除范围
EXT-DIR-116,O 外部目录全量概览,需要确认（父目录默认保留）,目录概览,父目录概览；不作整目录删除授权,E:/projects/codex/.agent-work/aether/workspace-support/p3-review-version-archive,,,7,11189,元数据已扫描；含历史证据/源码/资源/回恢复保护，不凭目录名整删，子项验证cache可单列,父目录可能含已安装依赖、运行数据、私密配置或失败证据；不能随缓存子项删除,只允许A/B组列出的精确子项；其他内容另查消费者、运行绑定与恢复价值,保留父目录；本行与精确子项有包含关系，容量/文件数不能累加,全量枚举已完成；父目录不在默认删除范围
EXT-DIR-117,O 外部目录全量概览,需要确认（父目录默认保留）,目录概览,父目录概览；不作整目录删除授权,E:/projects/codex/.agent-work/aether/workspace-support/p3-speaking-script-20260930,,,18,233219,元数据已扫描；含历史证据/源码/资源/回恢复保护，不凭目录名整删，子项验证cache可单列,父目录可能含已安装依赖、运行数据、私密配置或失败证据；不能随缓存子项删除,只允许A/B组列出的精确子项；其他内容另查消费者、运行绑定与恢复价值,保留父目录；本行与精确子项有包含关系，容量/文件数不能累加,全量枚举已完成；父目录不在默认删除范围
EXT-DIR-118,O 外部目录全量概览,需要确认（父目录默认保留）,目录概览,父目录概览；不作整目录删除授权,E:/projects/codex/.agent-work/aether/workspace-support/p3-testing-plan-20260929,,,85,6482887,元数据已扫描；含历史证据/源码/资源/回恢复保护，不凭目录名整删，子项验证cache可单列,父目录可能含已安装依赖、运行数据、私密配置或失败证据；不能随缓存子项删除,只允许A/B组列出的精确子项；其他内容另查消费者、运行绑定与恢复价值,保留父目录；本行与精确子项有包含关系，容量/文件数不能累加,全量枚举已完成；父目录不在默认删除范围
EXT-DIR-119,O 外部目录全量概览,需要确认（父目录默认保留）,目录概览,父目录概览；不作整目录删除授权,E:/projects/codex/.agent-work/aether/workspace-support/p3-working-branch-20260921,,,7,1041281,元数据已扫描；含历史证据/源码/资源/回恢复保护，不凭目录名整删，子项验证cache可单列,父目录可能含已安装依赖、运行数据、私密配置或失败证据；不能随缓存子项删除,只允许A/B组列出的精确子项；其他内容另查消费者、运行绑定与恢复价值,保留父目录；本行与精确子项有包含关系，容量/文件数不能累加,全量枚举已完成；父目录不在默认删除范围
EXT-DIR-120,O 外部目录全量概览,需要确认（父目录默认保留）,目录概览,父目录概览；不作整目录删除授权,E:/projects/codex/.agent-work/aether/workspace-support/pc-cache-exact-bytes-red,,,16,908492,失去可重现的旧测试状态；正式原始日志及当前未解失败/Unknown关联证据保留,父目录可能含已安装依赖、运行数据、私密配置或失败证据；不能随缓存子项删除,只允许A/B组列出的精确子项；其他内容另查消费者、运行绑定与恢复价值,保留父目录；本行与精确子项有包含关系，容量/文件数不能累加,全量枚举已完成；父目录不在默认删除范围
EXT-DIR-121,O 外部目录全量概览,需要确认（父目录默认保留）,目录概览,父目录概览；不作整目录删除授权,E:/projects/codex/.agent-work/aether/workspace-support/pc-client-admission-boundaries-red,,,93,10004112,失去可重现的旧测试状态；正式原始日志及当前未解失败/Unknown关联证据保留,父目录可能含已安装依赖、运行数据、私密配置或失败证据；不能随缓存子项删除,只允许A/B组列出的精确子项；其他内容另查消费者、运行绑定与恢复价值,保留父目录；本行与精确子项有包含关系，容量/文件数不能累加,全量枚举已完成；父目录不在默认删除范围
EXT-DIR-122,O 外部目录全量概览,需要确认（父目录默认保留）,目录概览,父目录概览；不作整目录删除授权,E:/projects/codex/.agent-work/aether/workspace-support/pc-client-admission-final-regression,,,1079,214442365,失去可重现的旧测试状态；正式原始日志及当前未解失败/Unknown关联证据保留,父目录可能含已安装依赖、运行数据、私密配置或失败证据；不能随缓存子项删除,只允许A/B组列出的精确子项；其他内容另查消费者、运行绑定与恢复价值,保留父目录；本行与精确子项有包含关系，容量/文件数不能累加,全量枚举已完成；父目录不在默认删除范围
EXT-DIR-123,O 外部目录全量概览,需要确认（父目录默认保留）,目录概览,父目录概览；不作整目录删除授权,E:/projects/codex/.agent-work/aether/workspace-support/pc-client-admission-inflight,,,7,1172707,失去可重现的旧测试状态；正式原始日志及当前未解失败/Unknown关联证据保留,父目录可能含已安装依赖、运行数据、私密配置或失败证据；不能随缓存子项删除,只允许A/B组列出的精确子项；其他内容另查消费者、运行绑定与恢复价值,保留父目录；本行与精确子项有包含关系，容量/文件数不能累加,全量枚举已完成；父目录不在默认删除范围
EXT-DIR-124,O 外部目录全量概览,需要确认（父目录默认保留）,目录概览,父目录概览；不作整目录删除授权,E:/projects/codex/.agent-work/aether/workspace-support/pc-client-admission-initial,,,257,14729705,失去可重现的旧测试状态；正式原始日志及当前未解失败/Unknown关联证据保留,父目录可能含已安装依赖、运行数据、私密配置或失败证据；不能随缓存子项删除,只允许A/B组列出的精确子项；其他内容另查消费者、运行绑定与恢复价值,保留父目录；本行与精确子项有包含关系，容量/文件数不能累加,全量枚举已完成；父目录不在默认删除范围
EXT-DIR-125,O 外部目录全量概览,需要确认（父目录默认保留）,目录概览,父目录概览；不作整目录删除授权,E:/projects/codex/.agent-work/aether/workspace-support/pc-client-admission-integration,,,553,37059121,失去可重现的旧测试状态；正式原始日志及当前未解失败/Unknown关联证据保留,父目录可能含已安装依赖、运行数据、私密配置或失败证据；不能随缓存子项删除,只允许A/B组列出的精确子项；其他内容另查消费者、运行绑定与恢复价值,保留父目录；本行与精确子项有包含关系，容量/文件数不能累加,全量枚举已完成；父目录不在默认删除范围
EXT-DIR-126,O 外部目录全量概览,需要确认（父目录默认保留）,目录概览,父目录概览；不作整目录删除授权,E:/projects/codex/.agent-work/aether/workspace-support/pc-client-admission-preflight-red,,,124,11443633,失去可重现的旧测试状态；正式原始日志及当前未解失败/Unknown关联证据保留,父目录可能含已安装依赖、运行数据、私密配置或失败证据；不能随缓存子项删除,只允许A/B组列出的精确子项；其他内容另查消费者、运行绑定与恢复价值,保留父目录；本行与精确子项有包含关系，容量/文件数不能累加,全量枚举已完成；父目录不在默认删除范围
EXT-DIR-127,O 外部目录全量概览,需要确认（父目录默认保留）,目录概览,父目录概览；不作整目录删除授权,E:/projects/codex/.agent-work/aether/workspace-support/pc-client-admission-races,,,168,14331996,失去可重现的旧测试状态；正式原始日志及当前未解失败/Unknown关联证据保留,父目录可能含已安装依赖、运行数据、私密配置或失败证据；不能随缓存子项删除,只允许A/B组列出的精确子项；其他内容另查消费者、运行绑定与恢复价值,保留父目录；本行与精确子项有包含关系，容量/文件数不能累加,全量枚举已完成；父目录不在默认删除范围
EXT-DIR-128,O 外部目录全量概览,需要确认（父目录默认保留）,目录概览,父目录概览；不作整目录删除授权,E:/projects/codex/.agent-work/aether/workspace-support/pc-client-admission-red,,,37,2087936,失去可重现的旧测试状态；正式原始日志及当前未解失败/Unknown关联证据保留,父目录可能含已安装依赖、运行数据、私密配置或失败证据；不能随缓存子项删除,只允许A/B组列出的精确子项；其他内容另查消费者、运行绑定与恢复价值,保留父目录；本行与精确子项有包含关系，容量/文件数不能累加,全量枚举已完成；父目录不在默认删除范围
EXT-DIR-129,O 外部目录全量概览,需要确认（父目录默认保留）,目录概览,父目录概览；不作整目录删除授权,E:/projects/codex/.agent-work/aether/workspace-support/pc-client-definition-extended,,,82,4174696,失去可重现的旧测试状态；正式原始日志及当前未解失败/Unknown关联证据保留,父目录可能含已安装依赖、运行数据、私密配置或失败证据；不能随缓存子项删除,只允许A/B组列出的精确子项；其他内容另查消费者、运行绑定与恢复价值,保留父目录；本行与精确子项有包含关系，容量/文件数不能累加,全量枚举已完成；父目录不在默认删除范围
EXT-DIR-130,O 外部目录全量概览,需要确认（父目录默认保留）,目录概览,父目录概览；不作整目录删除授权,E:/projects/codex/.agent-work/aether/workspace-support/pc-client-definition-final-regression,,,725,169729895,失去可重现的旧测试状态；正式原始日志及当前未解失败/Unknown关联证据保留,父目录可能含已安装依赖、运行数据、私密配置或失败证据；不能随缓存子项删除,只允许A/B组列出的精确子项；其他内容另查消费者、运行绑定与恢复价值,保留父目录；本行与精确子项有包含关系，容量/文件数不能累加,全量枚举已完成；父目录不在默认删除范围
EXT-DIR-131,O 外部目录全量概览,需要确认（父目录默认保留）,目录概览,父目录概览；不作整目录删除授权,E:/projects/codex/.agent-work/aether/workspace-support/pc-client-definition-format-confirmation,,,12,11241633,失去可重现的旧测试状态；正式原始日志及当前未解失败/Unknown关联证据保留,父目录可能含已安装依赖、运行数据、私密配置或失败证据；不能随缓存子项删除,只允许A/B组列出的精确子项；其他内容另查消费者、运行绑定与恢复价值,保留父目录；本行与精确子项有包含关系，容量/文件数不能累加,全量枚举已完成；父目录不在默认删除范围
EXT-DIR-132,O 外部目录全量概览,需要确认（父目录默认保留）,目录概览,父目录概览；不作整目录删除授权,E:/projects/codex/.agent-work/aether/workspace-support/pc-client-definition-p3-initial,,,191,7610290,失去可重现的旧测试状态；正式原始日志及当前未解失败/Unknown关联证据保留,父目录可能含已安装依赖、运行数据、私密配置或失败证据；不能随缓存子项删除,只允许A/B组列出的精确子项；其他内容另查消费者、运行绑定与恢复价值,保留父目录；本行与精确子项有包含关系，容量/文件数不能累加,全量枚举已完成；父目录不在默认删除范围
EXT-DIR-133,O 外部目录全量概览,需要确认（父目录默认保留）,目录概览,父目录概览；不作整目录删除授权,E:/projects/codex/.agent-work/aether/workspace-support/pc-client-definition-p4-initial,,,52,3116104,失去可重现的旧测试状态；正式原始日志及当前未解失败/Unknown关联证据保留,父目录可能含已安装依赖、运行数据、私密配置或失败证据；不能随缓存子项删除,只允许A/B组列出的精确子项；其他内容另查消费者、运行绑定与恢复价值,保留父目录；本行与精确子项有包含关系，容量/文件数不能累加,全量枚举已完成；父目录不在默认删除范围
EXT-DIR-134,O 外部目录全量概览,需要确认（父目录默认保留）,目录概览,父目录概览；不作整目录删除授权,E:/projects/codex/.agent-work/aether/workspace-support/pc-client-definition-preflight-final,,,237,149417008,失去可重现的旧测试状态；正式原始日志及当前未解失败/Unknown关联证据保留,父目录可能含已安装依赖、运行数据、私密配置或失败证据；不能随缓存子项删除,只允许A/B组列出的精确子项；其他内容另查消费者、运行绑定与恢复价值,保留父目录；本行与精确子项有包含关系，容量/文件数不能累加,全量枚举已完成；父目录不在默认删除范围
EXT-DIR-135,O 外部目录全量概览,需要确认（父目录默认保留）,目录概览,父目录概览；不作整目录删除授权,E:/projects/codex/.agent-work/aether/workspace-support/pc-client-definition-preflight-red,,,12,11221147,失去可重现的旧测试状态；正式原始日志及当前未解失败/Unknown关联证据保留,父目录可能含已安装依赖、运行数据、私密配置或失败证据；不能随缓存子项删除,只允许A/B组列出的精确子项；其他内容另查消费者、运行绑定与恢复价值,保留父目录；本行与精确子项有包含关系，容量/文件数不能累加,全量枚举已完成；父目录不在默认删除范围
EXT-DIR-136,O 外部目录全量概览,需要确认（父目录默认保留）,目录概览,父目录概览；不作整目录删除授权,E:/projects/codex/.agent-work/aether/workspace-support/pc-client-definition-red,,,27,1492043,失去可重现的旧测试状态；正式原始日志及当前未解失败/Unknown关联证据保留,父目录可能含已安装依赖、运行数据、私密配置或失败证据；不能随缓存子项删除,只允许A/B组列出的精确子项；其他内容另查消费者、运行绑定与恢复价值,保留父目录；本行与精确子项有包含关系，容量/文件数不能累加,全量枚举已完成；父目录不在默认删除范围
EXT-DIR-137,O 外部目录全量概览,需要确认（父目录默认保留）,目录概览,父目录概览；不作整目录删除授权,E:/projects/codex/.agent-work/aether/workspace-support/pc-client-input-archive-green-initial,,,37,1842190,失去可重现的旧测试状态；正式原始日志及当前未解失败/Unknown关联证据保留,父目录可能含已安装依赖、运行数据、私密配置或失败证据；不能随缓存子项删除,只允许A/B组列出的精确子项；其他内容另查消费者、运行绑定与恢复价值,保留父目录；本行与精确子项有包含关系，容量/文件数不能累加,全量枚举已完成；父目录不在默认删除范围
EXT-DIR-138,O 外部目录全量概览,需要确认（父目录默认保留）,目录概览,父目录概览；不作整目录删除授权,E:/projects/codex/.agent-work/aether/workspace-support/pc-client-input-archive-header-corrected,,,37,1879057,失去可重现的旧测试状态；正式原始日志及当前未解失败/Unknown关联证据保留,父目录可能含已安装依赖、运行数据、私密配置或失败证据；不能随缓存子项删除,只允许A/B组列出的精确子项；其他内容另查消费者、运行绑定与恢复价值,保留父目录；本行与精确子项有包含关系，容量/文件数不能累加,全量枚举已完成；父目录不在默认删除范围
EXT-DIR-139,O 外部目录全量概览,需要确认（父目录默认保留）,目录概览,父目录概览；不作整目录删除授权,E:/projects/codex/.agent-work/aether/workspace-support/pc-client-input-archive-p4-corrected,,,82,4153655,失去可重现的旧测试状态；正式原始日志及当前未解失败/Unknown关联证据保留,父目录可能含已安装依赖、运行数据、私密配置或失败证据；不能随缓存子项删除,只允许A/B组列出的精确子项；其他内容另查消费者、运行绑定与恢复价值,保留父目录；本行与精确子项有包含关系，容量/文件数不能累加,全量枚举已完成；父目录不在默认删除范围
EXT-DIR-140,O 外部目录全量概览,需要确认（父目录默认保留）,目录概览,父目录概览；不作整目录删除授权,E:/projects/codex/.agent-work/aether/workspace-support/pc-client-input-archive-red,,,37,1825796,失去可重现的旧测试状态；正式原始日志及当前未解失败/Unknown关联证据保留,父目录可能含已安装依赖、运行数据、私密配置或失败证据；不能随缓存子项删除,只允许A/B组列出的精确子项；其他内容另查消费者、运行绑定与恢复价值,保留父目录；本行与精确子项有包含关系，容量/文件数不能累加,全量枚举已完成；父目录不在默认删除范围
EXT-DIR-141,O 外部目录全量概览,需要确认（父目录默认保留）,目录概览,父目录概览；不作整目录删除授权,E:/projects/codex/.agent-work/aether/workspace-support/pc-client-input-authorization-red,,,17,1186974,失去可重现的旧测试状态；正式原始日志及当前未解失败/Unknown关联证据保留,父目录可能含已安装依赖、运行数据、私密配置或失败证据；不能随缓存子项删除,只允许A/B组列出的精确子项；其他内容另查消费者、运行绑定与恢复价值,保留父目录；本行与精确子项有包含关系，容量/文件数不能累加,全量枚举已完成；父目录不在默认删除范围
EXT-DIR-142,O 外部目录全量概览,需要确认（父目录默认保留）,目录概览,父目录概览；不作整目录删除授权,E:/projects/codex/.agent-work/aether/workspace-support/pc-client-input-boundary-regression,,,118,5880788,失去可重现的旧测试状态；正式原始日志及当前未解失败/Unknown关联证据保留,父目录可能含已安装依赖、运行数据、私密配置或失败证据；不能随缓存子项删除,只允许A/B组列出的精确子项；其他内容另查消费者、运行绑定与恢复价值,保留父目录；本行与精确子项有包含关系，容量/文件数不能累加,全量枚举已完成；父目录不在默认删除范围
EXT-DIR-143,O 外部目录全量概览,需要确认（父目录默认保留）,目录概览,父目录概览；不作整目录删除授权,E:/projects/codex/.agent-work/aether/workspace-support/pc-client-input-final-regression,,,651,165768336,失去可重现的旧测试状态；正式原始日志及当前未解失败/Unknown关联证据保留,父目录可能含已安装依赖、运行数据、私密配置或失败证据；不能随缓存子项删除,只允许A/B组列出的精确子项；其他内容另查消费者、运行绑定与恢复价值,保留父目录；本行与精确子项有包含关系，容量/文件数不能累加,全量枚举已完成；父目录不在默认删除范围
EXT-DIR-144,O 外部目录全量概览,需要确认（父目录默认保留）,目录概览,父目录概览；不作整目录删除授权,E:/projects/codex/.agent-work/aether/workspace-support/pc-client-input-owner-and-wire-green,,,62,2752340,失去可重现的旧测试状态；正式原始日志及当前未解失败/Unknown关联证据保留,父目录可能含已安装依赖、运行数据、私密配置或失败证据；不能随缓存子项删除,只允许A/B组列出的精确子项；其他内容另查消费者、运行绑定与恢复价值,保留父目录；本行与精确子项有包含关系，容量/文件数不能累加,全量枚举已完成；父目录不在默认删除范围
EXT-DIR-145,O 外部目录全量概览,需要确认（父目录默认保留）,目录概览,父目录概览；不作整目录删除授权,E:/projects/codex/.agent-work/aether/workspace-support/pc-client-input-owner-replay-red,,,12,1018050,失去可重现的旧测试状态；正式原始日志及当前未解失败/Unknown关联证据保留,父目录可能含已安装依赖、运行数据、私密配置或失败证据；不能随缓存子项删除,只允许A/B组列出的精确子项；其他内容另查消费者、运行绑定与恢复价值,保留父目录；本行与精确子项有包含关系，容量/文件数不能累加,全量枚举已完成；父目录不在默认删除范围
EXT-DIR-146,O 外部目录全量概览,需要确认（父目录默认保留）,目录概览,父目录概览；不作整目录删除授权,E:/projects/codex/.agent-work/aether/workspace-support/pc-client-input-retry-and-p4-green,,,67,3679021,失去可重现的旧测试状态；正式原始日志及当前未解失败/Unknown关联证据保留,父目录可能含已安装依赖、运行数据、私密配置或失败证据；不能随缓存子项删除,只允许A/B组列出的精确子项；其他内容另查消费者、运行绑定与恢复价值,保留父目录；本行与精确子项有包含关系，容量/文件数不能累加,全量枚举已完成；父目录不在默认删除范围
EXT-DIR-147,O 外部目录全量概览,需要确认（父目录默认保留）,目录概览,父目录概览；不作整目录删除授权,E:/projects/codex/.agent-work/aether/workspace-support/pc-client-input-retry-and-p4-red,,,25,13787613,失去可重现的旧测试状态；正式原始日志及当前未解失败/Unknown关联证据保留,父目录可能含已安装依赖、运行数据、私密配置或失败证据；不能随缓存子项删除,只允许A/B组列出的精确子项；其他内容另查消费者、运行绑定与恢复价值,保留父目录；本行与精确子项有包含关系，容量/文件数不能累加,全量枚举已完成；父目录不在默认删除范围
EXT-DIR-148,O 外部目录全量概览,需要确认（父目录默认保留）,目录概览,父目录概览；不作整目录删除授权,E:/projects/codex/.agent-work/aether/workspace-support/pc-client-scopes-boundaries,,,402,156485484,失去可重现的旧测试状态；正式原始日志及当前未解失败/Unknown关联证据保留,父目录可能含已安装依赖、运行数据、私密配置或失败证据；不能随缓存子项删除,只允许A/B组列出的精确子项；其他内容另查消费者、运行绑定与恢复价值,保留父目录；本行与精确子项有包含关系，容量/文件数不能累加,全量枚举已完成；父目录不在默认删除范围
EXT-DIR-149,O 外部目录全量概览,需要确认（父目录默认保留）,目录概览,父目录概览；不作整目录删除授权,E:/projects/codex/.agent-work/aether/workspace-support/pc-client-scopes-final-boundaries,,,133,13489541,失去可重现的旧测试状态；正式原始日志及当前未解失败/Unknown关联证据保留,父目录可能含已安装依赖、运行数据、私密配置或失败证据；不能随缓存子项删除,只允许A/B组列出的精确子项；其他内容另查消费者、运行绑定与恢复价值,保留父目录；本行与精确子项有包含关系，容量/文件数不能累加,全量枚举已完成；父目录不在默认删除范围
EXT-DIR-150,O 外部目录全量概览,需要确认（父目录默认保留）,目录概览,父目录概览；不作整目录删除授权,E:/projects/codex/.agent-work/aether/workspace-support/pc-client-scopes-final-regression,,,1210,224178066,失去可重现的旧测试状态；正式原始日志及当前未解失败/Unknown关联证据保留,父目录可能含已安装依赖、运行数据、私密配置或失败证据；不能随缓存子项删除,只允许A/B组列出的精确子项；其他内容另查消费者、运行绑定与恢复价值,保留父目录；本行与精确子项有包含关系，容量/文件数不能累加,全量枚举已完成；父目录不在默认删除范围
EXT-DIR-151,O 外部目录全量概览,需要确认（父目录默认保留）,目录概览,父目录概览；不作整目录删除授权,E:/projects/codex/.agent-work/aether/workspace-support/pc-client-scopes-initial,,,42,2506716,失去可重现的旧测试状态；正式原始日志及当前未解失败/Unknown关联证据保留,父目录可能含已安装依赖、运行数据、私密配置或失败证据；不能随缓存子项删除,只允许A/B组列出的精确子项；其他内容另查消费者、运行绑定与恢复价值,保留父目录；本行与精确子项有包含关系，容量/文件数不能累加,全量枚举已完成；父目录不在默认删除范围
EXT-DIR-152,O 外部目录全量概览,需要确认（父目录默认保留）,目录概览,父目录概览；不作整目录删除授权,E:/projects/codex/.agent-work/aether/workspace-support/pc-client-scopes-red,,,43,2023912,失去可重现的旧测试状态；正式原始日志及当前未解失败/Unknown关联证据保留,父目录可能含已安装依赖、运行数据、私密配置或失败证据；不能随缓存子项删除,只允许A/B组列出的精确子项；其他内容另查消费者、运行绑定与恢复价值,保留父目录；本行与精确子项有包含关系，容量/文件数不能累加,全量枚举已完成；父目录不在默认删除范围
EXT-DIR-153,O 外部目录全量概览,需要确认（父目录默认保留）,目录概览,父目录概览；不作整目录删除授权,E:/projects/codex/.agent-work/aether/workspace-support/pc-client-states-boundaries-red,,,152,6128821,失去可重现的旧测试状态；正式原始日志及当前未解失败/Unknown关联证据保留,父目录可能含已安装依赖、运行数据、私密配置或失败证据；不能随缓存子项删除,只允许A/B组列出的精确子项；其他内容另查消费者、运行绑定与恢复价值,保留父目录；本行与精确子项有包含关系，容量/文件数不能累加,全量枚举已完成；父目录不在默认删除范围
EXT-DIR-154,O 外部目录全量概览,需要确认（父目录默认保留）,目录概览,父目录概览；不作整目录删除授权,E:/projects/codex/.agent-work/aether/workspace-support/pc-client-states-final-boundaries,,,289,11097370,失去可重现的旧测试状态；正式原始日志及当前未解失败/Unknown关联证据保留,父目录可能含已安装依赖、运行数据、私密配置或失败证据；不能随缓存子项删除,只允许A/B组列出的精确子项；其他内容另查消费者、运行绑定与恢复价值,保留父目录；本行与精确子项有包含关系，容量/文件数不能累加,全量枚举已完成；父目录不在默认删除范围
EXT-DIR-155,O 外部目录全量概览,需要确认（父目录默认保留）,目录概览,父目录概览；不作整目录删除授权,E:/projects/codex/.agent-work/aether/workspace-support/pc-client-states-initial,,,304,20703348,失去可重现的旧测试状态；正式原始日志及当前未解失败/Unknown关联证据保留,父目录可能含已安装依赖、运行数据、私密配置或失败证据；不能随缓存子项删除,只允许A/B组列出的精确子项；其他内容另查消费者、运行绑定与恢复价值,保留父目录；本行与精确子项有包含关系，容量/文件数不能累加,全量枚举已完成；父目录不在默认删除范围
EXT-DIR-156,O 外部目录全量概览,需要确认（父目录默认保留）,目录概览,父目录概览；不作整目录删除授权,E:/projects/codex/.agent-work/aether/workspace-support/pc-client-states-red,,,134,15036034,失去可重现的旧测试状态；正式原始日志及当前未解失败/Unknown关联证据保留,父目录可能含已安装依赖、运行数据、私密配置或失败证据；不能随缓存子项删除,只允许A/B组列出的精确子项；其他内容另查消费者、运行绑定与恢复价值,保留父目录；本行与精确子项有包含关系，容量/文件数不能累加,全量枚举已完成；父目录不在默认删除范围
EXT-DIR-157,O 外部目录全量概览,需要确认（父目录默认保留）,目录概览,父目录概览；不作整目录删除授权,E:/projects/codex/.agent-work/aether/workspace-support/pc-client-states-review-red,,,220,8725237,失去可重现的旧测试状态；正式原始日志及当前未解失败/Unknown关联证据保留,父目录可能含已安装依赖、运行数据、私密配置或失败证据；不能随缓存子项删除,只允许A/B组列出的精确子项；其他内容另查消费者、运行绑定与恢复价值,保留父目录；本行与精确子项有包含关系，容量/文件数不能累加,全量枚举已完成；父目录不在默认删除范围
EXT-DIR-158,O 外部目录全量概览,需要确认（父目录默认保留）,目录概览,父目录概览；不作整目录删除授权,E:/projects/codex/.agent-work/aether/workspace-support/pc-closed-control-order-green-01,,,14,1104066,失去可重现的旧测试状态；正式原始日志及当前未解失败/Unknown关联证据保留,父目录可能含已安装依赖、运行数据、私密配置或失败证据；不能随缓存子项删除,只允许A/B组列出的精确子项；其他内容另查消费者、运行绑定与恢复价值,保留父目录；本行与精确子项有包含关系，容量/文件数不能累加,全量枚举已完成；父目录不在默认删除范围
EXT-DIR-159,O 外部目录全量概览,需要确认（父目录默认保留）,目录概览,父目录概览；不作整目录删除授权,E:/projects/codex/.agent-work/aether/workspace-support/pc-closed-control-order-red-01,,,14,1108160,失去可重现的旧测试状态；正式原始日志及当前未解失败/Unknown关联证据保留,父目录可能含已安装依赖、运行数据、私密配置或失败证据；不能随缓存子项删除,只允许A/B组列出的精确子项；其他内容另查消费者、运行绑定与恢复价值,保留父目录；本行与精确子项有包含关系，容量/文件数不能累加,全量枚举已完成；父目录不在默认删除范围
EXT-DIR-160,O 外部目录全量概览,需要确认（父目录默认保留）,目录概览,父目录概览；不作整目录删除授权,E:/projects/codex/.agent-work/aether/workspace-support/pc-closed-control-order-red-02,,,14,1108160,失去可重现的旧测试状态；正式原始日志及当前未解失败/Unknown关联证据保留,父目录可能含已安装依赖、运行数据、私密配置或失败证据；不能随缓存子项删除,只允许A/B组列出的精确子项；其他内容另查消费者、运行绑定与恢复价值,保留父目录；本行与精确子项有包含关系，容量/文件数不能累加,全量枚举已完成；父目录不在默认删除范围
EXT-DIR-161,O 外部目录全量概览,需要确认（父目录默认保留）,目录概览,父目录概览；不作整目录删除授权,E:/projects/codex/.agent-work/aether/workspace-support/pc-demos-baseline,,,12,1152049,失去可重现的旧测试状态；正式原始日志及当前未解失败/Unknown关联证据保留,父目录可能含已安装依赖、运行数据、私密配置或失败证据；不能随缓存子项删除,只允许A/B组列出的精确子项；其他内容另查消费者、运行绑定与恢复价值,保留父目录；本行与精确子项有包含关系，容量/文件数不能累加,全量枚举已完成；父目录不在默认删除范围
EXT-DIR-162,O 外部目录全量概览,需要确认（父目录默认保留）,目录概览,父目录概览；不作整目录删除授权,E:/projects/codex/.agent-work/aether/workspace-support/pc-demos-configured-first,,,27,1569178,失去可重现的旧测试状态；正式原始日志及当前未解失败/Unknown关联证据保留,父目录可能含已安装依赖、运行数据、私密配置或失败证据；不能随缓存子项删除,只允许A/B组列出的精确子项；其他内容另查消费者、运行绑定与恢复价值,保留父目录；本行与精确子项有包含关系，容量/文件数不能累加,全量枚举已完成；父目录不在默认删除范围
EXT-DIR-163,O 外部目录全量概览,需要确认（父目录默认保留）,目录概览,父目录概览；不作整目录删除授权,E:/projects/codex/.agent-work/aether/workspace-support/pc-demos-configured-second,,,44,8828424,失去可重现的旧测试状态；正式原始日志及当前未解失败/Unknown关联证据保留,父目录可能含已安装依赖、运行数据、私密配置或失败证据；不能随缓存子项删除,只允许A/B组列出的精确子项；其他内容另查消费者、运行绑定与恢复价值,保留父目录；本行与精确子项有包含关系，容量/文件数不能累加,全量枚举已完成；父目录不在默认删除范围
EXT-DIR-164,O 外部目录全量概览,需要确认（父目录默认保留）,目录概览,父目录概览；不作整目录删除授权,E:/projects/codex/.agent-work/aether/workspace-support/pc-demos-configured-third,,,47,20767083,失去可重现的旧测试状态；正式原始日志及当前未解失败/Unknown关联证据保留,父目录可能含已安装依赖、运行数据、私密配置或失败证据；不能随缓存子项删除,只允许A/B组列出的精确子项；其他内容另查消费者、运行绑定与恢复价值,保留父目录；本行与精确子项有包含关系，容量/文件数不能累加,全量枚举已完成；父目录不在默认删除范围
EXT-DIR-165,O 外部目录全量概览,需要确认（父目录默认保留）,目录概览,父目录概览；不作整目录删除授权,E:/projects/codex/.agent-work/aether/workspace-support/pc-demos-current-p2-fixed,,,60,20159868,失去可重现的旧测试状态；正式原始日志及当前未解失败/Unknown关联证据保留,父目录可能含已安装依赖、运行数据、私密配置或失败证据；不能随缓存子项删除,只允许A/B组列出的精确子项；其他内容另查消费者、运行绑定与恢复价值,保留父目录；本行与精确子项有包含关系，容量/文件数不能累加,全量枚举已完成；父目录不在默认删除范围
EXT-DIR-166,O 外部目录全量概览,需要确认（父目录默认保留）,目录概览,父目录概览；不作整目录删除授权,E:/projects/codex/.agent-work/aether/workspace-support/pc-demos-current-p2-ready,,,65,38593409,失去可重现的旧测试状态；正式原始日志及当前未解失败/Unknown关联证据保留,父目录可能含已安装依赖、运行数据、私密配置或失败证据；不能随缓存子项删除,只允许A/B组列出的精确子项；其他内容另查消费者、运行绑定与恢复价值,保留父目录；本行与精确子项有包含关系，容量/文件数不能累加,全量枚举已完成；父目录不在默认删除范围
EXT-DIR-167,O 外部目录全量概览,需要确认（父目录默认保留）,目录概览,父目录概览；不作整目录删除授权,E:/projects/codex/.agent-work/aether/workspace-support/pc-demos-explicit-red,,,11,1143822,失去可重现的旧测试状态；正式原始日志及当前未解失败/Unknown关联证据保留,父目录可能含已安装依赖、运行数据、私密配置或失败证据；不能随缓存子项删除,只允许A/B组列出的精确子项；其他内容另查消费者、运行绑定与恢复价值,保留父目录；本行与精确子项有包含关系，容量/文件数不能累加,全量枚举已完成；父目录不在默认删除范围
EXT-DIR-168,O 外部目录全量概览,需要确认（父目录默认保留）,目录概览,父目录概览；不作整目录删除授权,E:/projects/codex/.agent-work/aether/workspace-support/pc-full-fixes-body-and-path,,,19,6754732,失去可重现的旧测试状态；正式原始日志及当前未解失败/Unknown关联证据保留,父目录可能含已安装依赖、运行数据、私密配置或失败证据；不能随缓存子项删除,只允许A/B组列出的精确子项；其他内容另查消费者、运行绑定与恢复价值,保留父目录；本行与精确子项有包含关系，容量/文件数不能累加,全量枚举已完成；父目录不在默认删除范围
EXT-DIR-169,O 外部目录全量概览,需要确认（父目录默认保留）,目录概览,父目录概览；不作整目录删除授权,E:/projects/codex/.agent-work/aether/workspace-support/pc-full-fixes-process-identity,,,211,10864057,失去可重现的旧测试状态；正式原始日志及当前未解失败/Unknown关联证据保留,父目录可能含已安装依赖、运行数据、私密配置或失败证据；不能随缓存子项删除,只允许A/B组列出的精确子项；其他内容另查消费者、运行绑定与恢复价值,保留父目录；本行与精确子项有包含关系，容量/文件数不能累加,全量枚举已完成；父目录不在默认删除范围
EXT-DIR-170,O 外部目录全量概览,必须保留（允许精确缓存子项）,目录概览,父目录概览；不作整目录删除授权,E:/projects/codex/.agent-work/aether/workspace-support/pc-full-python-gate-initial,,,2556,699388561,未完整全量验收/失败回溯来源，当前保留测试状态,父目录可能含已安装依赖、运行数据、私密配置或失败证据；不能随缓存子项删除,只允许A/B组列出的精确子项；其他内容另查消费者、运行绑定与恢复价值,保留父目录；本行与精确子项有包含关系，容量/文件数不能累加,全量枚举已完成；父目录不在默认删除范围
EXT-DIR-171,O 外部目录全量概览,必须保留（允许精确缓存子项）,目录概览,父目录概览；不作整目录删除授权,E:/projects/codex/.agent-work/aether/workspace-support/pc-full-python-gate-repaired,,,2738,750204102,未完整全量验收/失败回溯来源，当前保留测试状态,父目录可能含已安装依赖、运行数据、私密配置或失败证据；不能随缓存子项删除,只允许A/B组列出的精确子项；其他内容另查消费者、运行绑定与恢复价值,保留父目录；本行与精确子项有包含关系，容量/文件数不能累加,全量枚举已完成；父目录不在默认删除范围
EXT-DIR-172,O 外部目录全量概览,需要确认（父目录默认保留）,目录概览,父目录概览；不作整目录删除授权,E:/projects/codex/.agent-work/aether/workspace-support/pc-gateway-headers-upload-red,,,29,1203406,失去可重现的旧测试状态；正式原始日志及当前未解失败/Unknown关联证据保留,父目录可能含已安装依赖、运行数据、私密配置或失败证据；不能随缓存子项删除,只允许A/B组列出的精确子项；其他内容另查消费者、运行绑定与恢复价值,保留父目录；本行与精确子项有包含关系，容量/文件数不能累加,全量枚举已完成；父目录不在默认删除范围
EXT-DIR-173,O 外部目录全量概览,需要确认（父目录默认保留）,目录概览,父目录概览；不作整目录删除授权,E:/projects/codex/.agent-work/aether/workspace-support/pc-gateway-security-green,,,20,1025090,失去可重现的旧测试状态；正式原始日志及当前未解失败/Unknown关联证据保留,父目录可能含已安装依赖、运行数据、私密配置或失败证据；不能随缓存子项删除,只允许A/B组列出的精确子项；其他内容另查消费者、运行绑定与恢复价值,保留父目录；本行与精确子项有包含关系，容量/文件数不能累加,全量枚举已完成；父目录不在默认删除范围
EXT-DIR-174,O 外部目录全量概览,需要确认（父目录默认保留）,目录概览,父目录概览；不作整目录删除授权,E:/projects/codex/.agent-work/aether/workspace-support/pc-gateway-temporal-p2-final,,,88,19076075,失去可重现的旧测试状态；正式原始日志及当前未解失败/Unknown关联证据保留,父目录可能含已安装依赖、运行数据、私密配置或失败证据；不能随缓存子项删除,只允许A/B组列出的精确子项；其他内容另查消费者、运行绑定与恢复价值,保留父目录；本行与精确子项有包含关系，容量/文件数不能累加,全量枚举已完成；父目录不在默认删除范围
EXT-DIR-175,O 外部目录全量概览,需要确认（父目录默认保留）,目录概览,父目录概览；不作整目录删除授权,E:/projects/codex/.agent-work/aether/workspace-support/pc-gateway-timeout-green,,,12,2318183,失去可重现的旧测试状态；正式原始日志及当前未解失败/Unknown关联证据保留,父目录可能含已安装依赖、运行数据、私密配置或失败证据；不能随缓存子项删除,只允许A/B组列出的精确子项；其他内容另查消费者、运行绑定与恢复价值,保留父目录；本行与精确子项有包含关系，容量/文件数不能累加,全量枚举已完成；父目录不在默认删除范围
EXT-DIR-176,O 外部目录全量概览,需要确认（父目录默认保留）,目录概览,父目录概览；不作整目录删除授权,E:/projects/codex/.agent-work/aether/workspace-support/pc-gateway-timeout-red,,,10,969088,失去可重现的旧测试状态；正式原始日志及当前未解失败/Unknown关联证据保留,父目录可能含已安装依赖、运行数据、私密配置或失败证据；不能随缓存子项删除,只允许A/B组列出的精确子项；其他内容另查消费者、运行绑定与恢复价值,保留父目录；本行与精确子项有包含关系，容量/文件数不能累加,全量枚举已完成；父目录不在默认删除范围
EXT-DIR-177,O 外部目录全量概览,需要确认（父目录默认保留）,目录概览,父目录概览；不作整目录删除授权,E:/projects/codex/.agent-work/aether/workspace-support/pc-gateway-timeout-red-ready,,,12,2034557,失去可重现的旧测试状态；正式原始日志及当前未解失败/Unknown关联证据保留,父目录可能含已安装依赖、运行数据、私密配置或失败证据；不能随缓存子项删除,只允许A/B组列出的精确子项；其他内容另查消费者、运行绑定与恢复价值,保留父目录；本行与精确子项有包含关系，容量/文件数不能累加,全量枚举已完成；父目录不在默认删除范围
EXT-DIR-178,O 外部目录全量概览,需要确认（父目录默认保留）,目录概览,父目录概览；不作整目录删除授权,E:/projects/codex/.agent-work/aether/workspace-support/pc-gateway-upload-green,,,11,994306,失去可重现的旧测试状态；正式原始日志及当前未解失败/Unknown关联证据保留,父目录可能含已安装依赖、运行数据、私密配置或失败证据；不能随缓存子项删除,只允许A/B组列出的精确子项；其他内容另查消费者、运行绑定与恢复价值,保留父目录；本行与精确子项有包含关系，容量/文件数不能累加,全量枚举已完成；父目录不在默认删除范围
EXT-DIR-179,O 外部目录全量概览,需要确认（父目录默认保留）,目录概览,父目录概览；不作整目录删除授权,E:/projects/codex/.agent-work/aether/workspace-support/pc-http-confirmation-final-regression,,,155,15590631,失去可重现的旧测试状态；正式原始日志及当前未解失败/Unknown关联证据保留,父目录可能含已安装依赖、运行数据、私密配置或失败证据；不能随缓存子项删除,只允许A/B组列出的精确子项；其他内容另查消费者、运行绑定与恢复价值,保留父目录；本行与精确子项有包含关系，容量/文件数不能累加,全量枚举已完成；父目录不在默认删除范围
EXT-DIR-180,O 外部目录全量概览,必须保留（允许精确缓存子项）,目录概览,父目录概览；不作整目录删除授权,E:/projects/codex/.agent-work/aether/workspace-support/pc-http-evidence-full-regression,,,3239,823552997,HTTP真实证据/未解阶段原记录，当前保留测试状态,父目录可能含已安装依赖、运行数据、私密配置或失败证据；不能随缓存子项删除,只允许A/B组列出的精确子项；其他内容另查消费者、运行绑定与恢复价值,保留父目录；本行与精确子项有包含关系，容量/文件数不能累加,全量枚举已完成；父目录不在默认删除范围
EXT-DIR-181,O 外部目录全量概览,需要确认（父目录默认保留）,目录概览,父目录概览；不作整目录删除授权,E:/projects/codex/.agent-work/aether/workspace-support/pc-http-evidence-idempotency-green,,,7,910569,失去可重现的旧测试状态；正式原始日志及当前未解失败/Unknown关联证据保留,父目录可能含已安装依赖、运行数据、私密配置或失败证据；不能随缓存子项删除,只允许A/B组列出的精确子项；其他内容另查消费者、运行绑定与恢复价值,保留父目录；本行与精确子项有包含关系，容量/文件数不能累加,全量枚举已完成；父目录不在默认删除范围
EXT-DIR-182,O 外部目录全量概览,需要确认（父目录默认保留）,目录概览,父目录概览；不作整目录删除授权,E:/projects/codex/.agent-work/aether/workspace-support/pc-http-evidence-idempotency-red,,,7,910567,失去可重现的旧测试状态；正式原始日志及当前未解失败/Unknown关联证据保留,父目录可能含已安装依赖、运行数据、私密配置或失败证据；不能随缓存子项删除,只允许A/B组列出的精确子项；其他内容另查消费者、运行绑定与恢复价值,保留父目录；本行与精确子项有包含关系，容量/文件数不能累加,全量枚举已完成；父目录不在默认删除范围
EXT-DIR-183,O 外部目录全量概览,需要确认（父目录默认保留）,目录概览,父目录概览；不作整目录删除授权,E:/projects/codex/.agent-work/aether/workspace-support/pc-initialization-gate-failure-diagnostic-01,,,16,3844859,失去可重现的旧测试状态；正式原始日志及当前未解失败/Unknown关联证据保留,父目录可能含已安装依赖、运行数据、私密配置或失败证据；不能随缓存子项删除,只允许A/B组列出的精确子项；其他内容另查消费者、运行绑定与恢复价值,保留父目录；本行与精确子项有包含关系，容量/文件数不能累加,全量枚举已完成；父目录不在默认删除范围
EXT-DIR-184,O 外部目录全量概览,需要确认（父目录默认保留）,目录概览,父目录概览；不作整目录删除授权,E:/projects/codex/.agent-work/aether/workspace-support/pc-isolated-pg-gate,,,17,1303721,失去可重现的旧测试状态；正式原始日志及当前未解失败/Unknown关联证据保留,父目录可能含已安装依赖、运行数据、私密配置或失败证据；不能随缓存子项删除,只允许A/B组列出的精确子项；其他内容另查消费者、运行绑定与恢复价值,保留父目录；本行与精确子项有包含关系，容量/文件数不能累加,全量枚举已完成；父目录不在默认删除范围
EXT-DIR-185,O 外部目录全量概览,需要确认（父目录默认保留）,目录概览,父目录概览；不作整目录删除授权,E:/projects/codex/.agent-work/aether/workspace-support/pc-isolated-pg-gate-fixed,,,16,1180848,失去可重现的旧测试状态；正式原始日志及当前未解失败/Unknown关联证据保留,父目录可能含已安装依赖、运行数据、私密配置或失败证据；不能随缓存子项删除,只允许A/B组列出的精确子项；其他内容另查消费者、运行绑定与恢复价值,保留父目录；本行与精确子项有包含关系，容量/文件数不能累加,全量枚举已完成；父目录不在默认删除范围
EXT-DIR-186,O 外部目录全量概览,需要确认（父目录默认保留）,目录概览,父目录概览；不作整目录删除授权,E:/projects/codex/.agent-work/aether/workspace-support/pc-isolated-pg-schema-gate,,,20,1356977,失去可重现的旧测试状态；正式原始日志及当前未解失败/Unknown关联证据保留,父目录可能含已安装依赖、运行数据、私密配置或失败证据；不能随缓存子项删除,只允许A/B组列出的精确子项；其他内容另查消费者、运行绑定与恢复价值,保留父目录；本行与精确子项有包含关系，容量/文件数不能累加,全量枚举已完成；父目录不在默认删除范围
EXT-DIR-187,O 外部目录全量概览,需要确认（父目录默认保留）,目录概览,父目录概览；不作整目录删除授权,E:/projects/codex/.agent-work/aether/workspace-support/pc-legacy-and-profile-green,,,21,12849,失去可重现的旧测试状态；正式原始日志及当前未解失败/Unknown关联证据保留,父目录可能含已安装依赖、运行数据、私密配置或失败证据；不能随缓存子项删除,只允许A/B组列出的精确子项；其他内容另查消费者、运行绑定与恢复价值,保留父目录；本行与精确子项有包含关系，容量/文件数不能累加,全量枚举已完成；父目录不在默认删除范围
EXT-DIR-188,O 外部目录全量概览,需要确认（父目录默认保留）,目录概览,父目录概览；不作整目录删除授权,E:/projects/codex/.agent-work/aether/workspace-support/pc-legacy-and-profile-red,,,21,12815,失去可重现的旧测试状态；正式原始日志及当前未解失败/Unknown关联证据保留,父目录可能含已安装依赖、运行数据、私密配置或失败证据；不能随缓存子项删除,只允许A/B组列出的精确子项；其他内容另查消费者、运行绑定与恢复价值,保留父目录；本行与精确子项有包含关系，容量/文件数不能累加,全量枚举已完成；父目录不在默认删除范围
EXT-DIR-189,O 外部目录全量概览,需要确认（父目录默认保留）,目录概览,父目录概览；不作整目录删除授权,E:/projects/codex/.agent-work/aether/workspace-support/pc-legacy-deployment-unit-suite,,,146,1521180,失去可重现的旧测试状态；正式原始日志及当前未解失败/Unknown关联证据保留,父目录可能含已安装依赖、运行数据、私密配置或失败证据；不能随缓存子项删除,只允许A/B组列出的精确子项；其他内容另查消费者、运行绑定与恢复价值,保留父目录；本行与精确子项有包含关系，容量/文件数不能累加,全量枚举已完成；父目录不在默认删除范围
EXT-DIR-190,O 外部目录全量概览,需要确认（父目录默认保留）,目录概览,父目录概览；不作整目录删除授权,E:/projects/codex/.agent-work/aether/workspace-support/pc-mutation-body-boundary-red,,,6,1020169,失去可重现的旧测试状态；正式原始日志及当前未解失败/Unknown关联证据保留,父目录可能含已安装依赖、运行数据、私密配置或失败证据；不能随缓存子项删除,只允许A/B组列出的精确子项；其他内容另查消费者、运行绑定与恢复价值,保留父目录；本行与精确子项有包含关系，容量/文件数不能累加,全量枚举已完成；父目录不在默认删除范围
EXT-DIR-191,O 外部目录全量概览,需要确认（父目录默认保留）,目录概览,父目录概览；不作整目录删除授权,E:/projects/codex/.agent-work/aether/workspace-support/pc-mutation-distill-bound-green,,,44,6365517,失去可重现的旧测试状态；正式原始日志及当前未解失败/Unknown关联证据保留,父目录可能含已安装依赖、运行数据、私密配置或失败证据；不能随缓存子项删除,只允许A/B组列出的精确子项；其他内容另查消费者、运行绑定与恢复价值,保留父目录；本行与精确子项有包含关系，容量/文件数不能累加,全量枚举已完成；父目录不在默认删除范围
EXT-DIR-192,O 外部目录全量概览,需要确认（父目录默认保留）,目录概览,父目录概览；不作整目录删除授权,E:/projects/codex/.agent-work/aether/workspace-support/pc-mutation-distill-bound-red,,,6,987401,失去可重现的旧测试状态；正式原始日志及当前未解失败/Unknown关联证据保留,父目录可能含已安装依赖、运行数据、私密配置或失败证据；不能随缓存子项删除,只允许A/B组列出的精确子项；其他内容另查消费者、运行绑定与恢复价值,保留父目录；本行与精确子项有包含关系，容量/文件数不能累加,全量枚举已完成；父目录不在默认删除范围
EXT-DIR-193,O 外部目录全量概览,需要确认（父目录默认保留）,目录概览,父目录概览；不作整目录删除授权,E:/projects/codex/.agent-work/aether/workspace-support/pc-mutation-extra-red,,,28,4772163,失去可重现的旧测试状态；正式原始日志及当前未解失败/Unknown关联证据保留,父目录可能含已安装依赖、运行数据、私密配置或失败证据；不能随缓存子项删除,只允许A/B组列出的精确子项；其他内容另查消费者、运行绑定与恢复价值,保留父目录；本行与精确子项有包含关系，容量/文件数不能累加,全量枚举已完成；父目录不在默认删除范围
EXT-DIR-194,O 外部目录全量概览,需要确认（父目录默认保留）,目录概览,父目录概览；不作整目录删除授权,E:/projects/codex/.agent-work/aether/workspace-support/pc-mutation-receipts-body-green,,,106,15836040,失去可重现的旧测试状态；正式原始日志及当前未解失败/Unknown关联证据保留,父目录可能含已安装依赖、运行数据、私密配置或失败证据；不能随缓存子项删除,只允许A/B组列出的精确子项；其他内容另查消费者、运行绑定与恢复价值,保留父目录；本行与精确子项有包含关系，容量/文件数不能累加,全量枚举已完成；父目录不在默认删除范围
EXT-DIR-195,O 外部目录全量概览,需要确认（父目录默认保留）,目录概览,父目录概览；不作整目录删除授权,E:/projects/codex/.agent-work/aether/workspace-support/pc-mutation-receipts-expanded,,,102,15475590,失去可重现的旧测试状态；正式原始日志及当前未解失败/Unknown关联证据保留,父目录可能含已安装依赖、运行数据、私密配置或失败证据；不能随缓存子项删除,只允许A/B组列出的精确子项；其他内容另查消费者、运行绑定与恢复价值,保留父目录；本行与精确子项有包含关系，容量/文件数不能累加,全量枚举已完成；父目录不在默认删除范围
EXT-DIR-196,O 外部目录全量概览,需要确认（父目录默认保留）,目录概览,父目录概览；不作整目录删除授权,E:/projects/codex/.agent-work/aether/workspace-support/pc-mutation-receipts-green-initial,,,70,10622942,失去可重现的旧测试状态；正式原始日志及当前未解失败/Unknown关联证据保留,父目录可能含已安装依赖、运行数据、私密配置或失败证据；不能随缓存子项删除,只允许A/B组列出的精确子项；其他内容另查消费者、运行绑定与恢复价值,保留父目录；本行与精确子项有包含关系，容量/文件数不能累加,全量枚举已完成；父目录不在默认删除范围
EXT-DIR-197,O 外部目录全量概览,需要确认（父目录默认保留）,目录概览,父目录概览；不作整目录删除授权,E:/projects/codex/.agent-work/aether/workspace-support/pc-mutation-receipts-red,,,70,9594836,失去可重现的旧测试状态；正式原始日志及当前未解失败/Unknown关联证据保留,父目录可能含已安装依赖、运行数据、私密配置或失败证据；不能随缓存子项删除,只允许A/B组列出的精确子项；其他内容另查消费者、运行绑定与恢复价值,保留父目录；本行与精确子项有包含关系，容量/文件数不能累加,全量枚举已完成；父目录不在默认删除范围
EXT-DIR-198,O 外部目录全量概览,需要确认（父目录默认保留）,目录概览,父目录概览；不作整目录删除授权,E:/projects/codex/.agent-work/aether/workspace-support/pc-mutation-remember-temporal-regression,,,1715,545787604,失去可重现的旧测试状态；正式原始日志及当前未解失败/Unknown关联证据保留,父目录可能含已安装依赖、运行数据、私密配置或失败证据；不能随缓存子项删除,只允许A/B组列出的精确子项；其他内容另查消费者、运行绑定与恢复价值,保留父目录；本行与精确子项有包含关系，容量/文件数不能累加,全量枚举已完成；父目录不在默认删除范围
EXT-DIR-199,O 外部目录全量概览,需要确认（父目录默认保留）,目录概览,父目录概览；不作整目录删除授权,E:/projects/codex/.agent-work/aether/workspace-support/pc-mutation-reprocess-red-corrected,,,6,1233167,失去可重现的旧测试状态；正式原始日志及当前未解失败/Unknown关联证据保留,父目录可能含已安装依赖、运行数据、私密配置或失败证据；不能随缓存子项删除,只允许A/B组列出的精确子项；其他内容另查消费者、运行绑定与恢复价值,保留父目录；本行与精确子项有包含关系，容量/文件数不能累加,全量枚举已完成；父目录不在默认删除范围
EXT-DIR-200,O 外部目录全量概览,需要确认（父目录默认保留）,目录概览,父目录概览；不作整目录删除授权,E:/projects/codex/.agent-work/aether/workspace-support/pc-mutation-results-initial,,,199,28929726,失去可重现的旧测试状态；正式原始日志及当前未解失败/Unknown关联证据保留,父目录可能含已安装依赖、运行数据、私密配置或失败证据；不能随缓存子项删除,只允许A/B组列出的精确子项；其他内容另查消费者、运行绑定与恢复价值,保留父目录；本行与精确子项有包含关系，容量/文件数不能累加,全量枚举已完成；父目录不在默认删除范围
EXT-DIR-201,O 外部目录全量概览,需要确认（父目录默认保留）,目录概览,父目录概览；不作整目录删除授权,E:/projects/codex/.agent-work/aether/workspace-support/pc-mutation-results-red,,,88,11342506,失去可重现的旧测试状态；正式原始日志及当前未解失败/Unknown关联证据保留,父目录可能含已安装依赖、运行数据、私密配置或失败证据；不能随缓存子项删除,只允许A/B组列出的精确子项；其他内容另查消费者、运行绑定与恢复价值,保留父目录；本行与精确子项有包含关系，容量/文件数不能累加,全量枚举已完成；父目录不在默认删除范围
EXT-DIR-202,O 外部目录全量概览,需要确认（父目录默认保留）,目录概览,父目录概览；不作整目录删除授权,E:/projects/codex/.agent-work/aether/workspace-support/pc-mutation-unit-final,,,255,18270250,失去可重现的旧测试状态；正式原始日志及当前未解失败/Unknown关联证据保留,父目录可能含已安装依赖、运行数据、私密配置或失败证据；不能随缓存子项删除,只允许A/B组列出的精确子项；其他内容另查消费者、运行绑定与恢复价值,保留父目录；本行与精确子项有包含关系，容量/文件数不能累加,全量枚举已完成；父目录不在默认删除范围
EXT-DIR-203,O 外部目录全量概览,需要确认（父目录默认保留）,目录概览,父目录概览；不作整目录删除授权,E:/projects/codex/.agent-work/aether/workspace-support/pc-native-current-p2-first,,,18,10148518,失去可重现的旧测试状态；正式原始日志及当前未解失败/Unknown关联证据保留,父目录可能含已安装依赖、运行数据、私密配置或失败证据；不能随缓存子项删除,只允许A/B组列出的精确子项；其他内容另查消费者、运行绑定与恢复价值,保留父目录；本行与精确子项有包含关系，容量/文件数不能累加,全量枚举已完成；父目录不在默认删除范围
EXT-DIR-204,O 外部目录全量概览,需要确认（父目录默认保留）,目录概览,父目录概览；不作整目录删除授权,E:/projects/codex/.agent-work/aether/workspace-support/pc-operate-invalidated-corrected,,,145,46100756,失去可重现的旧测试状态；正式原始日志及当前未解失败/Unknown关联证据保留,父目录可能含已安装依赖、运行数据、私密配置或失败证据；不能随缓存子项删除,只允许A/B组列出的精确子项；其他内容另查消费者、运行绑定与恢复价值,保留父目录；本行与精确子项有包含关系，容量/文件数不能累加,全量枚举已完成；父目录不在默认删除范围
EXT-DIR-205,O 外部目录全量概览,需要确认（父目录默认保留）,目录概览,父目录概览；不作整目录删除授权,E:/projects/codex/.agent-work/aether/workspace-support/pc-operate-invalidated-green,,,91,31133580,失去可重现的旧测试状态；正式原始日志及当前未解失败/Unknown关联证据保留,父目录可能含已安装依赖、运行数据、私密配置或失败证据；不能随缓存子项删除,只允许A/B组列出的精确子项；其他内容另查消费者、运行绑定与恢复价值,保留父目录；本行与精确子项有包含关系，容量/文件数不能累加,全量枚举已完成；父目录不在默认删除范围
EXT-DIR-206,O 外部目录全量概览,需要确认（父目录默认保留）,目录概览,父目录概览；不作整目录删除授权,E:/projects/codex/.agent-work/aether/workspace-support/pc-operate-invalidated-red,,,18,6517942,失去可重现的旧测试状态；正式原始日志及当前未解失败/Unknown关联证据保留,父目录可能含已安装依赖、运行数据、私密配置或失败证据；不能随缓存子项删除,只允许A/B组列出的精确子项；其他内容另查消费者、运行绑定与恢复价值,保留父目录；本行与精确子项有包含关系，容量/文件数不能累加,全量枚举已完成；父目录不在默认删除范围
EXT-DIR-207,O 外部目录全量概览,需要确认（父目录默认保留）,目录概览,父目录概览；不作整目录删除授权,E:/projects/codex/.agent-work/aether/workspace-support/pc-p2-absence-green,,,16,491520,失去可重现的旧测试状态；正式原始日志及当前未解失败/Unknown关联证据保留,父目录可能含已安装依赖、运行数据、私密配置或失败证据；不能随缓存子项删除,只允许A/B组列出的精确子项；其他内容另查消费者、运行绑定与恢复价值,保留父目录；本行与精确子项有包含关系，容量/文件数不能累加,全量枚举已完成；父目录不在默认删除范围
EXT-DIR-208,O 外部目录全量概览,需要确认（父目录默认保留）,目录概览,父目录概览；不作整目录删除授权,E:/projects/codex/.agent-work/aether/workspace-support/pc-p2-absence-red,,,24,1336536,失去可重现的旧测试状态；正式原始日志及当前未解失败/Unknown关联证据保留,父目录可能含已安装依赖、运行数据、私密配置或失败证据；不能随缓存子项删除,只允许A/B组列出的精确子项；其他内容另查消费者、运行绑定与恢复价值,保留父目录；本行与精确子项有包含关系，容量/文件数不能累加,全量枚举已完成；父目录不在默认删除范围
EXT-DIR-209,O 外部目录全量概览,需要确认（父目录默认保留）,目录概览,父目录概览；不作整目录删除授权,E:/projects/codex/.agent-work/aether/workspace-support/pc-p2-actual-after-absence,,,26,1749254,失去可重现的旧测试状态；正式原始日志及当前未解失败/Unknown关联证据保留,父目录可能含已安装依赖、运行数据、私密配置或失败证据；不能随缓存子项删除,只允许A/B组列出的精确子项；其他内容另查消费者、运行绑定与恢复价值,保留父目录；本行与精确子项有包含关系，容量/文件数不能累加,全量枚举已完成；父目录不在默认删除范围
EXT-DIR-210,O 外部目录全量概览,需要确认（父目录默认保留）,目录概览,父目录概览；不作整目录删除授权,E:/projects/codex/.agent-work/aether/workspace-support/pc-p2-boundary-red,,,8,250,失去可重现的旧测试状态；正式原始日志及当前未解失败/Unknown关联证据保留,父目录可能含已安装依赖、运行数据、私密配置或失败证据；不能随缓存子项删除,只允许A/B组列出的精确子项；其他内容另查消费者、运行绑定与恢复价值,保留父目录；本行与精确子项有包含关系，容量/文件数不能累加,全量枚举已完成；父目录不在默认删除范围
EXT-DIR-211,O 外部目录全量概览,需要确认（父目录默认保留）,目录概览,父目录概览；不作整目录删除授权,E:/projects/codex/.agent-work/aether/workspace-support/pc-p2-boundary-vector-corrected,,,24,284292,失去可重现的旧测试状态；正式原始日志及当前未解失败/Unknown关联证据保留,父目录可能含已安装依赖、运行数据、私密配置或失败证据；不能随缓存子项删除,只允许A/B组列出的精确子项；其他内容另查消费者、运行绑定与恢复价值,保留父目录；本行与精确子项有包含关系，容量/文件数不能累加,全量枚举已完成；父目录不在默认删除范围
EXT-DIR-212,O 外部目录全量概览,需要确认（父目录默认保留）,目录概览,父目录概览；不作整目录删除授权,E:/projects/codex/.agent-work/aether/workspace-support/pc-p2-boundary-vector-green,,,21,248025,失去可重现的旧测试状态；正式原始日志及当前未解失败/Unknown关联证据保留,父目录可能含已安装依赖、运行数据、私密配置或失败证据；不能随缓存子项删除,只允许A/B组列出的精确子项；其他内容另查消费者、运行绑定与恢复价值,保留父目录；本行与精确子项有包含关系，容量/文件数不能累加,全量枚举已完成；父目录不在默认删除范围
EXT-DIR-213,O 外部目录全量概览,需要确认（父目录默认保留）,目录概览,父目录概览；不作整目录删除授权,E:/projects/codex/.agent-work/aether/workspace-support/pc-p2-catalog-red,,,2,667901,失去可重现的旧测试状态；正式原始日志及当前未解失败/Unknown关联证据保留,父目录可能含已安装依赖、运行数据、私密配置或失败证据；不能随缓存子项删除,只允许A/B组列出的精确子项；其他内容另查消费者、运行绑定与恢复价值,保留父目录；本行与精确子项有包含关系，容量/文件数不能累加,全量枚举已完成；父目录不在默认删除范围
EXT-DIR-214,O 外部目录全量概览,需要确认（父目录默认保留）,目录概览,父目录概览；不作整目录删除授权,E:/projects/codex/.agent-work/aether/workspace-support/pc-p2-catalog-route-red,,,3,668893,失去可重现的旧测试状态；正式原始日志及当前未解失败/Unknown关联证据保留,父目录可能含已安装依赖、运行数据、私密配置或失败证据；不能随缓存子项删除,只允许A/B组列出的精确子项；其他内容另查消费者、运行绑定与恢复价值,保留父目录；本行与精确子项有包含关系，容量/文件数不能累加,全量枚举已完成；父目录不在默认删除范围
EXT-DIR-215,O 外部目录全量概览,需要确认（父目录默认保留）,目录概览,父目录概览；不作整目录删除授权,E:/projects/codex/.agent-work/aether/workspace-support/pc-p2-catalog-route-red2,,,8,816351,失去可重现的旧测试状态；正式原始日志及当前未解失败/Unknown关联证据保留,父目录可能含已安装依赖、运行数据、私密配置或失败证据；不能随缓存子项删除,只允许A/B组列出的精确子项；其他内容另查消费者、运行绑定与恢复价值,保留父目录；本行与精确子项有包含关系，容量/文件数不能累加,全量枚举已完成；父目录不在默认删除范围
EXT-DIR-216,O 外部目录全量概览,需要确认（父目录默认保留）,目录概览,父目录概览；不作整目录删除授权,E:/projects/codex/.agent-work/aether/workspace-support/pc-p2-consumer-final,,,100,42190673,失去可重现的旧测试状态；正式原始日志及当前未解失败/Unknown关联证据保留,父目录可能含已安装依赖、运行数据、私密配置或失败证据；不能随缓存子项删除,只允许A/B组列出的精确子项；其他内容另查消费者、运行绑定与恢复价值,保留父目录；本行与精确子项有包含关系，容量/文件数不能累加,全量枚举已完成；父目录不在默认删除范围
EXT-DIR-217,O 外部目录全量概览,需要确认（父目录默认保留）,目录概览,父目录概览；不作整目录删除授权,E:/projects/codex/.agent-work/aether/workspace-support/pc-p2-deadline-race-green,,,36,1105920,失去可重现的旧测试状态；正式原始日志及当前未解失败/Unknown关联证据保留,父目录可能含已安装依赖、运行数据、私密配置或失败证据；不能随缓存子项删除,只允许A/B组列出的精确子项；其他内容另查消费者、运行绑定与恢复价值,保留父目录；本行与精确子项有包含关系，容量/文件数不能累加,全量枚举已完成；父目录不在默认删除范围
EXT-DIR-218,O 外部目录全量概览,需要确认（父目录默认保留）,目录概览,父目录概览；不作整目录删除授权,E:/projects/codex/.agent-work/aether/workspace-support/pc-p2-deadline-race-red,,,36,1105920,失去可重现的旧测试状态；正式原始日志及当前未解失败/Unknown关联证据保留,父目录可能含已安装依赖、运行数据、私密配置或失败证据；不能随缓存子项删除,只允许A/B组列出的精确子项；其他内容另查消费者、运行绑定与恢复价值,保留父目录；本行与精确子项有包含关系，容量/文件数不能累加,全量枚举已完成；父目录不在默认删除范围
EXT-DIR-219,O 外部目录全量概览,需要确认（父目录默认保留）,目录概览,父目录概览；不作整目录删除授权,E:/projects/codex/.agent-work/aether/workspace-support/pc-p2-dev-temporal-regression,,,421,160360660,失去可重现的旧测试状态；正式原始日志及当前未解失败/Unknown关联证据保留,父目录可能含已安装依赖、运行数据、私密配置或失败证据；不能随缓存子项删除,只允许A/B组列出的精确子项；其他内容另查消费者、运行绑定与恢复价值,保留父目录；本行与精确子项有包含关系，容量/文件数不能累加,全量枚举已完成；父目录不在默认删除范围
EXT-DIR-220,O 外部目录全量概览,需要确认（父目录默认保留）,目录概览,父目录概览；不作整目录删除授权,E:/projects/codex/.agent-work/aether/workspace-support/pc-p2-http-cleanup,,,13,8273332,失去可重现的旧测试状态；正式原始日志及当前未解失败/Unknown关联证据保留,父目录可能含已安装依赖、运行数据、私密配置或失败证据；不能随缓存子项删除,只允许A/B组列出的精确子项；其他内容另查消费者、运行绑定与恢复价值,保留父目录；本行与精确子项有包含关系，容量/文件数不能累加,全量枚举已完成；父目录不在默认删除范围
EXT-DIR-221,O 外部目录全量概览,需要确认（父目录默认保留）,目录概览,父目录概览；不作整目录删除授权,E:/projects/codex/.agent-work/aether/workspace-support/pc-p2-http-cleanup-fixed,,,101,46970073,失去可重现的旧测试状态；正式原始日志及当前未解失败/Unknown关联证据保留,父目录可能含已安装依赖、运行数据、私密配置或失败证据；不能随缓存子项删除,只允许A/B组列出的精确子项；其他内容另查消费者、运行绑定与恢复价值,保留父目录；本行与精确子项有包含关系，容量/文件数不能累加,全量枚举已完成；父目录不在默认删除范围
EXT-DIR-222,O 外部目录全量概览,需要确认（父目录默认保留）,目录概览,父目录概览；不作整目录删除授权,E:/projects/codex/.agent-work/aether/workspace-support/pc-p2-http-first,,,11,3065103,失去可重现的旧测试状态；正式原始日志及当前未解失败/Unknown关联证据保留,父目录可能含已安装依赖、运行数据、私密配置或失败证据；不能随缓存子项删除,只允许A/B组列出的精确子项；其他内容另查消费者、运行绑定与恢复价值,保留父目录；本行与精确子项有包含关系，容量/文件数不能累加,全量枚举已完成；父目录不在默认删除范围
EXT-DIR-223,O 外部目录全量概览,需要确认（父目录默认保留）,目录概览,父目录概览；不作整目录删除授权,E:/projects/codex/.agent-work/aether/workspace-support/pc-p2-http-metric-fixed,,,45,7245909,失去可重现的旧测试状态；正式原始日志及当前未解失败/Unknown关联证据保留,父目录可能含已安装依赖、运行数据、私密配置或失败证据；不能随缓存子项删除,只允许A/B组列出的精确子项；其他内容另查消费者、运行绑定与恢复价值,保留父目录；本行与精确子项有包含关系，容量/文件数不能累加,全量枚举已完成；父目录不在默认删除范围
EXT-DIR-224,O 外部目录全量概览,需要确认（父目录默认保留）,目录概览,父目录概览；不作整目录删除授权,E:/projects/codex/.agent-work/aether/workspace-support/pc-p2-metric-red,,,4,122880,失去可重现的旧测试状态；正式原始日志及当前未解失败/Unknown关联证据保留,父目录可能含已安装依赖、运行数据、私密配置或失败证据；不能随缓存子项删除,只允许A/B组列出的精确子项；其他内容另查消费者、运行绑定与恢复价值,保留父目录；本行与精确子项有包含关系，容量/文件数不能累加,全量枚举已完成；父目录不在默认删除范围
EXT-DIR-225,O 外部目录全量概览,需要确认（父目录默认保留）,目录概览,父目录概览；不作整目录删除授权,E:/projects/codex/.agent-work/aether/workspace-support/pc-p2-race-business-final,,,203,55610578,失去可重现的旧测试状态；正式原始日志及当前未解失败/Unknown关联证据保留,父目录可能含已安装依赖、运行数据、私密配置或失败证据；不能随缓存子项删除,只允许A/B组列出的精确子项；其他内容另查消费者、运行绑定与恢复价值,保留父目录；本行与精确子项有包含关系，容量/文件数不能累加,全量枚举已完成；父目录不在默认删除范围
EXT-DIR-226,O 外部目录全量概览,需要确认（父目录默认保留）,目录概览,父目录概览；不作整目录删除授权,E:/projects/codex/.agent-work/aether/workspace-support/pc-p2-real-first,,,4,122880,失去可重现的旧测试状态；正式原始日志及当前未解失败/Unknown关联证据保留,父目录可能含已安装依赖、运行数据、私密配置或失败证据；不能随缓存子项删除,只允许A/B组列出的精确子项；其他内容另查消费者、运行绑定与恢复价值,保留父目录；本行与精确子项有包含关系，容量/文件数不能累加,全量枚举已完成；父目录不在默认删除范围
EXT-DIR-227,O 外部目录全量概览,需要确认（父目录默认保留）,目录概览,父目录概览；不作整目录删除授权,E:/projects/codex/.agent-work/aether/workspace-support/pc-p2-real-temporal,,,9,1196287,失去可重现的旧测试状态；正式原始日志及当前未解失败/Unknown关联证据保留,父目录可能含已安装依赖、运行数据、私密配置或失败证据；不能随缓存子项删除,只允许A/B组列出的精确子项；其他内容另查消费者、运行绑定与恢复价值,保留父目录；本行与精确子项有包含关系，容量/文件数不能累加,全量枚举已完成；父目录不在默认删除范围
EXT-DIR-228,O 外部目录全量概览,需要确认（父目录默认保留）,目录概览,父目录概览；不作整目录删除授权,E:/projects/codex/.agent-work/aether/workspace-support/pc-p2-real-temporal-corrected,,,10,1257737,失去可重现的旧测试状态；正式原始日志及当前未解失败/Unknown关联证据保留,父目录可能含已安装依赖、运行数据、私密配置或失败证据；不能随缓存子项删除,只允许A/B组列出的精确子项；其他内容另查消费者、运行绑定与恢复价值,保留父目录；本行与精确子项有包含关系，容量/文件数不能累加,全量枚举已完成；父目录不在默认删除范围
EXT-DIR-229,O 外部目录全量概览,需要确认（父目录默认保留）,目录概览,父目录概览；不作整目录删除授权,E:/projects/codex/.agent-work/aether/workspace-support/pc-p2-regression-fixes,,,54,42150786,失去可重现的旧测试状态；正式原始日志及当前未解失败/Unknown关联证据保留,父目录可能含已安装依赖、运行数据、私密配置或失败证据；不能随缓存子项删除,只允许A/B组列出的精确子项；其他内容另查消费者、运行绑定与恢复价值,保留父目录；本行与精确子项有包含关系，容量/文件数不能累加,全量枚举已完成；父目录不在默认删除范围
EXT-DIR-230,O 外部目录全量概览,需要确认（父目录默认保留）,目录概览,父目录概览；不作整目录删除授权,E:/projects/codex/.agent-work/aether/workspace-support/pc-p2-tls-transport,,,16,19268,失去可重现的旧测试状态；正式原始日志及当前未解失败/Unknown关联证据保留,父目录可能含已安装依赖、运行数据、私密配置或失败证据；不能随缓存子项删除,只允许A/B组列出的精确子项；其他内容另查消费者、运行绑定与恢复价值,保留父目录；本行与精确子项有包含关系，容量/文件数不能累加,全量枚举已完成；父目录不在默认删除范围
EXT-DIR-231,O 外部目录全量概览,需要确认（父目录默认保留）,目录概览,父目录概览；不作整目录删除授权,E:/projects/codex/.agent-work/aether/workspace-support/pc-p4-activation-client-green-01,,,137,6879498,失去可重现的旧测试状态；正式原始日志及当前未解失败/Unknown关联证据保留,父目录可能含已安装依赖、运行数据、私密配置或失败证据；不能随缓存子项删除,只允许A/B组列出的精确子项；其他内容另查消费者、运行绑定与恢复价值,保留父目录；本行与精确子项有包含关系，容量/文件数不能累加,全量枚举已完成；父目录不在默认删除范围
EXT-DIR-232,O 外部目录全量概览,需要确认（父目录默认保留）,目录概览,父目录概览；不作整目录删除授权,E:/projects/codex/.agent-work/aether/workspace-support/pc-p4-activation-client-red-01,,,117,5646748,失去可重现的旧测试状态；正式原始日志及当前未解失败/Unknown关联证据保留,父目录可能含已安装依赖、运行数据、私密配置或失败证据；不能随缓存子项删除,只允许A/B组列出的精确子项；其他内容另查消费者、运行绑定与恢复价值,保留父目录；本行与精确子项有包含关系，容量/文件数不能累加,全量枚举已完成；父目录不在默认删除范围
EXT-DIR-233,O 外部目录全量概览,需要确认（父目录默认保留）,目录概览,父目录概览；不作整目录删除授权,E:/projects/codex/.agent-work/aether/workspace-support/pc-p4-activation-compat-green-01,,,191,9828122,失去可重现的旧测试状态；正式原始日志及当前未解失败/Unknown关联证据保留,父目录可能含已安装依赖、运行数据、私密配置或失败证据；不能随缓存子项删除,只允许A/B组列出的精确子项；其他内容另查消费者、运行绑定与恢复价值,保留父目录；本行与精确子项有包含关系，容量/文件数不能累加,全量枚举已完成；父目录不在默认删除范围
EXT-DIR-234,O 外部目录全量概览,需要确认（父目录默认保留）,目录概览,父目录概览；不作整目录删除授权,E:/projects/codex/.agent-work/aether/workspace-support/pc-p4-activation-compat-red-01,,,56,3608005,失去可重现的旧测试状态；正式原始日志及当前未解失败/Unknown关联证据保留,父目录可能含已安装依赖、运行数据、私密配置或失败证据；不能随缓存子项删除,只允许A/B组列出的精确子项；其他内容另查消费者、运行绑定与恢复价值,保留父目录；本行与精确子项有包含关系，容量/文件数不能累加,全量枚举已完成；父目录不在默认删除范围
EXT-DIR-235,O 外部目录全量概览,需要确认（父目录默认保留）,目录概览,父目录概览；不作整目录删除授权,E:/projects/codex/.agent-work/aether/workspace-support/pc-p4-activation-distill-race-01,,,31,27217321,失去可重现的旧测试状态；正式原始日志及当前未解失败/Unknown关联证据保留,父目录可能含已安装依赖、运行数据、私密配置或失败证据；不能随缓存子项删除,只允许A/B组列出的精确子项；其他内容另查消费者、运行绑定与恢复价值,保留父目录；本行与精确子项有包含关系，容量/文件数不能累加,全量枚举已完成；父目录不在默认删除范围
EXT-DIR-236,O 外部目录全量概览,需要确认（父目录默认保留）,目录概览,父目录概览；不作整目录删除授权,E:/projects/codex/.agent-work/aether/workspace-support/pc-p4-activation-initial-01,,,22,1405043,失去可重现的旧测试状态；正式原始日志及当前未解失败/Unknown关联证据保留,父目录可能含已安装依赖、运行数据、私密配置或失败证据；不能随缓存子项删除,只允许A/B组列出的精确子项；其他内容另查消费者、运行绑定与恢复价值,保留父目录；本行与精确子项有包含关系，容量/文件数不能累加,全量枚举已完成；父目录不在默认删除范围
EXT-DIR-237,O 外部目录全量概览,需要确认（父目录默认保留）,目录概览,父目录概览；不作整目录删除授权,E:/projects/codex/.agent-work/aether/workspace-support/pc-p4-activation-queued-red-01,,,7,840933,失去可重现的旧测试状态；正式原始日志及当前未解失败/Unknown关联证据保留,父目录可能含已安装依赖、运行数据、私密配置或失败证据；不能随缓存子项删除,只允许A/B组列出的精确子项；其他内容另查消费者、运行绑定与恢复价值,保留父目录；本行与精确子项有包含关系，容量/文件数不能累加,全量枚举已完成；父目录不在默认删除范围
EXT-DIR-238,O 外部目录全量概览,需要确认（父目录默认保留）,目录概览,父目录概览；不作整目录删除授权,E:/projects/codex/.agent-work/aether/workspace-support/pc-p4-activation-red-01,,,17,1207444,失去可重现的旧测试状态；正式原始日志及当前未解失败/Unknown关联证据保留,父目录可能含已安装依赖、运行数据、私密配置或失败证据；不能随缓存子项删除,只允许A/B组列出的精确子项；其他内容另查消费者、运行绑定与恢复价值,保留父目录；本行与精确子项有包含关系，容量/文件数不能累加,全量枚举已完成；父目录不在默认删除范围
EXT-DIR-239,O 外部目录全量概览,需要确认（父目录默认保留）,目录概览,父目录概览；不作整目录删除授权,E:/projects/codex/.agent-work/aether/workspace-support/pc-p4-activation-regression-01,,,1683,395893510,失去可重现的旧测试状态；正式原始日志及当前未解失败/Unknown关联证据保留,父目录可能含已安装依赖、运行数据、私密配置或失败证据；不能随缓存子项删除,只允许A/B组列出的精确子项；其他内容另查消费者、运行绑定与恢复价值,保留父目录；本行与精确子项有包含关系，容量/文件数不能累加,全量枚举已完成；父目录不在默认删除范围
EXT-DIR-240,O 外部目录全量概览,需要确认（父目录默认保留）,目录概览,父目录概览；不作整目录删除授权,E:/projects/codex/.agent-work/aether/workspace-support/pc-p4-activation-safety-green-01,,,127,5272362,失去可重现的旧测试状态；正式原始日志及当前未解失败/Unknown关联证据保留,父目录可能含已安装依赖、运行数据、私密配置或失败证据；不能随缓存子项删除,只允许A/B组列出的精确子项；其他内容另查消费者、运行绑定与恢复价值,保留父目录；本行与精确子项有包含关系，容量/文件数不能累加,全量枚举已完成；父目录不在默认删除范围
EXT-DIR-241,O 外部目录全量概览,需要确认（父目录默认保留）,目录概览,父目录概览；不作整目录删除授权,E:/projects/codex/.agent-work/aether/workspace-support/pc-p4-activation-safety-red-01,,,107,4534731,失去可重现的旧测试状态；正式原始日志及当前未解失败/Unknown关联证据保留,父目录可能含已安装依赖、运行数据、私密配置或失败证据；不能随缓存子项删除,只允许A/B组列出的精确子项；其他内容另查消费者、运行绑定与恢复价值,保留父目录；本行与精确子项有包含关系，容量/文件数不能累加,全量枚举已完成；父目录不在默认删除范围
EXT-DIR-242,O 外部目录全量概览,需要确认（父目录默认保留）,目录概览,父目录概览；不作整目录删除授权,E:/projects/codex/.agent-work/aether/workspace-support/pc-p4-activation-startup-01,,,17,1961112,失去可重现的旧测试状态；正式原始日志及当前未解失败/Unknown关联证据保留,父目录可能含已安装依赖、运行数据、私密配置或失败证据；不能随缓存子项删除,只允许A/B组列出的精确子项；其他内容另查消费者、运行绑定与恢复价值,保留父目录；本行与精确子项有包含关系，容量/文件数不能累加,全量枚举已完成；父目录不在默认删除范围
EXT-DIR-243,O 外部目录全量概览,需要确认（父目录默认保留）,目录概览,父目录概览；不作整目录删除授权,E:/projects/codex/.agent-work/aether/workspace-support/pc-p4-binding-final-corrected,,,294,141102524,失去可重现的旧测试状态；正式原始日志及当前未解失败/Unknown关联证据保留,父目录可能含已安装依赖、运行数据、私密配置或失败证据；不能随缓存子项删除,只允许A/B组列出的精确子项；其他内容另查消费者、运行绑定与恢复价值,保留父目录；本行与精确子项有包含关系，容量/文件数不能累加,全量枚举已完成；父目录不在默认删除范围
EXT-DIR-244,O 外部目录全量概览,需要确认（父目录默认保留）,目录概览,父目录概览；不作整目录删除授权,E:/projects/codex/.agent-work/aether/workspace-support/pc-p4-binding-final-regression,,,460,151565452,失去可重现的旧测试状态；正式原始日志及当前未解失败/Unknown关联证据保留,父目录可能含已安装依赖、运行数据、私密配置或失败证据；不能随缓存子项删除,只允许A/B组列出的精确子项；其他内容另查消费者、运行绑定与恢复价值,保留父目录；本行与精确子项有包含关系，容量/文件数不能累加,全量枚举已完成；父目录不在默认删除范围
EXT-DIR-245,O 外部目录全量概览,需要确认（父目录默认保留）,目录概览,父目录概览；不作整目录删除授权,E:/projects/codex/.agent-work/aether/workspace-support/pc-p4-binding-legacy-retry-green,,,126,4935060,失去可重现的旧测试状态；正式原始日志及当前未解失败/Unknown关联证据保留,父目录可能含已安装依赖、运行数据、私密配置或失败证据；不能随缓存子项删除,只允许A/B组列出的精确子项；其他内容另查消费者、运行绑定与恢复价值,保留父目录；本行与精确子项有包含关系，容量/文件数不能累加,全量枚举已完成；父目录不在默认删除范围
EXT-DIR-246,O 外部目录全量概览,需要确认（父目录默认保留）,目录概览,父目录概览；不作整目录删除授权,E:/projects/codex/.agent-work/aether/workspace-support/pc-p4-binding-legacy-retry-red,,,27,1504337,失去可重现的旧测试状态；正式原始日志及当前未解失败/Unknown关联证据保留,父目录可能含已安装依赖、运行数据、私密配置或失败证据；不能随缓存子项删除,只允许A/B组列出的精确子项；其他内容另查消费者、运行绑定与恢复价值,保留父目录；本行与精确子项有包含关系，容量/文件数不能累加,全量枚举已完成；父目录不在默认删除范围
EXT-DIR-247,O 外部目录全量概览,需要确认（父目录默认保留）,目录概览,父目录概览；不作整目录删除授权,E:/projects/codex/.agent-work/aether/workspace-support/pc-p4-binding-registry-expanded,,,126,5909907,失去可重现的旧测试状态；正式原始日志及当前未解失败/Unknown关联证据保留,父目录可能含已安装依赖、运行数据、私密配置或失败证据；不能随缓存子项删除,只允许A/B组列出的精确子项；其他内容另查消费者、运行绑定与恢复价值,保留父目录；本行与精确子项有包含关系，容量/文件数不能累加,全量枚举已完成；父目录不在默认删除范围
EXT-DIR-248,O 外部目录全量概览,需要确认（父目录默认保留）,目录概览,父目录概览；不作整目录删除授权,E:/projects/codex/.agent-work/aether/workspace-support/pc-p4-concrete-binding-green,,,7,836835,失去可重现的旧测试状态；正式原始日志及当前未解失败/Unknown关联证据保留,父目录可能含已安装依赖、运行数据、私密配置或失败证据；不能随缓存子项删除,只允许A/B组列出的精确子项；其他内容另查消费者、运行绑定与恢复价值,保留父目录；本行与精确子项有包含关系，容量/文件数不能累加,全量枚举已完成；父目录不在默认删除范围
EXT-DIR-249,O 外部目录全量概览,需要确认（父目录默认保留）,目录概览,父目录概览；不作整目录删除授权,E:/projects/codex/.agent-work/aether/workspace-support/pc-p4-concrete-binding-red,,,7,840929,失去可重现的旧测试状态；正式原始日志及当前未解失败/Unknown关联证据保留,父目录可能含已安装依赖、运行数据、私密配置或失败证据；不能随缓存子项删除,只允许A/B组列出的精确子项；其他内容另查消费者、运行绑定与恢复价值,保留父目录；本行与精确子项有包含关系，容量/文件数不能累加,全量枚举已完成；父目录不在默认删除范围
EXT-DIR-250,O 外部目录全量概览,需要确认（父目录默认保留）,目录概览,父目录概览；不作整目录删除授权,E:/projects/codex/.agent-work/aether/workspace-support/pc-p4-default-gateway-green,,,11,843171,失去可重现的旧测试状态；正式原始日志及当前未解失败/Unknown关联证据保留,父目录可能含已安装依赖、运行数据、私密配置或失败证据；不能随缓存子项删除,只允许A/B组列出的精确子项；其他内容另查消费者、运行绑定与恢复价值,保留父目录；本行与精确子项有包含关系，容量/文件数不能累加,全量枚举已完成；父目录不在默认删除范围
EXT-DIR-251,O 外部目录全量概览,需要确认（父目录默认保留）,目录概览,父目录概览；不作整目录删除授权,E:/projects/codex/.agent-work/aether/workspace-support/pc-p4-default-gateway-red,,,11,842851,失去可重现的旧测试状态；正式原始日志及当前未解失败/Unknown关联证据保留,父目录可能含已安装依赖、运行数据、私密配置或失败证据；不能随缓存子项删除,只允许A/B组列出的精确子项；其他内容另查消费者、运行绑定与恢复价值,保留父目录；本行与精确子项有包含关系，容量/文件数不能累加,全量枚举已完成；父目录不在默认删除范围
EXT-DIR-252,O 外部目录全量概览,需要确认（父目录默认保留）,目录概览,父目录概览；不作整目录删除授权,E:/projects/codex/.agent-work/aether/workspace-support/pc-p4-doc-cli-regression,,,5,1410,失去可重现的旧测试状态；正式原始日志及当前未解失败/Unknown关联证据保留,父目录可能含已安装依赖、运行数据、私密配置或失败证据；不能随缓存子项删除,只允许A/B组列出的精确子项；其他内容另查消费者、运行绑定与恢复价值,保留父目录；本行与精确子项有包含关系，容量/文件数不能累加,全量枚举已完成；父目录不在默认删除范围
EXT-DIR-253,O 外部目录全量概览,需要确认（父目录默认保留）,目录概览,父目录概览；不作整目录删除授权,E:/projects/codex/.agent-work/aether/workspace-support/pc-p4-gateway-temporal-regression,,,111,57016660,失去可重现的旧测试状态；正式原始日志及当前未解失败/Unknown关联证据保留,父目录可能含已安装依赖、运行数据、私密配置或失败证据；不能随缓存子项删除,只允许A/B组列出的精确子项；其他内容另查消费者、运行绑定与恢复价值,保留父目录；本行与精确子项有包含关系，容量/文件数不能累加,全量枚举已完成；父目录不在默认删除范围
EXT-DIR-254,O 外部目录全量概览,需要确认（父目录默认保留）,目录概览,父目录概览；不作整目录删除授权,E:/projects/codex/.agent-work/aether/workspace-support/pc-p4-gateway-unit-suite-corrected,,,141,1519868,失去可重现的旧测试状态；正式原始日志及当前未解失败/Unknown关联证据保留,父目录可能含已安装依赖、运行数据、私密配置或失败证据；不能随缓存子项删除,只允许A/B组列出的精确子项；其他内容另查消费者、运行绑定与恢复价值,保留父目录；本行与精确子项有包含关系，容量/文件数不能累加,全量枚举已完成；父目录不在默认删除范围
EXT-DIR-255,O 外部目录全量概览,需要确认（父目录默认保留）,目录概览,父目录概览；不作整目录删除授权,E:/projects/codex/.agent-work/aether/workspace-support/pc-p4-http-boundary-green,,,2,35,失去可重现的旧测试状态；正式原始日志及当前未解失败/Unknown关联证据保留,父目录可能含已安装依赖、运行数据、私密配置或失败证据；不能随缓存子项删除,只允许A/B组列出的精确子项；其他内容另查消费者、运行绑定与恢复价值,保留父目录；本行与精确子项有包含关系，容量/文件数不能累加,全量枚举已完成；父目录不在默认删除范围
EXT-DIR-256,O 外部目录全量概览,需要确认（父目录默认保留）,目录概览,父目录概览；不作整目录删除授权,E:/projects/codex/.agent-work/aether/workspace-support/pc-p4-initialization-boundaries-green-01,,,59,16403826,失去可重现的旧测试状态；正式原始日志及当前未解失败/Unknown关联证据保留,父目录可能含已安装依赖、运行数据、私密配置或失败证据；不能随缓存子项删除,只允许A/B组列出的精确子项；其他内容另查消费者、运行绑定与恢复价值,保留父目录；本行与精确子项有包含关系，容量/文件数不能累加,全量枚举已完成；父目录不在默认删除范围
EXT-DIR-257,O 外部目录全量概览,需要确认（父目录默认保留）,目录概览,父目录概览；不作整目录删除授权,E:/projects/codex/.agent-work/aether/workspace-support/pc-p4-initialization-boundaries-red-01,,,50,15746334,失去可重现的旧测试状态；正式原始日志及当前未解失败/Unknown关联证据保留,父目录可能含已安装依赖、运行数据、私密配置或失败证据；不能随缓存子项删除,只允许A/B组列出的精确子项；其他内容另查消费者、运行绑定与恢复价值,保留父目录；本行与精确子项有包含关系，容量/文件数不能累加,全量枚举已完成；父目录不在默认删除范围
EXT-DIR-258,O 外部目录全量概览,需要确认（父目录默认保留）,目录概览,父目录概览；不作整目录删除授权,E:/projects/codex/.agent-work/aether/workspace-support/pc-p4-initialization-consumer-green-01,,,589,24168179,失去可重现的旧测试状态；正式原始日志及当前未解失败/Unknown关联证据保留,父目录可能含已安装依赖、运行数据、私密配置或失败证据；不能随缓存子项删除,只允许A/B组列出的精确子项；其他内容另查消费者、运行绑定与恢复价值,保留父目录；本行与精确子项有包含关系，容量/文件数不能累加,全量枚举已完成；父目录不在默认删除范围
EXT-DIR-259,O 外部目录全量概览,需要确认（父目录默认保留）,目录概览,父目录概览；不作整目录删除授权,E:/projects/codex/.agent-work/aether/workspace-support/pc-p4-initialization-consumer-red-01,,,154,8061990,失去可重现的旧测试状态；正式原始日志及当前未解失败/Unknown关联证据保留,父目录可能含已安装依赖、运行数据、私密配置或失败证据；不能随缓存子项删除,只允许A/B组列出的精确子项；其他内容另查消费者、运行绑定与恢复价值,保留父目录；本行与精确子项有包含关系，容量/文件数不能累加,全量枚举已完成；父目录不在默认删除范围
EXT-DIR-260,O 外部目录全量概览,需要确认（父目录默认保留）,目录概览,父目录概览；不作整目录删除授权,E:/projects/codex/.agent-work/aether/workspace-support/pc-p4-initialization-definition-green-01,,,142,6053128,失去可重现的旧测试状态；正式原始日志及当前未解失败/Unknown关联证据保留,父目录可能含已安装依赖、运行数据、私密配置或失败证据；不能随缓存子项删除,只允许A/B组列出的精确子项；其他内容另查消费者、运行绑定与恢复价值,保留父目录；本行与精确子项有包含关系，容量/文件数不能累加,全量枚举已完成；父目录不在默认删除范围
EXT-DIR-261,O 外部目录全量概览,需要确认（父目录默认保留）,目录概览,父目录概览；不作整目录删除授权,E:/projects/codex/.agent-work/aether/workspace-support/pc-p4-initialization-definition-red-01,,,142,6020358,失去可重现的旧测试状态；正式原始日志及当前未解失败/Unknown关联证据保留,父目录可能含已安装依赖、运行数据、私密配置或失败证据；不能随缓存子项删除,只允许A/B组列出的精确子项；其他内容另查消费者、运行绑定与恢复价值,保留父目录；本行与精确子项有包含关系，容量/文件数不能累加,全量枚举已完成；父目录不在默认删除范围
EXT-DIR-262,O 外部目录全量概览,需要确认（父目录默认保留）,目录概览,父目录概览；不作整目录删除授权,E:/projects/codex/.agent-work/aether/workspace-support/pc-p4-initialization-orchestration-green-01,,,124,56659242,失去可重现的旧测试状态；正式原始日志及当前未解失败/Unknown关联证据保留,父目录可能含已安装依赖、运行数据、私密配置或失败证据；不能随缓存子项删除,只允许A/B组列出的精确子项；其他内容另查消费者、运行绑定与恢复价值,保留父目录；本行与精确子项有包含关系，容量/文件数不能累加,全量枚举已完成；父目录不在默认删除范围
EXT-DIR-263,O 外部目录全量概览,需要确认（父目录默认保留）,目录概览,父目录概览；不作整目录删除授权,E:/projects/codex/.agent-work/aether/workspace-support/pc-p4-initialization-orchestration-red-01,,,100,17468335,失去可重现的旧测试状态；正式原始日志及当前未解失败/Unknown关联证据保留,父目录可能含已安装依赖、运行数据、私密配置或失败证据；不能随缓存子项删除,只允许A/B组列出的精确子项；其他内容另查消费者、运行绑定与恢复价值,保留父目录；本行与精确子项有包含关系，容量/文件数不能累加,全量枚举已完成；父目录不在默认删除范围
EXT-DIR-264,O 外部目录全量概览,需要确认（父目录默认保留）,目录概览,父目录概览；不作整目录删除授权,E:/projects/codex/.agent-work/aether/workspace-support/pc-p4-initialization-orchestration-regression-01,,,731,279367578,失去可重现的旧测试状态；正式原始日志及当前未解失败/Unknown关联证据保留,父目录可能含已安装依赖、运行数据、私密配置或失败证据；不能随缓存子项删除,只允许A/B组列出的精确子项；其他内容另查消费者、运行绑定与恢复价值,保留父目录；本行与精确子项有包含关系，容量/文件数不能累加,全量枚举已完成；父目录不在默认删除范围
EXT-DIR-265,O 外部目录全量概览,需要确认（父目录默认保留）,目录概览,父目录概览；不作整目录删除授权,E:/projects/codex/.agent-work/aether/workspace-support/pc-p4-initialization-process-green-01,,,20,14794254,失去可重现的旧测试状态；正式原始日志及当前未解失败/Unknown关联证据保留,父目录可能含已安装依赖、运行数据、私密配置或失败证据；不能随缓存子项删除,只允许A/B组列出的精确子项；其他内容另查消费者、运行绑定与恢复价值,保留父目录；本行与精确子项有包含关系，容量/文件数不能累加,全量枚举已完成；父目录不在默认删除范围
EXT-DIR-266,O 外部目录全量概览,需要确认（父目录默认保留）,目录概览,父目录概览；不作整目录删除授权,E:/projects/codex/.agent-work/aether/workspace-support/pc-p4-initialization-regression-01,,,1159,45846058,失去可重现的旧测试状态；正式原始日志及当前未解失败/Unknown关联证据保留,父目录可能含已安装依赖、运行数据、私密配置或失败证据；不能随缓存子项删除,只允许A/B组列出的精确子项；其他内容另查消费者、运行绑定与恢复价值,保留父目录；本行与精确子项有包含关系，容量/文件数不能累加,全量枚举已完成；父目录不在默认删除范围
EXT-DIR-267,O 外部目录全量概览,需要确认（父目录默认保留）,目录概览,父目录概览；不作整目录删除授权,E:/projects/codex/.agent-work/aether/workspace-support/pc-p4-local-gateway-green,,,21,14236573,失去可重现的旧测试状态；正式原始日志及当前未解失败/Unknown关联证据保留,父目录可能含已安装依赖、运行数据、私密配置或失败证据；不能随缓存子项删除,只允许A/B组列出的精确子项；其他内容另查消费者、运行绑定与恢复价值,保留父目录；本行与精确子项有包含关系，容量/文件数不能累加,全量枚举已完成；父目录不在默认删除范围
EXT-DIR-268,O 外部目录全量概览,需要确认（父目录默认保留）,目录概览,父目录概览；不作整目录删除授权,E:/projects/codex/.agent-work/aether/workspace-support/pc-p4-local-gateway-red,,,12,847149,失去可重现的旧测试状态；正式原始日志及当前未解失败/Unknown关联证据保留,父目录可能含已安装依赖、运行数据、私密配置或失败证据；不能随缓存子项删除,只允许A/B组列出的精确子项；其他内容另查消费者、运行绑定与恢复价值,保留父目录；本行与精确子项有包含关系，容量/文件数不能累加,全量枚举已完成；父目录不在默认删除范围
EXT-DIR-269,O 外部目录全量概览,需要确认（父目录默认保留）,目录概览,父目录概览；不作整目录删除授权,E:/projects/codex/.agent-work/aether/workspace-support/pc-p4-lookup-client-red,,,6,119771,失去可重现的旧测试状态；正式原始日志及当前未解失败/Unknown关联证据保留,父目录可能含已安装依赖、运行数据、私密配置或失败证据；不能随缓存子项删除,只允许A/B组列出的精确子项；其他内容另查消费者、运行绑定与恢复价值,保留父目录；本行与精确子项有包含关系，容量/文件数不能累加,全量枚举已完成；父目录不在默认删除范围
EXT-DIR-270,O 外部目录全量概览,需要确认（父目录默认保留）,目录概览,父目录概览；不作整目录删除授权,E:/projects/codex/.agent-work/aether/workspace-support/pc-p4-lookup-consumer-green,,,59,6683532,失去可重现的旧测试状态；正式原始日志及当前未解失败/Unknown关联证据保留,父目录可能含已安装依赖、运行数据、私密配置或失败证据；不能随缓存子项删除,只允许A/B组列出的精确子项；其他内容另查消费者、运行绑定与恢复价值,保留父目录；本行与精确子项有包含关系，容量/文件数不能累加,全量枚举已完成；父目录不在默认删除范围
EXT-DIR-271,O 外部目录全量概览,需要确认（父目录默认保留）,目录概览,父目录概览；不作整目录删除授权,E:/projects/codex/.agent-work/aether/workspace-support/pc-p4-lookup-temporal-regression,,,176,53316215,失去可重现的旧测试状态；正式原始日志及当前未解失败/Unknown关联证据保留,父目录可能含已安装依赖、运行数据、私密配置或失败证据；不能随缓存子项删除,只允许A/B组列出的精确子项；其他内容另查消费者、运行绑定与恢复价值,保留父目录；本行与精确子项有包含关系，容量/文件数不能累加,全量枚举已完成；父目录不在默认删除范围
EXT-DIR-272,O 外部目录全量概览,需要确认（父目录默认保留）,目录概览,父目录概览；不作整目录删除授权,E:/projects/codex/.agent-work/aether/workspace-support/pc-p4-lookup-unit-final,,,179,6856651,失去可重现的旧测试状态；正式原始日志及当前未解失败/Unknown关联证据保留,父目录可能含已安装依赖、运行数据、私密配置或失败证据；不能随缓存子项删除,只允许A/B组列出的精确子项；其他内容另查消费者、运行绑定与恢复价值,保留父目录；本行与精确子项有包含关系，容量/文件数不能累加,全量枚举已完成；父目录不在默认删除范围
EXT-DIR-273,O 外部目录全量概览,需要确认（父目录默认保留）,目录概览,父目录概览；不作整目录删除授权,E:/projects/codex/.agent-work/aether/workspace-support/pc-p4-origin-green,,,2,35,失去可重现的旧测试状态；正式原始日志及当前未解失败/Unknown关联证据保留,父目录可能含已安装依赖、运行数据、私密配置或失败证据；不能随缓存子项删除,只允许A/B组列出的精确子项；其他内容另查消费者、运行绑定与恢复价值,保留父目录；本行与精确子项有包含关系，容量/文件数不能累加,全量枚举已完成；父目录不在默认删除范围
EXT-DIR-274,O 外部目录全量概览,需要确认（父目录默认保留）,目录概览,父目录概览；不作整目录删除授权,E:/projects/codex/.agent-work/aether/workspace-support/pc-p4-original-operation-lookup-green,,,35,4962383,失去可重现的旧测试状态；正式原始日志及当前未解失败/Unknown关联证据保留,父目录可能含已安装依赖、运行数据、私密配置或失败证据；不能随缓存子项删除,只允许A/B组列出的精确子项；其他内容另查消费者、运行绑定与恢复价值,保留父目录；本行与精确子项有包含关系，容量/文件数不能累加,全量枚举已完成；父目录不在默认删除范围
EXT-DIR-275,O 外部目录全量概览,需要确认（父目录默认保留）,目录概览,父目录概览；不作整目录删除授权,E:/projects/codex/.agent-work/aether/workspace-support/pc-p4-original-operation-lookup-red,,,34,4323941,失去可重现的旧测试状态；正式原始日志及当前未解失败/Unknown关联证据保留,父目录可能含已安装依赖、运行数据、私密配置或失败证据；不能随缓存子项删除,只允许A/B组列出的精确子项；其他内容另查消费者、运行绑定与恢复价值,保留父目录；本行与精确子项有包含关系，容量/文件数不能累加,全量枚举已完成；父目录不在默认删除范围
EXT-DIR-276,O 外部目录全量概览,需要确认（父目录默认保留）,目录概览,父目录概览；不作整目录删除授权,E:/projects/codex/.agent-work/aether/workspace-support/pc-p4-process-restart-red-ready,,,27,28694804,失去可重现的旧测试状态；正式原始日志及当前未解失败/Unknown关联证据保留,父目录可能含已安装依赖、运行数据、私密配置或失败证据；不能随缓存子项删除,只允许A/B组列出的精确子项；其他内容另查消费者、运行绑定与恢复价值,保留父目录；本行与精确子项有包含关系，容量/文件数不能累加,全量枚举已完成；父目录不在默认删除范围
EXT-DIR-277,O 外部目录全量概览,需要确认（父目录默认保留）,目录概览,父目录概览；不作整目录删除授权,E:/projects/codex/.agent-work/aether/workspace-support/pc-p4-reconcile-document-green-01,,,37,4361226,失去可重现的旧测试状态；正式原始日志及当前未解失败/Unknown关联证据保留,父目录可能含已安装依赖、运行数据、私密配置或失败证据；不能随缓存子项删除,只允许A/B组列出的精确子项；其他内容另查消费者、运行绑定与恢复价值,保留父目录；本行与精确子项有包含关系，容量/文件数不能累加,全量枚举已完成；父目录不在默认删除范围
EXT-DIR-278,O 外部目录全量概览,需要确认（父目录默认保留）,目录概览,父目录概览；不作整目录删除授权,E:/projects/codex/.agent-work/aether/workspace-support/pc-p4-reconcile-focused-02,,,27,3036237,失去可重现的旧测试状态；正式原始日志及当前未解失败/Unknown关联证据保留,父目录可能含已安装依赖、运行数据、私密配置或失败证据；不能随缓存子项删除,只允许A/B组列出的精确子项；其他内容另查消费者、运行绑定与恢复价值,保留父目录；本行与精确子项有包含关系，容量/文件数不能累加,全量枚举已完成；父目录不在默认删除范围
EXT-DIR-279,O 外部目录全量概览,需要确认（父目录默认保留）,目录概览,父目录概览；不作整目录删除授权,E:/projects/codex/.agent-work/aether/workspace-support/pc-p4-reconcile-initial-01,,,27,2991181,失去可重现的旧测试状态；正式原始日志及当前未解失败/Unknown关联证据保留,父目录可能含已安装依赖、运行数据、私密配置或失败证据；不能随缓存子项删除,只允许A/B组列出的精确子项；其他内容另查消费者、运行绑定与恢复价值,保留父目录；本行与精确子项有包含关系，容量/文件数不能累加,全量枚举已完成；父目录不在默认删除范围
EXT-DIR-280,O 外部目录全量概览,需要确认（父目录默认保留）,目录概览,父目录概览；不作整目录删除授权,E:/projects/codex/.agent-work/aether/workspace-support/pc-p4-reconcile-red-01,,,27,2970697,失去可重现的旧测试状态；正式原始日志及当前未解失败/Unknown关联证据保留,父目录可能含已安装依赖、运行数据、私密配置或失败证据；不能随缓存子项删除,只允许A/B组列出的精确子项；其他内容另查消费者、运行绑定与恢复价值,保留父目录；本行与精确子项有包含关系，容量/文件数不能累加,全量枚举已完成；父目录不在默认删除范围
EXT-DIR-281,O 外部目录全量概览,需要确认（父目录默认保留）,目录概览,父目录概览；不作整目录删除授权,E:/projects/codex/.agent-work/aether/workspace-support/pc-p4-reconcile-regression-01,,,700,342484829,失去可重现的旧测试状态；正式原始日志及当前未解失败/Unknown关联证据保留,父目录可能含已安装依赖、运行数据、私密配置或失败证据；不能随缓存子项删除,只允许A/B组列出的精确子项；其他内容另查消费者、运行绑定与恢复价值,保留父目录；本行与精确子项有包含关系，容量/文件数不能累加,全量枚举已完成；父目录不在默认删除范围
EXT-DIR-282,O 外部目录全量概览,需要确认（父目录默认保留）,目录概览,父目录概览；不作整目录删除授权,E:/projects/codex/.agent-work/aether/workspace-support/pc-p4-reconcile-stories-01,,,109,89783196,失去可重现的旧测试状态；正式原始日志及当前未解失败/Unknown关联证据保留,父目录可能含已安装依赖、运行数据、私密配置或失败证据；不能随缓存子项删除,只允许A/B组列出的精确子项；其他内容另查消费者、运行绑定与恢复价值,保留父目录；本行与精确子项有包含关系，容量/文件数不能累加,全量枚举已完成；父目录不在默认删除范围
EXT-DIR-283,O 外部目录全量概览,需要确认（父目录默认保留）,目录概览,父目录概览；不作整目录删除授权,E:/projects/codex/.agent-work/aether/workspace-support/pc-p4-recovery-read-client-green-01,,,143,5614851,失去可重现的旧测试状态；正式原始日志及当前未解失败/Unknown关联证据保留,父目录可能含已安装依赖、运行数据、私密配置或失败证据；不能随缓存子项删除,只允许A/B组列出的精确子项；其他内容另查消费者、运行绑定与恢复价值,保留父目录；本行与精确子项有包含关系，容量/文件数不能累加,全量枚举已完成；父目录不在默认删除范围
EXT-DIR-284,O 外部目录全量概览,需要确认（父目录默认保留）,目录概览,父目录概览；不作整目录删除授权,E:/projects/codex/.agent-work/aether/workspace-support/pc-p4-recovery-read-client-red-01,,,352,13418223,失去可重现的旧测试状态；正式原始日志及当前未解失败/Unknown关联证据保留,父目录可能含已安装依赖、运行数据、私密配置或失败证据；不能随缓存子项删除,只允许A/B组列出的精确子项；其他内容另查消费者、运行绑定与恢复价值,保留父目录；本行与精确子项有包含关系，容量/文件数不能累加,全量枚举已完成；父目录不在默认删除范围
EXT-DIR-285,O 外部目录全量概览,需要确认（父目录默认保留）,目录概览,父目录概览；不作整目录删除授权,E:/projects/codex/.agent-work/aether/workspace-support/pc-p4-recovery-read-final-01,,,446,18490519,失去可重现的旧测试状态；正式原始日志及当前未解失败/Unknown关联证据保留,父目录可能含已安装依赖、运行数据、私密配置或失败证据；不能随缓存子项删除,只允许A/B组列出的精确子项；其他内容另查消费者、运行绑定与恢复价值,保留父目录；本行与精确子项有包含关系，容量/文件数不能累加,全量枚举已完成；父目录不在默认删除范围
EXT-DIR-286,O 外部目录全量概览,需要确认（父目录默认保留）,目录概览,父目录概览；不作整目录删除授权,E:/projects/codex/.agent-work/aether/workspace-support/pc-p4-recovery-read-green-01,,,217,8709841,失去可重现的旧测试状态；正式原始日志及当前未解失败/Unknown关联证据保留,父目录可能含已安装依赖、运行数据、私密配置或失败证据；不能随缓存子项删除,只允许A/B组列出的精确子项；其他内容另查消费者、运行绑定与恢复价值,保留父目录；本行与精确子项有包含关系，容量/文件数不能累加,全量枚举已完成；父目录不在默认删除范围
EXT-DIR-287,O 外部目录全量概览,需要确认（父目录默认保留）,目录概览,父目录概览；不作整目录删除授权,E:/projects/codex/.agent-work/aether/workspace-support/pc-p4-recovery-read-red-01,,,217,8713935,失去可重现的旧测试状态；正式原始日志及当前未解失败/Unknown关联证据保留,父目录可能含已安装依赖、运行数据、私密配置或失败证据；不能随缓存子项删除,只允许A/B组列出的精确子项；其他内容另查消费者、运行绑定与恢复价值,保留父目录；本行与精确子项有包含关系，容量/文件数不能累加,全量枚举已完成；父目录不在默认删除范围
EXT-DIR-288,O 外部目录全量概览,需要确认（父目录默认保留）,目录概览,父目录概览；不作整目录删除授权,E:/projects/codex/.agent-work/aether/workspace-support/pc-p4-recovery-read-regression-01,,,1375,62282695,失去可重现的旧测试状态；正式原始日志及当前未解失败/Unknown关联证据保留,父目录可能含已安装依赖、运行数据、私密配置或失败证据；不能随缓存子项删除,只允许A/B组列出的精确子项；其他内容另查消费者、运行绑定与恢复价值,保留父目录；本行与精确子项有包含关系，容量/文件数不能累加,全量枚举已完成；父目录不在默认删除范围
EXT-DIR-289,O 外部目录全量概览,需要确认（父目录默认保留）,目录概览,父目录概览；不作整目录删除授权,E:/projects/codex/.agent-work/aether/workspace-support/pc-p4-recovery-read-safety-green-01,,,396,15051647,失去可重现的旧测试状态；正式原始日志及当前未解失败/Unknown关联证据保留,父目录可能含已安装依赖、运行数据、私密配置或失败证据；不能随缓存子项删除,只允许A/B组列出的精确子项；其他内容另查消费者、运行绑定与恢复价值,保留父目录；本行与精确子项有包含关系，容量/文件数不能累加,全量枚举已完成；父目录不在默认删除范围
EXT-DIR-290,O 外部目录全量概览,需要确认（父目录默认保留）,目录概览,父目录概览；不作整目录删除授权,E:/projects/codex/.agent-work/aether/workspace-support/pc-p4-recovery-read-safety-red-01,,,286,11747277,失去可重现的旧测试状态；正式原始日志及当前未解失败/Unknown关联证据保留,父目录可能含已安装依赖、运行数据、私密配置或失败证据；不能随缓存子项删除,只允许A/B组列出的精确子项；其他内容另查消费者、运行绑定与恢复价值,保留父目录；本行与精确子项有包含关系，容量/文件数不能累加,全量枚举已完成；父目录不在默认删除范围
EXT-DIR-291,O 外部目录全量概览,需要确认（父目录默认保留）,目录概览,父目录概览；不作整目录删除授权,E:/projects/codex/.agent-work/aether/workspace-support/pc-p4-registry-api-green,,,27,1504331,失去可重现的旧测试状态；正式原始日志及当前未解失败/Unknown关联证据保留,父目录可能含已安装依赖、运行数据、私密配置或失败证据；不能随缓存子项删除,只允许A/B组列出的精确子项；其他内容另查消费者、运行绑定与恢复价值,保留父目录；本行与精确子项有包含关系，容量/文件数不能累加,全量枚举已完成；父目录不在默认删除范围
EXT-DIR-292,O 外部目录全量概览,需要确认（父目录默认保留）,目录概览,父目录概览；不作整目录删除授权,E:/projects/codex/.agent-work/aether/workspace-support/pc-p4-registry-api-red,,,27,1492041,失去可重现的旧测试状态；正式原始日志及当前未解失败/Unknown关联证据保留,父目录可能含已安装依赖、运行数据、私密配置或失败证据；不能随缓存子项删除,只允许A/B组列出的精确子项；其他内容另查消费者、运行绑定与恢复价值,保留父目录；本行与精确子项有包含关系，容量/文件数不能累加,全量枚举已完成；父目录不在默认删除范围
EXT-DIR-293,O 外部目录全量概览,需要确认（父目录默认保留）,目录概览,父目录概览；不作整目录删除授权,E:/projects/codex/.agent-work/aether/workspace-support/pc-p4-registry-boundary-green,,,6,119771,失去可重现的旧测试状态；正式原始日志及当前未解失败/Unknown关联证据保留,父目录可能含已安装依赖、运行数据、私密配置或失败证据；不能随缓存子项删除,只允许A/B组列出的精确子项；其他内容另查消费者、运行绑定与恢复价值,保留父目录；本行与精确子项有包含关系，容量/文件数不能累加,全量枚举已完成；父目录不在默认删除范围
EXT-DIR-294,O 外部目录全量概览,需要确认（父目录默认保留）,目录概览,父目录概览；不作整目录删除授权,E:/projects/codex/.agent-work/aether/workspace-support/pc-p4-registry-final-integrated,,,308,156836497,失去可重现的旧测试状态；正式原始日志及当前未解失败/Unknown关联证据保留,父目录可能含已安装依赖、运行数据、私密配置或失败证据；不能随缓存子项删除,只允许A/B组列出的精确子项；其他内容另查消费者、运行绑定与恢复价值,保留父目录；本行与精确子项有包含关系，容量/文件数不能累加,全量枚举已完成；父目录不在默认删除范围
EXT-DIR-295,O 外部目录全量概览,需要确认（父目录默认保留）,目录概览,父目录概览；不作整目录删除授权,E:/projects/codex/.agent-work/aether/workspace-support/pc-p4-registry-full-unit-final,,,141,1520516,失去可重现的旧测试状态；正式原始日志及当前未解失败/Unknown关联证据保留,父目录可能含已安装依赖、运行数据、私密配置或失败证据；不能随缓存子项删除,只允许A/B组列出的精确子项；其他内容另查消费者、运行绑定与恢复价值,保留父目录；本行与精确子项有包含关系，容量/文件数不能累加,全量枚举已完成；父目录不在默认删除范围
EXT-DIR-296,O 外部目录全量概览,需要确认（父目录默认保留）,目录概览,父目录概览；不作整目录删除授权,E:/projects/codex/.agent-work/aether/workspace-support/pc-p4-registry-integration-initial,,,198,122705862,失去可重现的旧测试状态；正式原始日志及当前未解失败/Unknown关联证据保留,父目录可能含已安装依赖、运行数据、私密配置或失败证据；不能随缓存子项删除,只允许A/B组列出的精确子项；其他内容另查消费者、运行绑定与恢复价值,保留父目录；本行与精确子项有包含关系，容量/文件数不能累加,全量枚举已完成；父目录不在默认删除范围
EXT-DIR-297,O 外部目录全量概览,需要确认（父目录默认保留）,目录概览,父目录概览；不作整目录删除授权,E:/projects/codex/.agent-work/aether/workspace-support/pc-p4-registry-inventory-red,,,6,119771,失去可重现的旧测试状态；正式原始日志及当前未解失败/Unknown关联证据保留,父目录可能含已安装依赖、运行数据、私密配置或失败证据；不能随缓存子项删除,只允许A/B组列出的精确子项；其他内容另查消费者、运行绑定与恢复价值,保留父目录；本行与精确子项有包含关系，容量/文件数不能累加,全量枚举已完成；父目录不在默认删除范围
EXT-DIR-298,O 外部目录全量概览,需要确认（父目录默认保留）,目录概览,父目录概览；不作整目录删除授权,E:/projects/codex/.agent-work/aether/workspace-support/pc-p4-registry-operation-binding-green,,,37,1846287,失去可重现的旧测试状态；正式原始日志及当前未解失败/Unknown关联证据保留,父目录可能含已安装依赖、运行数据、私密配置或失败证据；不能随缓存子项删除,只允许A/B组列出的精确子项；其他内容另查消费者、运行绑定与恢复价值,保留父目录；本行与精确子项有包含关系，容量/文件数不能累加,全量枚举已完成；父目录不在默认删除范围
EXT-DIR-299,O 外部目录全量概览,需要确认（父目录默认保留）,目录概览,父目录概览；不作整目录删除授权,E:/projects/codex/.agent-work/aether/workspace-support/pc-p4-registry-operation-binding-red,,,12,1009862,失去可重现的旧测试状态；正式原始日志及当前未解失败/Unknown关联证据保留,父目录可能含已安装依赖、运行数据、私密配置或失败证据；不能随缓存子项删除,只允许A/B组列出的精确子项；其他内容另查消费者、运行绑定与恢复价值,保留父目录；本行与精确子项有包含关系，容量/文件数不能累加,全量枚举已完成；父目录不在默认删除范围
EXT-DIR-300,O 外部目录全量概览,需要确认（父目录默认保留）,目录概览,父目录概览；不作整目录删除授权,E:/projects/codex/.agent-work/aether/workspace-support/pc-p4-registry-process-green,,,44,16041752,失去可重现的旧测试状态；正式原始日志及当前未解失败/Unknown关联证据保留,父目录可能含已安装依赖、运行数据、私密配置或失败证据；不能随缓存子项删除,只允许A/B组列出的精确子项；其他内容另查消费者、运行绑定与恢复价值,保留父目录；本行与精确子项有包含关系，容量/文件数不能累加,全量枚举已完成；父目录不在默认删除范围
EXT-DIR-301,O 外部目录全量概览,需要确认（父目录默认保留）,目录概览,父目录概览；不作整目录删除授权,E:/projects/codex/.agent-work/aether/workspace-support/pc-p4-registry-recovery-stories-corrected,,,257,152070175,失去可重现的旧测试状态；正式原始日志及当前未解失败/Unknown关联证据保留,父目录可能含已安装依赖、运行数据、私密配置或失败证据；不能随缓存子项删除,只允许A/B组列出的精确子项；其他内容另查消费者、运行绑定与恢复价值,保留父目录；本行与精确子项有包含关系，容量/文件数不能累加,全量枚举已完成；父目录不在默认删除范围
EXT-DIR-302,O 外部目录全量概览,需要确认（父目录默认保留）,目录概览,父目录概览；不作整目录删除授权,E:/projects/codex/.agent-work/aether/workspace-support/pc-p4-registry-unit-initial,,,5,20124,失去可重现的旧测试状态；正式原始日志及当前未解失败/Unknown关联证据保留,父目录可能含已安装依赖、运行数据、私密配置或失败证据；不能随缓存子项删除,只允许A/B组列出的精确子项；其他内容另查消费者、运行绑定与恢复价值,保留父目录；本行与精确子项有包含关系，容量/文件数不能累加,全量枚举已完成；父目录不在默认删除范围
EXT-DIR-303,O 外部目录全量概览,需要确认（父目录默认保留）,目录概览,父目录概览；不作整目录删除授权,E:/projects/codex/.agent-work/aether/workspace-support/pc-p4-registry-unknown-effects-green,,,77,3795685,失去可重现的旧测试状态；正式原始日志及当前未解失败/Unknown关联证据保留,父目录可能含已安装依赖、运行数据、私密配置或失败证据；不能随缓存子项删除,只允许A/B组列出的精确子项；其他内容另查消费者、运行绑定与恢复价值,保留父目录；本行与精确子项有包含关系，容量/文件数不能累加,全量枚举已完成；父目录不在默认删除范围
EXT-DIR-304,O 外部目录全量概览,需要确认（父目录默认保留）,目录概览,父目录概览；不作整目录删除授权,E:/projects/codex/.agent-work/aether/workspace-support/pc-p4-registry-unknown-effects-red,,,27,1487957,失去可重现的旧测试状态；正式原始日志及当前未解失败/Unknown关联证据保留,父目录可能含已安装依赖、运行数据、私密配置或失败证据；不能随缓存子项删除,只允许A/B组列出的精确子项；其他内容另查消费者、运行绑定与恢复价值,保留父目录；本行与精确子项有包含关系，容量/文件数不能累加,全量枚举已完成；父目录不在默认删除范围
EXT-DIR-305,O 外部目录全量概览,需要确认（父目录默认保留）,目录概览,父目录概览；不作整目录删除授权,E:/projects/codex/.agent-work/aether/workspace-support/pc-p4-state-fault-boundaries,,,120,111090853,失去可重现的旧测试状态；正式原始日志及当前未解失败/Unknown关联证据保留,父目录可能含已安装依赖、运行数据、私密配置或失败证据；不能随缓存子项删除,只允许A/B组列出的精确子项；其他内容另查消费者、运行绑定与恢复价值,保留父目录；本行与精确子项有包含关系，容量/文件数不能累加,全量枚举已完成；父目录不在默认删除范围
EXT-DIR-306,O 外部目录全量概览,需要确认（父目录默认保留）,目录概览,父目录概览；不作整目录删除授权,E:/projects/codex/.agent-work/aether/workspace-support/pc-p4-state-final-regression,,,1619,327859694,失去可重现的旧测试状态；正式原始日志及当前未解失败/Unknown关联证据保留,父目录可能含已安装依赖、运行数据、私密配置或失败证据；不能随缓存子项删除,只允许A/B组列出的精确子项；其他内容另查消费者、运行绑定与恢复价值,保留父目录；本行与精确子项有包含关系，容量/文件数不能累加,全量枚举已完成；父目录不在默认删除范围
EXT-DIR-307,O 外部目录全量概览,需要确认（父目录默认保留）,目录概览,父目录概览；不作整目录删除授权,E:/projects/codex/.agent-work/aether/workspace-support/pc-p4-state-input-race-diagnostic,,,7,840936,失去可重现的旧测试状态；正式原始日志及当前未解失败/Unknown关联证据保留,父目录可能含已安装依赖、运行数据、私密配置或失败证据；不能随缓存子项删除,只允许A/B组列出的精确子项；其他内容另查消费者、运行绑定与恢复价值,保留父目录；本行与精确子项有包含关系，容量/文件数不能累加,全量枚举已完成；父目录不在默认删除范围
EXT-DIR-308,O 外部目录全量概览,需要确认（父目录默认保留）,目录概览,父目录概览；不作整目录删除授权,E:/projects/codex/.agent-work/aether/workspace-support/pc-p4-state-input-race-evidence,,,8,841279,失去可重现的旧测试状态；正式原始日志及当前未解失败/Unknown关联证据保留,父目录可能含已安装依赖、运行数据、私密配置或失败证据；不能随缓存子项删除,只允许A/B组列出的精确子项；其他内容另查消费者、运行绑定与恢复价值,保留父目录；本行与精确子项有包含关系，容量/文件数不能累加,全量枚举已完成；父目录不在默认删除范围
EXT-DIR-309,O 外部目录全量概览,需要确认（父目录默认保留）,目录概览,父目录概览；不作整目录删除授权,E:/projects/codex/.agent-work/aether/workspace-support/pc-p4-state-input-race-evidence-r1,,,8,841282,失去可重现的旧测试状态；正式原始日志及当前未解失败/Unknown关联证据保留,父目录可能含已安装依赖、运行数据、私密配置或失败证据；不能随缓存子项删除,只允许A/B组列出的精确子项；其他内容另查消费者、运行绑定与恢复价值,保留父目录；本行与精确子项有包含关系，容量/文件数不能累加,全量枚举已完成；父目录不在默认删除范围
EXT-DIR-310,O 外部目录全量概览,需要确认（父目录默认保留）,目录概览,父目录概览；不作整目录删除授权,E:/projects/codex/.agent-work/aether/workspace-support/pc-p4-state-input-race-evidence-r2,,,8,837186,失去可重现的旧测试状态；正式原始日志及当前未解失败/Unknown关联证据保留,父目录可能含已安装依赖、运行数据、私密配置或失败证据；不能随缓存子项删除,只允许A/B组列出的精确子项；其他内容另查消费者、运行绑定与恢复价值,保留父目录；本行与精确子项有包含关系，容量/文件数不能累加,全量枚举已完成；父目录不在默认删除范围
EXT-DIR-311,O 外部目录全量概览,需要确认（父目录默认保留）,目录概览,父目录概览；不作整目录删除授权,E:/projects/codex/.agent-work/aether/workspace-support/pc-p4-state-input-race-evidence-r3,,,8,841282,失去可重现的旧测试状态；正式原始日志及当前未解失败/Unknown关联证据保留,父目录可能含已安装依赖、运行数据、私密配置或失败证据；不能随缓存子项删除,只允许A/B组列出的精确子项；其他内容另查消费者、运行绑定与恢复价值,保留父目录；本行与精确子项有包含关系，容量/文件数不能累加,全量枚举已完成；父目录不在默认删除范围
EXT-DIR-312,O 外部目录全量概览,需要确认（父目录默认保留）,目录概览,父目录概览；不作整目录删除授权,E:/projects/codex/.agent-work/aether/workspace-support/pc-p4-state-input-race-evidence-r4,,,8,841282,失去可重现的旧测试状态；正式原始日志及当前未解失败/Unknown关联证据保留,父目录可能含已安装依赖、运行数据、私密配置或失败证据；不能随缓存子项删除,只允许A/B组列出的精确子项；其他内容另查消费者、运行绑定与恢复价值,保留父目录；本行与精确子项有包含关系，容量/文件数不能累加,全量枚举已完成；父目录不在默认删除范围
EXT-DIR-313,O 外部目录全量概览,需要确认（父目录默认保留）,目录概览,父目录概览；不作整目录删除授权,E:/projects/codex/.agent-work/aether/workspace-support/pc-p4-state-input-race-evidence-r5,,,8,837186,失去可重现的旧测试状态；正式原始日志及当前未解失败/Unknown关联证据保留,父目录可能含已安装依赖、运行数据、私密配置或失败证据；不能随缓存子项删除,只允许A/B组列出的精确子项；其他内容另查消费者、运行绑定与恢复价值,保留父目录；本行与精确子项有包含关系，容量/文件数不能累加,全量枚举已完成；父目录不在默认删除范围
EXT-DIR-314,O 外部目录全量概览,需要确认（父目录默认保留）,目录概览,父目录概览；不作整目录删除授权,E:/projects/codex/.agent-work/aether/workspace-support/pc-p4-state-process-stories,,,207,183255845,失去可重现的旧测试状态；正式原始日志及当前未解失败/Unknown关联证据保留,父目录可能含已安装依赖、运行数据、私密配置或失败证据；不能随缓存子项删除,只允许A/B组列出的精确子项；其他内容另查消费者、运行绑定与恢复价值,保留父目录；本行与精确子项有包含关系，容量/文件数不能累加,全量枚举已完成；父目录不在默认删除范围
EXT-DIR-315,O 外部目录全量概览,需要确认（父目录默认保留）,目录概览,父目录概览；不作整目录删除授权,E:/projects/codex/.agent-work/aether/workspace-support/pc-p4-state-stories-default-policy,,,82,94809005,失去可重现的旧测试状态；正式原始日志及当前未解失败/Unknown关联证据保留,父目录可能含已安装依赖、运行数据、私密配置或失败证据；不能随缓存子项删除,只允许A/B组列出的精确子项；其他内容另查消费者、运行绑定与恢复价值,保留父目录；本行与精确子项有包含关系，容量/文件数不能累加,全量枚举已完成；父目录不在默认删除范围
EXT-DIR-316,O 外部目录全量概览,需要确认（父目录默认保留）,目录概览,父目录概览；不作整目录删除授权,E:/projects/codex/.agent-work/aether/workspace-support/pc-p4-state-stories-initial,,,113,112170976,失去可重现的旧测试状态；正式原始日志及当前未解失败/Unknown关联证据保留,父目录可能含已安装依赖、运行数据、私密配置或失败证据；不能随缓存子项删除,只允许A/B组列出的精确子项；其他内容另查消费者、运行绑定与恢复价值,保留父目录；本行与精确子项有包含关系，容量/文件数不能累加,全量枚举已完成；父目录不在默认删除范围
EXT-DIR-317,O 外部目录全量概览,需要确认（父目录默认保留）,目录概览,父目录概览；不作整目录删除授权,E:/projects/codex/.agent-work/aether/workspace-support/pc-p4-state-transport-initial,,,20,14835187,失去可重现的旧测试状态；正式原始日志及当前未解失败/Unknown关联证据保留,父目录可能含已安装依赖、运行数据、私密配置或失败证据；不能随缓存子项删除,只允许A/B组列出的精确子项；其他内容另查消费者、运行绑定与恢复价值,保留父目录；本行与精确子项有包含关系，容量/文件数不能累加,全量枚举已完成；父目录不在默认删除范围
EXT-DIR-318,O 外部目录全量概览,需要确认（父目录默认保留）,目录概览,父目录概览；不作整目录删除授权,E:/projects/codex/.agent-work/aether/workspace-support/pc-p4-state-transport-red,,,20,13946351,失去可重现的旧测试状态；正式原始日志及当前未解失败/Unknown关联证据保留,父目录可能含已安装依赖、运行数据、私密配置或失败证据；不能随缓存子项删除,只允许A/B组列出的精确子项；其他内容另查消费者、运行绑定与恢复价值,保留父目录；本行与精确子项有包含关系，容量/文件数不能累加,全量枚举已完成；父目录不在默认删除范围
EXT-DIR-319,O 外部目录全量概览,需要确认（父目录默认保留）,目录概览,父目录概览；不作整目录删除授权,E:/projects/codex/.agent-work/aether/workspace-support/pc-p4-transfer-boundaries-01,,,147,6312097,失去可重现的旧测试状态；正式原始日志及当前未解失败/Unknown关联证据保留,父目录可能含已安装依赖、运行数据、私密配置或失败证据；不能随缓存子项删除,只允许A/B组列出的精确子项；其他内容另查消费者、运行绑定与恢复价值,保留父目录；本行与精确子项有包含关系，容量/文件数不能累加,全量枚举已完成；父目录不在默认删除范围
EXT-DIR-320,O 外部目录全量概览,需要确认（父目录默认保留）,目录概览,父目录概览；不作整目录删除授权,E:/projects/codex/.agent-work/aether/workspace-support/pc-p4-transfer-client-initial-01,,,12,1767618,失去可重现的旧测试状态；正式原始日志及当前未解失败/Unknown关联证据保留,父目录可能含已安装依赖、运行数据、私密配置或失败证据；不能随缓存子项删除,只允许A/B组列出的精确子项；其他内容另查消费者、运行绑定与恢复价值,保留父目录；本行与精确子项有包含关系，容量/文件数不能累加,全量枚举已完成；父目录不在默认删除范围
EXT-DIR-321,O 外部目录全量概览,需要确认（父目录默认保留）,目录概览,父目录概览；不作整目录删除授权,E:/projects/codex/.agent-work/aether/workspace-support/pc-p4-transfer-client-red-01,,,12,1702078,失去可重现的旧测试状态；正式原始日志及当前未解失败/Unknown关联证据保留,父目录可能含已安装依赖、运行数据、私密配置或失败证据；不能随缓存子项删除,只允许A/B组列出的精确子项；其他内容另查消费者、运行绑定与恢复价值,保留父目录；本行与精确子项有包含关系，容量/文件数不能累加,全量枚举已完成；父目录不在默认删除范围
EXT-DIR-322,O 外部目录全量概览,需要确认（父目录默认保留）,目录概览,父目录概览；不作整目录删除授权,E:/projects/codex/.agent-work/aether/workspace-support/pc-p4-transfer-core-initial-01,,,62,2797390,失去可重现的旧测试状态；正式原始日志及当前未解失败/Unknown关联证据保留,父目录可能含已安装依赖、运行数据、私密配置或失败证据；不能随缓存子项删除,只允许A/B组列出的精确子项；其他内容另查消费者、运行绑定与恢复价值,保留父目录；本行与精确子项有包含关系，容量/文件数不能累加,全量枚举已完成；父目录不在默认删除范围
EXT-DIR-323,O 外部目录全量概览,需要确认（父目录默认保留）,目录概览,父目录概览；不作整目录删除授权,E:/projects/codex/.agent-work/aether/workspace-support/pc-p4-transfer-core-red-01,,,52,2418580,失去可重现的旧测试状态；正式原始日志及当前未解失败/Unknown关联证据保留,父目录可能含已安装依赖、运行数据、私密配置或失败证据；不能随缓存子项删除,只允许A/B组列出的精确子项；其他内容另查消费者、运行绑定与恢复价值,保留父目录；本行与精确子项有包含关系，容量/文件数不能累加,全量枚举已完成；父目录不在默认删除范围
EXT-DIR-324,O 外部目录全量概览,需要确认（父目录默认保留）,目录概览,父目录概览；不作整目录删除授权,E:/projects/codex/.agent-work/aether/workspace-support/pc-p4-transfer-evidence-green-01,,,12,875468,失去可重现的旧测试状态；正式原始日志及当前未解失败/Unknown关联证据保留,父目录可能含已安装依赖、运行数据、私密配置或失败证据；不能随缓存子项删除,只允许A/B组列出的精确子项；其他内容另查消费者、运行绑定与恢复价值,保留父目录；本行与精确子项有包含关系，容量/文件数不能累加,全量枚举已完成；父目录不在默认删除范围
EXT-DIR-325,O 外部目录全量概览,需要确认（父目录默认保留）,目录概览,父目录概览；不作整目录删除授权,E:/projects/codex/.agent-work/aether/workspace-support/pc-p4-transfer-evidence-red-01,,,2,4608,失去可重现的旧测试状态；正式原始日志及当前未解失败/Unknown关联证据保留,父目录可能含已安装依赖、运行数据、私密配置或失败证据；不能随缓存子项删除,只允许A/B组列出的精确子项；其他内容另查消费者、运行绑定与恢复价值,保留父目录；本行与精确子项有包含关系，容量/文件数不能累加,全量枚举已完成；父目录不在默认删除范围
EXT-DIR-326,O 外部目录全量概览,需要确认（父目录默认保留）,目录概览,父目录概览；不作整目录删除授权,E:/projects/codex/.agent-work/aether/workspace-support/pc-p4-transfer-evidence-red-02,,,9,849802,失去可重现的旧测试状态；正式原始日志及当前未解失败/Unknown关联证据保留,父目录可能含已安装依赖、运行数据、私密配置或失败证据；不能随缓存子项删除,只允许A/B组列出的精确子项；其他内容另查消费者、运行绑定与恢复价值,保留父目录；本行与精确子项有包含关系，容量/文件数不能累加,全量枚举已完成；父目录不在默认删除范围
EXT-DIR-327,O 外部目录全量概览,需要确认（父目录默认保留）,目录概览,父目录概览；不作整目录删除授权,E:/projects/codex/.agent-work/aether/workspace-support/pc-p4-transfer-hold-red-01,,,12,1022140,失去可重现的旧测试状态；正式原始日志及当前未解失败/Unknown关联证据保留,父目录可能含已安装依赖、运行数据、私密配置或失败证据；不能随缓存子项删除,只允许A/B组列出的精确子项；其他内容另查消费者、运行绑定与恢复价值,保留父目录；本行与精确子项有包含关系，容量/文件数不能累加,全量枚举已完成；父目录不在默认删除范围
EXT-DIR-328,O 外部目录全量概览,需要确认（父目录默认保留）,目录概览,父目录概览；不作整目录删除授权,E:/projects/codex/.agent-work/aether/workspace-support/pc-p4-transfer-races-01,,,310,12491345,失去可重现的旧测试状态；正式原始日志及当前未解失败/Unknown关联证据保留,父目录可能含已安装依赖、运行数据、私密配置或失败证据；不能随缓存子项删除,只允许A/B组列出的精确子项；其他内容另查消费者、运行绑定与恢复价值,保留父目录；本行与精确子项有包含关系，容量/文件数不能累加,全量枚举已完成；父目录不在默认删除范围
EXT-DIR-329,O 外部目录全量概览,需要确认（父目录默认保留）,目录概览,父目录概览；不作整目录删除授权,E:/projects/codex/.agent-work/aether/workspace-support/pc-p4-transfer-regression-01,,,1424,387243262,失去可重现的旧测试状态；正式原始日志及当前未解失败/Unknown关联证据保留,父目录可能含已安装依赖、运行数据、私密配置或失败证据；不能随缓存子项删除,只允许A/B组列出的精确子项；其他内容另查消费者、运行绑定与恢复价值,保留父目录；本行与精确子项有包含关系，容量/文件数不能累加,全量枚举已完成；父目录不在默认删除范围
EXT-DIR-330,O 外部目录全量概览,需要确认（父目录默认保留）,目录概览,父目录概览；不作整目录删除授权,E:/projects/codex/.agent-work/aether/workspace-support/pc-p4-transfer-state-fixture-01,,,32,1722413,失去可重现的旧测试状态；正式原始日志及当前未解失败/Unknown关联证据保留,父目录可能含已安装依赖、运行数据、私密配置或失败证据；不能随缓存子项删除,只允许A/B组列出的精确子项；其他内容另查消费者、运行绑定与恢复价值,保留父目录；本行与精确子项有包含关系，容量/文件数不能累加,全量枚举已完成；父目录不在默认删除范围
EXT-DIR-331,O 外部目录全量概览,需要确认（父目录默认保留）,目录概览,父目录概览；不作整目录删除授权,E:/projects/codex/.agent-work/aether/workspace-support/pc-pending-recall-bootstrap-red,,,7,804070,失去可重现的旧测试状态；正式原始日志及当前未解失败/Unknown关联证据保留,父目录可能含已安装依赖、运行数据、私密配置或失败证据；不能随缓存子项删除,只允许A/B组列出的精确子项；其他内容另查消费者、运行绑定与恢复价值,保留父目录；本行与精确子项有包含关系，容量/文件数不能累加,全量枚举已完成；父目录不在默认删除范围
EXT-DIR-332,O 外部目录全量概览,需要确认（父目录默认保留）,目录概览,父目录概览；不作整目录删除授权,E:/projects/codex/.agent-work/aether/workspace-support/pc-results-states-final-regression,,,1522,247625399,失去可重现的旧测试状态；正式原始日志及当前未解失败/Unknown关联证据保留,父目录可能含已安装依赖、运行数据、私密配置或失败证据；不能随缓存子项删除,只允许A/B组列出的精确子项；其他内容另查消费者、运行绑定与恢复价值,保留父目录；本行与精确子项有包含关系，容量/文件数不能累加,全量枚举已完成；父目录不在默认删除范围
EXT-DIR-333,O 外部目录全量概览,需要确认（父目录默认保留）,目录概览,父目录概览；不作整目录删除授权,E:/projects/codex/.agent-work/aether/workspace-support/pc-server-http-confirmation-targeted,,,228,25545205,失去可重现的旧测试状态；正式原始日志及当前未解失败/Unknown关联证据保留,父目录可能含已安装依赖、运行数据、私密配置或失败证据；不能随缓存子项删除,只允许A/B组列出的精确子项；其他内容另查消费者、运行绑定与恢复价值,保留父目录；本行与精确子项有包含关系，容量/文件数不能累加,全量枚举已完成；父目录不在默认删除范围
EXT-DIR-334,O 外部目录全量概览,需要确认（父目录默认保留）,目录概览,父目录概览；不作整目录删除授权,E:/projects/codex/.agent-work/aether/workspace-support/pc-server-http-evidence-and-restart-green,,,124,13684169,失去可重现的旧测试状态；正式原始日志及当前未解失败/Unknown关联证据保留,父目录可能含已安装依赖、运行数据、私密配置或失败证据；不能随缓存子项删除,只允许A/B组列出的精确子项；其他内容另查消费者、运行绑定与恢复价值,保留父目录；本行与精确子项有包含关系，容量/文件数不能累加,全量枚举已完成；父目录不在默认删除范围
EXT-DIR-335,O 外部目录全量概览,需要确认（父目录默认保留）,目录概览,父目录概览；不作整目录删除授权,E:/projects/codex/.agent-work/aether/workspace-support/pc-server-http-evidence-green-initial,,,104,13821681,失去可重现的旧测试状态；正式原始日志及当前未解失败/Unknown关联证据保留,父目录可能含已安装依赖、运行数据、私密配置或失败证据；不能随缓存子项删除,只允许A/B组列出的精确子项；其他内容另查消费者、运行绑定与恢复价值,保留父目录；本行与精确子项有包含关系，容量/文件数不能累加,全量枚举已完成；父目录不在默认删除范围
EXT-DIR-336,O 外部目录全量概览,需要确认（父目录默认保留）,目录概览,父目录概览；不作整目录删除授权,E:/projects/codex/.agent-work/aether/workspace-support/pc-server-http-evidence-red,,,88,9839278,失去可重现的旧测试状态；正式原始日志及当前未解失败/Unknown关联证据保留,父目录可能含已安装依赖、运行数据、私密配置或失败证据；不能随缓存子项删除,只允许A/B组列出的精确子项；其他内容另查消费者、运行绑定与恢复价值,保留父目录；本行与精确子项有包含关系，容量/文件数不能累加,全量枚举已完成；父目录不在默认删除范围
EXT-DIR-337,O 外部目录全量概览,需要确认（父目录默认保留）,目录概览,父目录概览；不作整目录删除授权,E:/projects/codex/.agent-work/aether/workspace-support/pc-t01-occurrence-contract,,,11,5419462,失去可重现的旧测试状态；正式原始日志及当前未解失败/Unknown关联证据保留,父目录可能含已安装依赖、运行数据、私密配置或失败证据；不能随缓存子项删除,只允许A/B组列出的精确子项；其他内容另查消费者、运行绑定与恢复价值,保留父目录；本行与精确子项有包含关系，容量/文件数不能累加,全量枚举已完成；父目录不在默认删除范围
EXT-DIR-338,O 外部目录全量概览,需要确认（父目录默认保留）,目录概览,父目录概览；不作整目录删除授权,E:/projects/codex/.agent-work/aether/workspace-support/pc-t01-occurrence-green,,,12,5145045,失去可重现的旧测试状态；正式原始日志及当前未解失败/Unknown关联证据保留,父目录可能含已安装依赖、运行数据、私密配置或失败证据；不能随缓存子项删除,只允许A/B组列出的精确子项；其他内容另查消费者、运行绑定与恢复价值,保留父目录；本行与精确子项有包含关系，容量/文件数不能累加,全量枚举已完成；父目录不在默认删除范围
EXT-DIR-339,O 外部目录全量概览,需要确认（父目录默认保留）,目录概览,父目录概览；不作整目录删除授权,E:/projects/codex/.agent-work/aether/workspace-support/pc-t01-p4-chain,,,111,76878873,失去可重现的旧测试状态；正式原始日志及当前未解失败/Unknown关联证据保留,父目录可能含已安装依赖、运行数据、私密配置或失败证据；不能随缓存子项删除,只允许A/B组列出的精确子项；其他内容另查消费者、运行绑定与恢复价值,保留父目录；本行与精确子项有包含关系，容量/文件数不能累加,全量枚举已完成；父目录不在默认删除范围
EXT-DIR-340,O 外部目录全量概览,需要确认（父目录默认保留）,目录概览,父目录概览；不作整目录删除授权,E:/projects/codex/.agent-work/aether/workspace-support/pc-t01-provider-races,,,28,7465617,失去可重现的旧测试状态；正式原始日志及当前未解失败/Unknown关联证据保留,父目录可能含已安装依赖、运行数据、私密配置或失败证据；不能随缓存子项删除,只允许A/B组列出的精确子项；其他内容另查消费者、运行绑定与恢复价值,保留父目录；本行与精确子项有包含关系，容量/文件数不能累加,全量枚举已完成；父目录不在默认删除范围
EXT-DIR-341,O 外部目录全量概览,需要确认（父目录默认保留）,目录概览,父目录概览；不作整目录删除授权,E:/projects/codex/.agent-work/aether/workspace-support/pc-t02-worker-green,,,34,1791432,失去可重现的旧测试状态；正式原始日志及当前未解失败/Unknown关联证据保留,父目录可能含已安装依赖、运行数据、私密配置或失败证据；不能随缓存子项删除,只允许A/B组列出的精确子项；其他内容另查消费者、运行绑定与恢复价值,保留父目录；本行与精确子项有包含关系，容量/文件数不能累加,全量枚举已完成；父目录不在默认删除范围
EXT-DIR-342,O 外部目录全量概览,需要确认（父目录默认保留）,目录概览,父目录概览；不作整目录删除授权,E:/projects/codex/.agent-work/aether/workspace-support/pc-t02-worker-red,,,16,1370677,失去可重现的旧测试状态；正式原始日志及当前未解失败/Unknown关联证据保留,父目录可能含已安装依赖、运行数据、私密配置或失败证据；不能随缓存子项删除,只允许A/B组列出的精确子项；其他内容另查消费者、运行绑定与恢复价值,保留父目录；本行与精确子项有包含关系，容量/文件数不能累加,全量枚举已完成；父目录不在默认删除范围
EXT-DIR-343,O 外部目录全量概览,需要确认（父目录默认保留）,目录概览,父目录概览；不作整目录删除授权,E:/projects/codex/.agent-work/aether/workspace-support/pc-t03-cross-worker-corrected,,,5,864521,失去可重现的旧测试状态；正式原始日志及当前未解失败/Unknown关联证据保留,父目录可能含已安装依赖、运行数据、私密配置或失败证据；不能随缓存子项删除,只允许A/B组列出的精确子项；其他内容另查消费者、运行绑定与恢复价值,保留父目录；本行与精确子项有包含关系，容量/文件数不能累加,全量枚举已完成；父目录不在默认删除范围
EXT-DIR-344,O 外部目录全量概览,需要确认（父目录默认保留）,目录概览,父目录概览；不作整目录删除授权,E:/projects/codex/.agent-work/aether/workspace-support/pc-t03-cross-worker-first,,,2,667909,失去可重现的旧测试状态；正式原始日志及当前未解失败/Unknown关联证据保留,父目录可能含已安装依赖、运行数据、私密配置或失败证据；不能随缓存子项删除,只允许A/B组列出的精确子项；其他内容另查消费者、运行绑定与恢复价值,保留父目录；本行与精确子项有包含关系，容量/文件数不能累加,全量枚举已完成；父目录不在默认删除范围
EXT-DIR-345,O 外部目录全量概览,需要确认（父目录默认保留）,目录概览,父目录概览；不作整目录删除授权,E:/projects/codex/.agent-work/aether/workspace-support/pc-t03-cross-worker-isolated,,,5,831752,失去可重现的旧测试状态；正式原始日志及当前未解失败/Unknown关联证据保留,父目录可能含已安装依赖、运行数据、私密配置或失败证据；不能随缓存子项删除,只允许A/B组列出的精确子项；其他内容另查消费者、运行绑定与恢复价值,保留父目录；本行与精确子项有包含关系，容量/文件数不能累加,全量枚举已完成；父目录不在默认删除范围
EXT-DIR-346,O 外部目录全量概览,需要确认（父目录默认保留）,目录概览,父目录概览；不作整目录删除授权,E:/projects/codex/.agent-work/aether/workspace-support/pc-t03-guard-red,,,2,90112,失去可重现的旧测试状态；正式原始日志及当前未解失败/Unknown关联证据保留,父目录可能含已安装依赖、运行数据、私密配置或失败证据；不能随缓存子项删除,只允许A/B组列出的精确子项；其他内容另查消费者、运行绑定与恢复价值,保留父目录；本行与精确子项有包含关系，容量/文件数不能累加,全量枚举已完成；父目录不在默认删除范围
EXT-DIR-347,O 外部目录全量概览,需要确认（父目录默认保留）,目录概览,父目录概览；不作整目录删除授权,E:/projects/codex/.agent-work/aether/workspace-support/pc-t03-hydration-safety-corrected,,,9,331788,失去可重现的旧测试状态；正式原始日志及当前未解失败/Unknown关联证据保留,父目录可能含已安装依赖、运行数据、私密配置或失败证据；不能随缓存子项删除,只允许A/B组列出的精确子项；其他内容另查消费者、运行绑定与恢复价值,保留父目录；本行与精确子项有包含关系，容量/文件数不能累加,全量枚举已完成；父目录不在默认删除范围
EXT-DIR-348,O 外部目录全量概览,需要确认（父目录默认保留）,目录概览,父目录概览；不作整目录删除授权,E:/projects/codex/.agent-work/aether/workspace-support/pc-t03-hydration-safety-red,,,1,19,失去可重现的旧测试状态；正式原始日志及当前未解失败/Unknown关联证据保留,父目录可能含已安装依赖、运行数据、私密配置或失败证据；不能随缓存子项删除,只允许A/B组列出的精确子项；其他内容另查消费者、运行绑定与恢复价值,保留父目录；本行与精确子项有包含关系，容量/文件数不能累加,全量枚举已完成；父目录不在默认删除范围
EXT-DIR-349,O 外部目录全量概览,需要确认（父目录默认保留）,目录概览,父目录概览；不作整目录删除授权,E:/projects/codex/.agent-work/aether/workspace-support/pc-t03-input-green,,,62,3450993,失去可重现的旧测试状态；正式原始日志及当前未解失败/Unknown关联证据保留,父目录可能含已安装依赖、运行数据、私密配置或失败证据；不能随缓存子项删除,只允许A/B组列出的精确子项；其他内容另查消费者、运行绑定与恢复价值,保留父目录；本行与精确子项有包含关系，容量/文件数不能累加,全量枚举已完成；父目录不在默认删除范围
EXT-DIR-350,O 外部目录全量概览,需要确认（父目录默认保留）,目录概览,父目录概览；不作整目录删除授权,E:/projects/codex/.agent-work/aether/workspace-support/pc-t03-input-red,,,16,475136,失去可重现的旧测试状态；正式原始日志及当前未解失败/Unknown关联证据保留,父目录可能含已安装依赖、运行数据、私密配置或失败证据；不能随缓存子项删除,只允许A/B组列出的精确子项；其他内容另查消费者、运行绑定与恢复价值,保留父目录；本行与精确子项有包含关系，容量/文件数不能累加,全量枚举已完成；父目录不在默认删除范围
EXT-DIR-351,O 外部目录全量概览,需要确认（父目录默认保留）,目录概览,父目录概览；不作整目录删除授权,E:/projects/codex/.agent-work/aether/workspace-support/pc-t03-metadata-regression,,,358,84208534,失去可重现的旧测试状态；正式原始日志及当前未解失败/Unknown关联证据保留,父目录可能含已安装依赖、运行数据、私密配置或失败证据；不能随缓存子项删除,只允许A/B组列出的精确子项；其他内容另查消费者、运行绑定与恢复价值,保留父目录；本行与精确子项有包含关系，容量/文件数不能累加,全量枚举已完成；父目录不在默认删除范围
EXT-DIR-352,O 外部目录全量概览,需要确认（父目录默认保留）,目录概览,父目录概览；不作整目录删除授权,E:/projects/codex/.agent-work/aether/workspace-support/pc-t03-pg-body-first,,,5,151564,失去可重现的旧测试状态；正式原始日志及当前未解失败/Unknown关联证据保留,父目录可能含已安装依赖、运行数据、私密配置或失败证据；不能随缓存子项删除,只允许A/B组列出的精确子项；其他内容另查消费者、运行绑定与恢复价值,保留父目录；本行与精确子项有包含关系，容量/文件数不能累加,全量枚举已完成；父目录不在默认删除范围
EXT-DIR-353,O 外部目录全量概览,需要确认（父目录默认保留）,目录概览,父目录概览；不作整目录删除授权,E:/projects/codex/.agent-work/aether/workspace-support/pc-t03-pg-body-green,,,7,241676,失去可重现的旧测试状态；正式原始日志及当前未解失败/Unknown关联证据保留,父目录可能含已安装依赖、运行数据、私密配置或失败证据；不能随缓存子项删除,只允许A/B组列出的精确子项；其他内容另查消费者、运行绑定与恢复价值,保留父目录；本行与精确子项有包含关系，容量/文件数不能累加,全量枚举已完成；父目录不在默认删除范围
EXT-DIR-354,O 外部目录全量概览,需要确认（父目录默认保留）,目录概览,父目录概览；不作整目录删除授权,E:/projects/codex/.agent-work/aether/workspace-support/pc-t03-pg-periodic-clock,,,7,971012,失去可重现的旧测试状态；正式原始日志及当前未解失败/Unknown关联证据保留,父目录可能含已安装依赖、运行数据、私密配置或失败证据；不能随缓存子项删除,只允许A/B组列出的精确子项；其他内容另查消费者、运行绑定与恢复价值,保留父目录；本行与精确子项有包含关系，容量/文件数不能累加,全量枚举已完成；父目录不在默认删除范围
EXT-DIR-355,O 外部目录全量概览,需要确认（父目录默认保留）,目录概览,父目录概览；不作整目录删除授权,E:/projects/codex/.agent-work/aether/workspace-support/pc-t03-pg-periodic-complete,,,4,758023,失去可重现的旧测试状态；正式原始日志及当前未解失败/Unknown关联证据保留,父目录可能含已安装依赖、运行数据、私密配置或失败证据；不能随缓存子项删除,只允许A/B组列出的精确子项；其他内容另查消费者、运行绑定与恢复价值,保留父目录；本行与精确子项有包含关系，容量/文件数不能累加,全量枚举已完成；父目录不在默认删除范围
EXT-DIR-356,O 外部目录全量概览,需要确认（父目录默认保留）,目录概览,父目录概览；不作整目录删除授权,E:/projects/codex/.agent-work/aether/workspace-support/pc-t03-pg-periodic-corrected,,,6,925960,失去可重现的旧测试状态；正式原始日志及当前未解失败/Unknown关联证据保留,父目录可能含已安装依赖、运行数据、私密配置或失败证据；不能随缓存子项删除,只允许A/B组列出的精确子项；其他内容另查消费者、运行绑定与恢复价值,保留父目录；本行与精确子项有包含关系，容量/文件数不能累加,全量枚举已完成；父目录不在默认删除范围
EXT-DIR-357,O 外部目录全量概览,需要确认（父目录默认保留）,目录概览,父目录概览；不作整目录删除授权,E:/projects/codex/.agent-work/aether/workspace-support/pc-t03-pg-periodic-first,,,6,925956,失去可重现的旧测试状态；正式原始日志及当前未解失败/Unknown关联证据保留,父目录可能含已安装依赖、运行数据、私密配置或失败证据；不能随缓存子项删除,只允许A/B组列出的精确子项；其他内容另查消费者、运行绑定与恢复价值,保留父目录；本行与精确子项有包含关系，容量/文件数不能累加,全量枚举已完成；父目录不在默认删除范围
EXT-DIR-358,O 外部目录全量概览,需要确认（父目录默认保留）,目录概览,父目录概览；不作整目录删除授权,E:/projects/codex/.agent-work/aether/workspace-support/pc-t03-pg-periodic-green,,,4,758020,失去可重现的旧测试状态；正式原始日志及当前未解失败/Unknown关联证据保留,父目录可能含已安装依赖、运行数据、私密配置或失败证据；不能随缓存子项删除,只允许A/B组列出的精确子项；其他内容另查消费者、运行绑定与恢复价值,保留父目录；本行与精确子项有包含关系，容量/文件数不能累加,全量枚举已完成；父目录不在默认删除范围
EXT-DIR-359,O 外部目录全量概览,需要确认（父目录默认保留）,目录概览,父目录概览；不作整目录删除授权,E:/projects/codex/.agent-work/aether/workspace-support/pc-t03-pg-periodic-receipt,,,4,758022,失去可重现的旧测试状态；正式原始日志及当前未解失败/Unknown关联证据保留,父目录可能含已安装依赖、运行数据、私密配置或失败证据；不能随缓存子项删除,只允许A/B组列出的精确子项；其他内容另查消费者、运行绑定与恢复价值,保留父目录；本行与精确子项有包含关系，容量/文件数不能累加,全量枚举已完成；父目录不在默认删除范围
EXT-DIR-360,O 外部目录全量概览,需要确认（父目录默认保留）,目录概览,父目录概览；不作整目录删除授权,E:/projects/codex/.agent-work/aether/workspace-support/pc-t03-pg-periodic-wired,,,4,758020,失去可重现的旧测试状态；正式原始日志及当前未解失败/Unknown关联证据保留,父目录可能含已安装依赖、运行数据、私密配置或失败证据；不能随缓存子项删除,只允许A/B组列出的精确子项；其他内容另查消费者、运行绑定与恢复价值,保留父目录；本行与精确子项有包含关系，容量/文件数不能累加,全量枚举已完成；父目录不在默认删除范围
EXT-DIR-361,O 外部目录全量概览,需要确认（父目录默认保留）,目录概览,父目录概览；不作整目录删除授权,E:/projects/codex/.agent-work/aether/workspace-support/pc-t03-provider-green,,,21,626700,失去可重现的旧测试状态；正式原始日志及当前未解失败/Unknown关联证据保留,父目录可能含已安装依赖、运行数据、私密配置或失败证据；不能随缓存子项删除,只允许A/B组列出的精确子项；其他内容另查消费者、运行绑定与恢复价值,保留父目录；本行与精确子项有包含关系，容量/文件数不能累加,全量枚举已完成；父目录不在默认删除范围
EXT-DIR-362,O 外部目录全量概览,需要确认（父目录默认保留）,目录概览,父目录概览；不作整目录删除授权,E:/projects/codex/.agent-work/aether/workspace-support/pc-t03-provider-red,,,4,106508,失去可重现的旧测试状态；正式原始日志及当前未解失败/Unknown关联证据保留,父目录可能含已安装依赖、运行数据、私密配置或失败证据；不能随缓存子项删除,只允许A/B组列出的精确子项；其他内容另查消费者、运行绑定与恢复价值,保留父目录；本行与精确子项有包含关系，容量/文件数不能累加,全量枚举已完成；父目录不在默认删除范围
EXT-DIR-363,O 外部目录全量概览,需要确认（父目录默认保留）,目录概览,父目录概览；不作整目录删除授权,E:/projects/codex/.agent-work/aether/workspace-support/pc-t03-remote-regression,,,16,1302800,失去可重现的旧测试状态；正式原始日志及当前未解失败/Unknown关联证据保留,父目录可能含已安装依赖、运行数据、私密配置或失败证据；不能随缓存子项删除,只允许A/B组列出的精确子项；其他内容另查消费者、运行绑定与恢复价值,保留父目录；本行与精确子项有包含关系，容量/文件数不能累加,全量枚举已完成；父目录不在默认删除范围
EXT-DIR-364,O 外部目录全量概览,需要确认（父目录默认保留）,目录概览,父目录概览；不作整目录删除授权,E:/projects/codex/.agent-work/aether/workspace-support/pc-t03-temporal-corrected,,,85,10455448,失去可重现的旧测试状态；正式原始日志及当前未解失败/Unknown关联证据保留,父目录可能含已安装依赖、运行数据、私密配置或失败证据；不能随缓存子项删除,只允许A/B组列出的精确子项；其他内容另查消费者、运行绑定与恢复价值,保留父目录；本行与精确子项有包含关系，容量/文件数不能累加,全量枚举已完成；父目录不在默认删除范围
EXT-DIR-365,O 外部目录全量概览,需要确认（父目录默认保留）,目录概览,父目录概览；不作整目录删除授权,E:/projects/codex/.agent-work/aether/workspace-support/pc-t03-temporal-green,,,78,4554216,失去可重现的旧测试状态；正式原始日志及当前未解失败/Unknown关联证据保留,父目录可能含已安装依赖、运行数据、私密配置或失败证据；不能随缓存子项删除,只允许A/B组列出的精确子项；其他内容另查消费者、运行绑定与恢复价值,保留父目录；本行与精确子项有包含关系，容量/文件数不能累加,全量枚举已完成；父目录不在默认删除范围
EXT-DIR-366,O 外部目录全量概览,需要确认（父目录默认保留）,目录概览,父目录概览；不作整目录删除授权,E:/projects/codex/.agent-work/aether/workspace-support/pc-t04-interface-rerun,,,159,47063519,失去可重现的旧测试状态；正式原始日志及当前未解失败/Unknown关联证据保留,父目录可能含已安装依赖、运行数据、私密配置或失败证据；不能随缓存子项删除,只允许A/B组列出的精确子项；其他内容另查消费者、运行绑定与恢复价值,保留父目录；本行与精确子项有包含关系，容量/文件数不能累加,全量枚举已完成；父目录不在默认删除范围
EXT-DIR-367,O 外部目录全量概览,需要确认（父目录默认保留）,目录概览,父目录概览；不作整目录删除授权,E:/projects/codex/.agent-work/aether/workspace-support/pc-t05-cli-green,,,33,12167,失去可重现的旧测试状态；正式原始日志及当前未解失败/Unknown关联证据保留,父目录可能含已安装依赖、运行数据、私密配置或失败证据；不能随缓存子项删除,只允许A/B组列出的精确子项；其他内容另查消费者、运行绑定与恢复价值,保留父目录；本行与精确子项有包含关系，容量/文件数不能累加,全量枚举已完成；父目录不在默认删除范围
EXT-DIR-368,O 外部目录全量概览,需要确认（父目录默认保留）,目录概览,父目录概览；不作整目录删除授权,E:/projects/codex/.agent-work/aether/workspace-support/pc-t05-cli-red,,,4,1118,失去可重现的旧测试状态；正式原始日志及当前未解失败/Unknown关联证据保留,父目录可能含已安装依赖、运行数据、私密配置或失败证据；不能随缓存子项删除,只允许A/B组列出的精确子项；其他内容另查消费者、运行绑定与恢复价值,保留父目录；本行与精确子项有包含关系，容量/文件数不能累加,全量枚举已完成；父目录不在默认删除范围
EXT-DIR-369,O 外部目录全量概览,需要确认（父目录默认保留）,目录概览,父目录概览；不作整目录删除授权,E:/projects/codex/.agent-work/aether/workspace-support/pc-t05-fixed-green,,,86,9625990,失去可重现的旧测试状态；正式原始日志及当前未解失败/Unknown关联证据保留,父目录可能含已安装依赖、运行数据、私密配置或失败证据；不能随缓存子项删除,只允许A/B组列出的精确子项；其他内容另查消费者、运行绑定与恢复价值,保留父目录；本行与精确子项有包含关系，容量/文件数不能累加,全量枚举已完成；父目录不在默认删除范围
EXT-DIR-370,O 外部目录全量概览,需要确认（父目录默认保留）,目录概览,父目录概览；不作整目录删除授权,E:/projects/codex/.agent-work/aether/workspace-support/pc-t05-fixed-red,,,13,2719,失去可重现的旧测试状态；正式原始日志及当前未解失败/Unknown关联证据保留,父目录可能含已安装依赖、运行数据、私密配置或失败证据；不能随缓存子项删除,只允许A/B组列出的精确子项；其他内容另查消费者、运行绑定与恢复价值,保留父目录；本行与精确子项有包含关系，容量/文件数不能累加,全量枚举已完成；父目录不在默认删除范围
EXT-DIR-371,O 外部目录全量概览,需要确认（父目录默认保留）,目录概览,父目录概览；不作整目录删除授权,E:/projects/codex/.agent-work/aether/workspace-support/pc-t05-tls-green,,,39,1167425,失去可重现的旧测试状态；正式原始日志及当前未解失败/Unknown关联证据保留,父目录可能含已安装依赖、运行数据、私密配置或失败证据；不能随缓存子项删除,只允许A/B组列出的精确子项；其他内容另查消费者、运行绑定与恢复价值,保留父目录；本行与精确子项有包含关系，容量/文件数不能累加,全量枚举已完成；父目录不在默认删除范围
EXT-DIR-372,O 外部目录全量概览,需要确认（父目录默认保留）,目录概览,父目录概览；不作整目录删除授权,E:/projects/codex/.agent-work/aether/workspace-support/pc-t05-tls-red,,,5,122945,失去可重现的旧测试状态；正式原始日志及当前未解失败/Unknown关联证据保留,父目录可能含已安装依赖、运行数据、私密配置或失败证据；不能随缓存子项删除,只允许A/B组列出的精确子项；其他内容另查消费者、运行绑定与恢复价值,保留父目录；本行与精确子项有包含关系，容量/文件数不能累加,全量枚举已完成；父目录不在默认删除范围
EXT-DIR-373,O 外部目录全量概览,需要确认（父目录默认保留）,目录概览,父目录概览；不作整目录删除授权,E:/projects/codex/.agent-work/aether/workspace-support/pip-cache,,,445,202442767,工具下载cache；不影响已安装runtime,父目录可能含已安装依赖、运行数据、私密配置或失败证据；不能随缓存子项删除,只允许A/B组列出的精确子项；其他内容另查消费者、运行绑定与恢复价值,保留父目录；本行与精确子项有包含关系，容量/文件数不能累加,全量枚举已完成；父目录不在默认删除范围
EXT-DIR-374,O 外部目录全量概览,需要确认（父目录默认保留）,目录概览,父目录概览；不作整目录删除授权,E:/projects/codex/.agent-work/aether/workspace-support/prd-diagram-audit-20260922,,,2,121864,元数据已扫描；含历史证据/源码/资源/回恢复保护，不凭目录名整删，子项验证cache可单列,父目录可能含已安装依赖、运行数据、私密配置或失败证据；不能随缓存子项删除,只允许A/B组列出的精确子项；其他内容另查消费者、运行绑定与恢复价值,保留父目录；本行与精确子项有包含关系，容量/文件数不能累加,全量枚举已完成；父目录不在默认删除范围
EXT-DIR-375,O 外部目录全量概览,需要确认（父目录默认保留）,目录概览,父目录概览；不作整目录删除授权,E:/projects/codex/.agent-work/aether/workspace-support/prd-process,,,774,194823378,元数据已扫描；含历史证据/源码/资源/回恢复保护，不凭目录名整删，子项验证cache可单列,父目录可能含已安装依赖、运行数据、私密配置或失败证据；不能随缓存子项删除,只允许A/B组列出的精确子项；其他内容另查消费者、运行绑定与恢复价值,保留父目录；本行与精确子项有包含关系，容量/文件数不能累加,全量枚举已完成；父目录不在默认删除范围
EXT-DIR-376,O 外部目录全量概览,需要确认（父目录默认保留）,目录概览,父目录概览；不作整目录删除授权,E:/projects/codex/.agent-work/aether/workspace-support/prd-v13-baseline-20260920,,,20,169430,元数据已扫描；含历史证据/源码/资源/回恢复保护，不凭目录名整删，子项验证cache可单列,父目录可能含已安装依赖、运行数据、私密配置或失败证据；不能随缓存子项删除,只允许A/B组列出的精确子项；其他内容另查消费者、运行绑定与恢复价值,保留父目录；本行与精确子项有包含关系，容量/文件数不能累加,全量枚举已完成；父目录不在默认删除范围
EXT-DIR-377,O 外部目录全量概览,必须保留（允许精确缓存子项）,目录概览,父目录概览；不作整目录删除授权,E:/projects/codex/.agent-work/aether/workspace-support/production-closure-20261002-192000,,,163375,6967719975,凭据/current-p2-state/失败与原证据/可能复现需要cargo；仅独立cache候选,父目录可能含已安装依赖、运行数据、私密配置或失败证据；不能随缓存子项删除,只允许A/B组列出的精确子项；其他内容另查消费者、运行绑定与恢复价值,保留父目录；本行与精确子项有包含关系，容量/文件数不能累加,全量枚举已完成；父目录不在默认删除范围
EXT-DIR-378,O 外部目录全量概览,需要确认（父目录默认保留）,目录概览,父目录概览；不作整目录删除授权,E:/projects/codex/.agent-work/aether/workspace-support/projection-responsibility-20260922,,,1946,113091771,元数据已扫描；含历史证据/源码/资源/回恢复保护，不凭目录名整删，子项验证cache可单列,父目录可能含已安装依赖、运行数据、私密配置或失败证据；不能随缓存子项删除,只允许A/B组列出的精确子项；其他内容另查消费者、运行绑定与恢复价值,保留父目录；本行与精确子项有包含关系，容量/文件数不能累加,全量枚举已完成；父目录不在默认删除范围
EXT-DIR-379,O 外部目录全量概览,需要确认（父目录默认保留）,目录概览,父目录概览；不作整目录删除授权,E:/projects/codex/.agent-work/aether/workspace-support/pull-20260926-113349,,,2,7273,元数据已扫描；含历史证据/源码/资源/回恢复保护，不凭目录名整删，子项验证cache可单列,父目录可能含已安装依赖、运行数据、私密配置或失败证据；不能随缓存子项删除,只允许A/B组列出的精确子项；其他内容另查消费者、运行绑定与恢复价值,保留父目录；本行与精确子项有包含关系，容量/文件数不能累加,全量枚举已完成；父目录不在默认删除范围
EXT-DIR-380,O 外部目录全量概览,需要确认（父目录默认保留）,目录概览,父目录概览；不作整目录删除授权,E:/projects/codex/.agent-work/aether/workspace-support/rd_45d7201,,,252,10297788,失去可重现的旧测试状态；正式原始日志及当前未解失败/Unknown关联证据保留,父目录可能含已安装依赖、运行数据、私密配置或失败证据；不能随缓存子项删除,只允许A/B组列出的精确子项；其他内容另查消费者、运行绑定与恢复价值,保留父目录；本行与精确子项有包含关系，容量/文件数不能累加,全量枚举已完成；父目录不在默认删除范围
EXT-DIR-381,O 外部目录全量概览,需要确认（父目录默认保留）,目录概览,父目录概览；不作整目录删除授权,E:/projects/codex/.agent-work/aether/workspace-support/rd_664dbbb,,,7,845009,失去可重现的旧测试状态；正式原始日志及当前未解失败/Unknown关联证据保留,父目录可能含已安装依赖、运行数据、私密配置或失败证据；不能随缓存子项删除,只允许A/B组列出的精确子项；其他内容另查消费者、运行绑定与恢复价值,保留父目录；本行与精确子项有包含关系，容量/文件数不能累加,全量枚举已完成；父目录不在默认删除范围
EXT-DIR-382,O 外部目录全量概览,需要确认（父目录默认保留）,目录概览,父目录概览；不作整目录删除授权,E:/projects/codex/.agent-work/aether/workspace-support/rd_e0fbf55,,,7,845009,失去可重现的旧测试状态；正式原始日志及当前未解失败/Unknown关联证据保留,父目录可能含已安装依赖、运行数据、私密配置或失败证据；不能随缓存子项删除,只允许A/B组列出的精确子项；其他内容另查消费者、运行绑定与恢复价值,保留父目录；本行与精确子项有包含关系，容量/文件数不能累加,全量枚举已完成；父目录不在默认删除范围
EXT-DIR-383,O 外部目录全量概览,需要确认（父目录默认保留）,目录概览,父目录概览；不作整目录删除授权,E:/projects/codex/.agent-work/aether/workspace-support/rd_f033dc5,,,608,25419304,失去可重现的旧测试状态；正式原始日志及当前未解失败/Unknown关联证据保留,父目录可能含已安装依赖、运行数据、私密配置或失败证据；不能随缓存子项删除,只允许A/B组列出的精确子项；其他内容另查消费者、运行绑定与恢复价值,保留父目录；本行与精确子项有包含关系，容量/文件数不能累加,全量枚举已完成；父目录不在默认删除范围
EXT-DIR-384,O 外部目录全量概览,需要确认（父目录默认保留）,目录概览,父目录概览；不作整目录删除授权,E:/projects/codex/.agent-work/aether/workspace-support/readme-update-20260928,,,19,8324799,元数据已扫描；含历史证据/源码/资源/回恢复保护，不凭目录名整删，子项验证cache可单列,父目录可能含已安装依赖、运行数据、私密配置或失败证据；不能随缓存子项删除,只允许A/B组列出的精确子项；其他内容另查消费者、运行绑定与恢复价值,保留父目录；本行与精确子项有包含关系，容量/文件数不能累加,全量枚举已完成；父目录不在默认删除范围
EXT-DIR-385,O 外部目录全量概览,需要确认（父目录默认保留）,目录概览,父目录概览；不作整目录删除授权,E:/projects/codex/.agent-work/aether/workspace-support/recall-a-20260923,,,9569,339082465,元数据已扫描；含历史证据/源码/资源/回恢复保护，不凭目录名整删，子项验证cache可单列,父目录可能含已安装依赖、运行数据、私密配置或失败证据；不能随缓存子项删除,只允许A/B组列出的精确子项；其他内容另查消费者、运行绑定与恢复价值,保留父目录；本行与精确子项有包含关系，容量/文件数不能累加,全量枚举已完成；父目录不在默认删除范围
EXT-DIR-386,O 外部目录全量概览,需要确认（父目录默认保留）,目录概览,父目录概览；不作整目录删除授权,E:/projects/codex/.agent-work/aether/workspace-support/recall-context-update-20260921,,,47,21628134,元数据已扫描；含历史证据/源码/资源/回恢复保护，不凭目录名整删，子项验证cache可单列,父目录可能含已安装依赖、运行数据、私密配置或失败证据；不能随缓存子项删除,只允许A/B组列出的精确子项；其他内容另查消费者、运行绑定与恢复价值,保留父目录；本行与精确子项有包含关系，容量/文件数不能累加,全量枚举已完成；父目录不在默认删除范围
EXT-DIR-387,O 外部目录全量概览,需要确认（父目录默认保留）,目录概览,父目录概览；不作整目录删除授权,E:/projects/codex/.agent-work/aether/workspace-support/recall-drawio-20260921,,,21,1122563,元数据已扫描；含历史证据/源码/资源/回恢复保护，不凭目录名整删，子项验证cache可单列,父目录可能含已安装依赖、运行数据、私密配置或失败证据；不能随缓存子项删除,只允许A/B组列出的精确子项；其他内容另查消费者、运行绑定与恢复价值,保留父目录；本行与精确子项有包含关系，容量/文件数不能累加,全量枚举已完成；父目录不在默认删除范围
EXT-DIR-388,O 外部目录全量概览,需要确认（父目录默认保留）,目录概览,父目录概览；不作整目录删除授权,E:/projects/codex/.agent-work/aether/workspace-support/recall-embedding-research-20260920,,,33,4493109,元数据已扫描；含历史证据/源码/资源/回恢复保护，不凭目录名整删，子项验证cache可单列,父目录可能含已安装依赖、运行数据、私密配置或失败证据；不能随缓存子项删除,只允许A/B组列出的精确子项；其他内容另查消费者、运行绑定与恢复价值,保留父目录；本行与精确子项有包含关系，容量/文件数不能累加,全量枚举已完成；父目录不在默认删除范围
EXT-DIR-389,O 外部目录全量概览,需要确认（父目录默认保留）,目录概览,父目录概览；不作整目录删除授权,E:/projects/codex/.agent-work/aether/workspace-support/recall-excalidraw-20260921,,,4,30576,元数据已扫描；含历史证据/源码/资源/回恢复保护，不凭目录名整删，子项验证cache可单列,父目录可能含已安装依赖、运行数据、私密配置或失败证据；不能随缓存子项删除,只允许A/B组列出的精确子项；其他内容另查消费者、运行绑定与恢复价值,保留父目录；本行与精确子项有包含关系，容量/文件数不能累加,全量枚举已完成；父目录不在默认删除范围
EXT-DIR-390,O 外部目录全量概览,需要确认（父目录默认保留）,目录概览,父目录概览；不作整目录删除授权,E:/projects/codex/.agent-work/aether/workspace-support/recall-implementation-20260920,,,44670,2965075291,元数据已扫描；含历史证据/源码/资源/回恢复保护，不凭目录名整删，子项验证cache可单列,父目录可能含已安装依赖、运行数据、私密配置或失败证据；不能随缓存子项删除,只允许A/B组列出的精确子项；其他内容另查消费者、运行绑定与恢复价值,保留父目录；本行与精确子项有包含关系，容量/文件数不能累加,全量枚举已完成；父目录不在默认删除范围
EXT-DIR-391,O 外部目录全量概览,需要确认（父目录默认保留）,目录概览,父目录概览；不作整目录删除授权,E:/projects/codex/.agent-work/aether/workspace-support/review-guide-v13-20260920,,,3,28074,元数据已扫描；含历史证据/源码/资源/回恢复保护，不凭目录名整删，子项验证cache可单列,父目录可能含已安装依赖、运行数据、私密配置或失败证据；不能随缓存子项删除,只允许A/B组列出的精确子项；其他内容另查消费者、运行绑定与恢复价值,保留父目录；本行与精确子项有包含关系，容量/文件数不能累加,全量枚举已完成；父目录不在默认删除范围
EXT-DIR-392,O 外部目录全量概览,需要确认（父目录默认保留）,目录概览,父目录概览；不作整目录删除授权,E:/projects/codex/.agent-work/aether/workspace-support/rf-capability-check-20260929,,,850,35751125,元数据已扫描；含历史证据/源码/资源/回恢复保护，不凭目录名整删，子项验证cache可单列,父目录可能含已安装依赖、运行数据、私密配置或失败证据；不能随缓存子项删除,只允许A/B组列出的精确子项；其他内容另查消费者、运行绑定与恢复价值,保留父目录；本行与精确子项有包含关系，容量/文件数不能累加,全量枚举已完成；父目录不在默认删除范围
EXT-DIR-393,O 外部目录全量概览,需要确认（父目录默认保留）,目录概览,父目录概览；不作整目录删除授权,E:/projects/codex/.agent-work/aether/workspace-support/rf-completion-20260929,,,13805,2596201200,元数据已扫描；含历史证据/源码/资源/回恢复保护，不凭目录名整删，子项验证cache可单列,父目录可能含已安装依赖、运行数据、私密配置或失败证据；不能随缓存子项删除,只允许A/B组列出的精确子项；其他内容另查消费者、运行绑定与恢复价值,保留父目录；本行与精确子项有包含关系，容量/文件数不能累加,全量枚举已完成；父目录不在默认删除范围
EXT-DIR-394,O 外部目录全量概览,需要确认（父目录默认保留）,目录概览,父目录概览；不作整目录删除授权,E:/projects/codex/.agent-work/aether/workspace-support/rf-implementation-20260922,,,1991,87518505,元数据已扫描；含历史证据/源码/资源/回恢复保护，不凭目录名整删，子项验证cache可单列,父目录可能含已安装依赖、运行数据、私密配置或失败证据；不能随缓存子项删除,只允许A/B组列出的精确子项；其他内容另查消费者、运行绑定与恢复价值,保留父目录；本行与精确子项有包含关系，容量/文件数不能累加,全量枚举已完成；父目录不在默认删除范围
EXT-DIR-395,O 外部目录全量概览,需要确认（父目录默认保留）,目录概览,父目录概览；不作整目录删除授权,E:/projects/codex/.agent-work/aether/workspace-support/slow-metadata-green-01,,,62,2059005,失去可重现的旧测试状态；正式原始日志及当前未解失败/Unknown关联证据保留,父目录可能含已安装依赖、运行数据、私密配置或失败证据；不能随缓存子项删除,只允许A/B组列出的精确子项；其他内容另查消费者、运行绑定与恢复价值,保留父目录；本行与精确子项有包含关系，容量/文件数不能累加,全量枚举已完成；父目录不在默认删除范围
EXT-DIR-396,O 外部目录全量概览,需要确认（父目录默认保留）,目录概览,父目录概览；不作整目录删除授权,E:/projects/codex/.agent-work/aether/workspace-support/slow-metadata-red-01,,,8,327680,失去可重现的旧测试状态；正式原始日志及当前未解失败/Unknown关联证据保留,父目录可能含已安装依赖、运行数据、私密配置或失败证据；不能随缓存子项删除,只允许A/B组列出的精确子项；其他内容另查消费者、运行绑定与恢复价值,保留父目录；本行与精确子项有包含关系，容量/文件数不能累加,全量枚举已完成；父目录不在默认删除范围
EXT-DIR-397,O 外部目录全量概览,需要确认（父目录默认保留）,目录概览,父目录概览；不作整目录删除授权,E:/projects/codex/.agent-work/aether/workspace-support/slow-metadata-red-02,,,8,327680,失去可重现的旧测试状态；正式原始日志及当前未解失败/Unknown关联证据保留,父目录可能含已安装依赖、运行数据、私密配置或失败证据；不能随缓存子项删除,只允许A/B组列出的精确子项；其他内容另查消费者、运行绑定与恢复价值,保留父目录；本行与精确子项有包含关系，容量/文件数不能累加,全量枚举已完成；父目录不在默认删除范围
EXT-DIR-398,O 外部目录全量概览,需要确认（父目录默认保留）,目录概览,父目录概览；不作整目录删除授权,E:/projects/codex/.agent-work/aether/workspace-support/t1001-79a80b,,,127,13166918,失去可重现的旧测试状态；正式原始日志及当前未解失败/Unknown关联证据保留,父目录可能含已安装依赖、运行数据、私密配置或失败证据；不能随缓存子项删除,只允许A/B组列出的精确子项；其他内容另查消费者、运行绑定与恢复价值,保留父目录；本行与精确子项有包含关系，容量/文件数不能累加,全量枚举已完成；父目录不在默认删除范围
EXT-DIR-399,O 外部目录全量概览,需要确认（父目录默认保留）,目录概览,父目录概览；不作整目录删除授权,E:/projects/codex/.agent-work/aether/workspace-support/task-allocation-simplify-20260930-141613,,,1,33687,元数据已扫描；含历史证据/源码/资源/回恢复保护，不凭目录名整删，子项验证cache可单列,父目录可能含已安装依赖、运行数据、私密配置或失败证据；不能随缓存子项删除,只允许A/B组列出的精确子项；其他内容另查消费者、运行绑定与恢复价值,保留父目录；本行与精确子项有包含关系，容量/文件数不能累加,全量枚举已完成；父目录不在默认删除范围
EXT-DIR-400,O 外部目录全量概览,需要确认（父目录默认保留）,目录概览,父目录概览；不作整目录删除授权,E:/projects/codex/.agent-work/aether/workspace-support/task-assignment-replace-20260930-142507,,,1,3798,元数据已扫描；含历史证据/源码/资源/回恢复保护，不凭目录名整删，子项验证cache可单列,父目录可能含已安装依赖、运行数据、私密配置或失败证据；不能随缓存子项删除,只允许A/B组列出的精确子项；其他内容另查消费者、运行绑定与恢复价值,保留父目录；本行与精确子项有包含关系，容量/文件数不能累加,全量枚举已完成；父目录不在默认删除范围
EXT-DIR-401,O 外部目录全量概览,需要确认（父目录默认保留）,目录概览,父目录概览；不作整目录删除授权,E:/projects/codex/.agent-work/aether/workspace-support/tc-174013,,,239,90643845,元数据已扫描；含历史证据/源码/资源/回恢复保护，不凭目录名整删，子项验证cache可单列,父目录可能含已安装依赖、运行数据、私密配置或失败证据；不能随缓存子项删除,只允许A/B组列出的精确子项；其他内容另查消费者、运行绑定与恢复价值,保留父目录；本行与精确子项有包含关系，容量/文件数不能累加,全量枚举已完成；父目录不在默认删除范围
EXT-DIR-402,O 外部目录全量概览,必须保留（允许精确缓存子项）,目录概览,父目录概览；不作整目录删除授权,E:/projects/codex/.agent-work/aether/workspace-support/temporal-migration-20260930,,,87792,7535840760,tv .pth引用installed dependencies、旧P3 editable/工具/正式迁移证据；仅缓存/test basetemp候选,父目录可能含已安装依赖、运行数据、私密配置或失败证据；不能随缓存子项删除,只允许A/B组列出的精确子项；其他内容另查消费者、运行绑定与恢复价值,保留父目录；本行与精确子项有包含关系，容量/文件数不能累加,全量枚举已完成；父目录不在默认删除范围
EXT-DIR-403,O 外部目录全量概览,必须保留（允许精确缓存子项）,目录概览,父目录概览；不作整目录删除授权,E:/projects/codex/.agent-work/aether/workspace-support/temporal-system-deployment-audit-20261002-174013,,,5503,152841776,tv .pth引用python-dependencies以及原审计证据,父目录可能含已安装依赖、运行数据、私密配置或失败证据；不能随缓存子项删除,只允许A/B组列出的精确子项；其他内容另查消费者、运行绑定与恢复价值,保留父目录；本行与精确子项有包含关系，容量/文件数不能累加,全量枚举已完成；父目录不在默认删除范围
EXT-DIR-404,O 外部目录全量概览,需要确认（父目录默认保留）,目录概览,父目录概览；不作整目录删除授权,E:/projects/codex/.agent-work/aether/workspace-support/tenant-boundary-20260923,,,36,943777,元数据已扫描；含历史证据/源码/资源/回恢复保护，不凭目录名整删，子项验证cache可单列,父目录可能含已安装依赖、运行数据、私密配置或失败证据；不能随缓存子项删除,只允许A/B组列出的精确子项；其他内容另查消费者、运行绑定与恢复价值,保留父目录；本行与精确子项有包含关系，容量/文件数不能累加,全量枚举已完成；父目录不在默认删除范围
EXT-DIR-405,O 外部目录全量概览,需要确认（父目录默认保留）,目录概览,父目录概览；不作整目录删除授权,E:/projects/codex/.agent-work/aether/workspace-support/test-handoff-20260922,,,152,9581474,元数据已扫描；含历史证据/源码/资源/回恢复保护，不凭目录名整删，子项验证cache可单列,父目录可能含已安装依赖、运行数据、私密配置或失败证据；不能随缓存子项删除,只允许A/B组列出的精确子项；其他内容另查消费者、运行绑定与恢复价值,保留父目录；本行与精确子项有包含关系，容量/文件数不能累加,全量枚举已完成；父目录不在默认删除范围
EXT-DIR-406,O 外部目录全量概览,需要确认（父目录默认保留）,目录概览,父目录概览；不作整目录删除授权,E:/projects/codex/.agent-work/aether/workspace-support/thirdparty-comments-20260920,,,27,533667,元数据已扫描；含历史证据/源码/资源/回恢复保护，不凭目录名整删，子项验证cache可单列,父目录可能含已安装依赖、运行数据、私密配置或失败证据；不能随缓存子项删除,只允许A/B组列出的精确子项；其他内容另查消费者、运行绑定与恢复价值,保留父目录；本行与精确子项有包含关系，容量/文件数不能累加,全量枚举已完成；父目录不在默认删除范围
EXT-DIR-407,O 外部目录全量概览,需要确认（父目录默认保留）,目录概览,父目录概览；不作整目录删除授权,E:/projects/codex/.agent-work/aether/workspace-support/thirdparty-flow-20260920,,,9,139212,元数据已扫描；含历史证据/源码/资源/回恢复保护，不凭目录名整删，子项验证cache可单列,父目录可能含已安装依赖、运行数据、私密配置或失败证据；不能随缓存子项删除,只允许A/B组列出的精确子项；其他内容另查消费者、运行绑定与恢复价值,保留父目录；本行与精确子项有包含关系，容量/文件数不能累加,全量枚举已完成；父目录不在默认删除范围
EXT-DIR-408,O 外部目录全量概览,需要确认（父目录默认保留）,目录概览,父目录概览；不作整目录删除授权,E:/projects/codex/.agent-work/aether/workspace-support/tools,,,11,55527,元数据已扫描；含历史证据/源码/资源/回恢复保护，不凭目录名整删，子项验证cache可单列,父目录可能含已安装依赖、运行数据、私密配置或失败证据；不能随缓存子项删除,只允许A/B组列出的精确子项；其他内容另查消费者、运行绑定与恢复价值,保留父目录；本行与精确子项有包含关系，容量/文件数不能累加,全量枚举已完成；父目录不在默认删除范围
EXT-DIR-409,O 外部目录全量概览,需要确认（父目录默认保留）,目录概览,父目录概览；不作整目录删除授权,E:/projects/codex/.agent-work/aether/workspace-support/ts-174013,,,168,72138528,元数据已扫描；含历史证据/源码/资源/回恢复保护，不凭目录名整删，子项验证cache可单列,父目录可能含已安装依赖、运行数据、私密配置或失败证据；不能随缓存子项删除,只允许A/B组列出的精确子项；其他内容另查消费者、运行绑定与恢复价值,保留父目录；本行与精确子项有包含关系，容量/文件数不能累加,全量枚举已完成；父目录不在默认删除范围
EXT-DIR-410,O 外部目录全量概览,必须保留（允许精确缓存子项）,目录概览,父目录概览；不作整目录删除授权,E:/projects/codex/.agent-work/aether/workspace-support/tv-174013,,,23,538023,当前成品脚本Python入口,父目录可能含已安装依赖、运行数据、私密配置或失败证据；不能随缓存子项删除,只允许A/B组列出的精确子项；其他内容另查消费者、运行绑定与恢复价值,保留父目录；本行与精确子项有包含关系，容量/文件数不能累加,全量枚举已完成；父目录不在默认删除范围
EXT-DIR-411,O 外部目录全量概览,需要确认（父目录默认保留）,目录概览,父目录概览；不作整目录删除授权,E:/projects/codex/.agent-work/aether/workspace-support/uncommitted-review-20260926,,,44,1129126,元数据已扫描；含历史证据/源码/资源/回恢复保护，不凭目录名整删，子项验证cache可单列,父目录可能含已安装依赖、运行数据、私密配置或失败证据；不能随缓存子项删除,只允许A/B组列出的精确子项；其他内容另查消费者、运行绑定与恢复价值,保留父目录；本行与精确子项有包含关系，容量/文件数不能累加,全量枚举已完成；父目录不在默认删除范围
EXT-DIR-412,O 外部目录全量概览,需要确认（父目录默认保留）,目录概览,父目录概览；不作整目录删除授权,E:/projects/codex/.agent-work/aether/workspace-support/upg-174013,,,11,2402932,元数据已扫描；含历史证据/源码/资源/回恢复保护，不凭目录名整删，子项验证cache可单列,父目录可能含已安装依赖、运行数据、私密配置或失败证据；不能随缓存子项删除,只允许A/B组列出的精确子项；其他内容另查消费者、运行绑定与恢复价值,保留父目录；本行与精确子项有包含关系，容量/文件数不能累加,全量枚举已完成；父目录不在默认删除范围
EXT-DIR-413,O 外部目录全量概览,需要确认（父目录默认保留）,目录概览,父目录概览；不作整目录删除授权,E:/projects/codex/.agent-work/aether/workspace-support/validation,,,525,66873629,元数据已扫描；含历史证据/源码/资源/回恢复保护，不凭目录名整删，子项验证cache可单列,父目录可能含已安装依赖、运行数据、私密配置或失败证据；不能随缓存子项删除,只允许A/B组列出的精确子项；其他内容另查消费者、运行绑定与恢复价值,保留父目录；本行与精确子项有包含关系，容量/文件数不能累加,全量枚举已完成；父目录不在默认删除范围
EXT-DIR-414,O 外部目录全量概览,需要确认（父目录默认保留）,目录概览,父目录概览；不作整目录删除授权,E:/projects/codex/.agent-work/aether/workspace-support/wd-174013,,,18,1030312,元数据已扫描；含历史证据/源码/资源/回恢复保护，不凭目录名整删，子项验证cache可单列,父目录可能含已安装依赖、运行数据、私密配置或失败证据；不能随缓存子项删除,只允许A/B组列出的精确子项；其他内容另查消费者、运行绑定与恢复价值,保留父目录；本行与精确子项有包含关系，容量/文件数不能累加,全量枚举已完成；父目录不在默认删除范围
EXT-DIR-415,O 外部目录全量概览,需要确认（父目录默认保留）,目录概览,父目录概览；不作整目录删除授权,E:/projects/codex/.agent-work/aether/workspace-support/working-vector-20260930,,,22093,2022181646,元数据已扫描；含历史证据/源码/资源/回恢复保护，不凭目录名整删，子项验证cache可单列,父目录可能含已安装依赖、运行数据、私密配置或失败证据；不能随缓存子项删除,只允许A/B组列出的精确子项；其他内容另查消费者、运行绑定与恢复价值,保留父目录；本行与精确子项有包含关系，容量/文件数不能累加,全量枚举已完成；父目录不在默认删除范围
