absolute_target,id,group,path,home_present,home_bytes,active_bytes,decision,basis,impact,consumers,home_sha256,prerequisite
E:/projects/codex/aether/AgentJYS-main/src/aether_agent_memory/adapters/__init__.py,SRC-001,S01_旧HTTP与Celery装配,src/aether_agent_memory/adapters/__init__.py,True,66,66,拟整文件删除；本次清单确认后实施,当前部署使用__main__→runtime/flows/cli→Service；本组由已退休app/bootstrap/旧API/独立queue workers互相引用，非现行装配。旧compose/安装导出同步退出。,旧入口/兼容导出不能再调用；当前入口和有效契约继续保留；删除前迁移消费者和测试。,src/aether_agent_memory/adapters/operate_scheduler.py:48 (package_initializer); src/aether_agent_memory/adapters/operate_scheduler.py:49 (package_initializer); src/aether_agent_memory/bootstrap/container.py:50 (package_initializer); src/aether_agent_memory/bootstrap/container.py:54 (package_initializer); src/aether_agent_memory/bootstrap/container.py:55 (package_initializer); src/aether_agent_memory/bootstrap/container.py:59 (package_initializer); src/aether_agent_memory/bootstrap/container.py:60 (package_initializer); src/aether_agent_memory/bootstrap/container.py:63 (package_initializer); src/aether_agent_memory/bootstrap/container.py:66 (package_initializer); src/aether_agent_memory/bootstrap/container.py:69 (package_initializer); src/aether_agent_memory/bootstrap/container.py:72 (package_initializer); src/aether_agent_memory/bootstrap/container.py:73 (package_initializer); src/aether_agent_memory/bootstrap/container.py:76 (package_initializer); src/aether_agent_memory/bootstrap/container.py:80 (package_initializer); src/aether_agent_memory/bootstrap/container.py:81 (package_initializer),e239304f4d329c62e4cea31083c7f6f8e2b0872d889217943272eb293e8701f0,收窄清单确认；增量保护；精确同步当前必要实现；迁移剩余消费者；AKS真实门禁和本机检查。
E:/projects/codex/aether/AgentJYS-main/src/aether_agent_memory/adapters/access_trace.py,SRC-002,S01_旧HTTP与Celery装配,src/aether_agent_memory/adapters/access_trace.py,True,2391,2391,拟整文件删除；本次清单确认后实施,当前部署使用__main__→runtime/flows/cli→Service；本组由已退休app/bootstrap/旧API/独立queue workers互相引用，非现行装配。旧compose/安装导出同步退出。,旧入口/兼容导出不能再调用；当前入口和有效契约继续保留；删除前迁移消费者和测试。,src/aether_agent_memory/bootstrap/container.py:50 (python_import); tests/unit/test_access_trace.py:5 (python_import); tests/unit/test_operate_wiring.py:89 (python_import); docs/ENGINEERING_DELIVERY.md:46 (literal_path_reference); Dockerfile:14 (docker_copy_directory); Dockerfile.p3:20 (docker_copy_directory),c99051a663fc16eb2bdd041044a612aef625bda855e100d4bb8fdc879bb70420,收窄清单确认；增量保护；精确同步当前必要实现；迁移剩余消费者；AKS真实门禁和本机检查。
E:/projects/codex/aether/AgentJYS-main/src/aether_agent_memory/adapters/b1_client.py,SRC-003,S01_旧HTTP与Celery装配,src/aether_agent_memory/adapters/b1_client.py,True,2236,2236,拟整文件删除；本次清单确认后实施,当前部署使用__main__→runtime/flows/cli→Service；本组由已退休app/bootstrap/旧API/独立queue workers互相引用，非现行装配。旧compose/安装导出同步退出。,旧入口/兼容导出不能再调用；当前入口和有效契约继续保留；删除前迁移消费者和测试。,src/aether_agent_memory/bootstrap/container.py:54 (python_import); Dockerfile:14 (docker_copy_directory); Dockerfile.p3:20 (docker_copy_directory),a74d8c23042464c9505f1ff2b25f1f56a194f836e06497efb9df05f0d4298232,收窄清单确认；增量保护；精确同步当前必要实现；迁移剩余消费者；AKS真实门禁和本机检查。
E:/projects/codex/aether/AgentJYS-main/src/aether_agent_memory/adapters/celery.py,SRC-004,S01_旧HTTP与Celery装配,src/aether_agent_memory/adapters/celery.py,True,4287,4287,拟整文件删除；本次清单确认后实施,当前部署使用__main__→runtime/flows/cli→Service；本组由已退休app/bootstrap/旧API/独立queue workers互相引用，非现行装配。旧compose/安装导出同步退出。,旧入口/兼容导出不能再调用；当前入口和有效契约继续保留；删除前迁移消费者和测试。,src/aether_agent_memory/bootstrap/container.py:55 (python_import); tests/unit/test_task_scope.py:7 (python_import); Dockerfile:14 (docker_copy_directory); Dockerfile.p3:20 (docker_copy_directory),db7f4867adb084e2e80822299344d4f06380e63ea12b2ea40fdbd421e67d84be,收窄清单确认；增量保护；精确同步当前必要实现；迁移剩余消费者；AKS真实门禁和本机检查。
E:/projects/codex/aether/AgentJYS-main/src/aether_agent_memory/adapters/context_catalog.py,SRC-005,S01_旧HTTP与Celery装配,src/aether_agent_memory/adapters/context_catalog.py,True,2057,2057,拟整文件删除；本次清单确认后实施,当前部署使用__main__→runtime/flows/cli→Service；本组由已退休app/bootstrap/旧API/独立queue workers互相引用，非现行装配。旧compose/安装导出同步退出。,旧入口/兼容导出不能再调用；当前入口和有效契约继续保留；删除前迁移消费者和测试。,src/aether_agent_memory/bootstrap/container.py:59 (python_import); tests/unit/test_context_catalog_recall.py:5 (python_import); tests/unit/test_session_context.py:5 (python_import); Dockerfile:14 (docker_copy_directory); Dockerfile.p3:20 (docker_copy_directory),dd8cd9efec2275d5bfc5b1ee81c68da4fb1870bdb1134fe913e0017767e662ee,收窄清单确认；增量保护；精确同步当前必要实现；迁移剩余消费者；AKS真实门禁和本机检查。
E:/projects/codex/aether/AgentJYS-main/src/aether_agent_memory/adapters/context_index_tombstone.py,SRC-006,S01_旧HTTP与Celery装配,src/aether_agent_memory/adapters/context_index_tombstone.py,True,2066,2066,拟整文件删除；本次清单确认后实施,当前部署使用__main__→runtime/flows/cli→Service；本组由已退休app/bootstrap/旧API/独立queue workers互相引用，非现行装配。旧compose/安装导出同步退出。,旧入口/兼容导出不能再调用；当前入口和有效契约继续保留；删除前迁移消费者和测试。,src/aether_agent_memory/bootstrap/container.py:60 (python_import); Dockerfile:14 (docker_copy_directory); Dockerfile.p3:20 (docker_copy_directory),e18bd9930366535e4b4adba0fb8c22df8bfccc6b23ce2aad69e52afc3e709ab8,收窄清单确认；增量保护；精确同步当前必要实现；迁移剩余消费者；AKS真实门禁和本机检查。
E:/projects/codex/aether/AgentJYS-main/src/aether_agent_memory/adapters/context_projection_executor.py,SRC-007,S01_旧HTTP与Celery装配,src/aether_agent_memory/adapters/context_projection_executor.py,True,3937,3937,拟整文件删除；本次清单确认后实施,当前部署使用__main__→runtime/flows/cli→Service；本组由已退休app/bootstrap/旧API/独立queue workers互相引用，非现行装配。旧compose/安装导出同步退出。,旧入口/兼容导出不能再调用；当前入口和有效契约继续保留；删除前迁移消费者和测试。,src/aether_agent_memory/bootstrap/container.py:63 (python_import); tests/unit/test_context_projection.py:5 (python_import); Dockerfile:14 (docker_copy_directory); Dockerfile.p3:20 (docker_copy_directory),a7a156f6fe3fb04b4ef4b5493231a984dc54b91d3c8e1019fea44529082af5da,收窄清单确认；增量保护；精确同步当前必要实现；迁移剩余消费者；AKS真实门禁和本机检查。
E:/projects/codex/aether/AgentJYS-main/src/aether_agent_memory/adapters/context_projection_queue.py,SRC-008,S01_旧HTTP与Celery装配,src/aether_agent_memory/adapters/context_projection_queue.py,True,6423,6423,拟整文件删除；本次清单确认后实施,当前部署使用__main__→runtime/flows/cli→Service；本组由已退休app/bootstrap/旧API/独立queue workers互相引用，非现行装配。旧compose/安装导出同步退出。,旧入口/兼容导出不能再调用；当前入口和有效契约继续保留；删除前迁移消费者和测试。,src/aether_agent_memory/bootstrap/container.py:66 (python_import); tests/unit/test_context_projection.py:8 (python_import); tests/unit/test_queue_reliability.py:7 (python_import); docs/PHASE1_HANDOFF_20260914.md:53 (literal_path_reference); Dockerfile:14 (docker_copy_directory); Dockerfile.p3:20 (docker_copy_directory),7edf7cde2e874bb7b3a344faa70821446c072421aaebebd1de1e0353094695bf,收窄清单确认；增量保护；精确同步当前必要实现；迁移剩余消费者；AKS真实门禁和本机检查。
E:/projects/codex/aether/AgentJYS-main/src/aether_agent_memory/adapters/context_semantic_index.py,SRC-009,S01_旧HTTP与Celery装配,src/aether_agent_memory/adapters/context_semantic_index.py,True,8300,8300,拟整文件删除；本次清单确认后实施,当前部署使用__main__→runtime/flows/cli→Service；本组由已退休app/bootstrap/旧API/独立queue workers互相引用，非现行装配。旧compose/安装导出同步退出。,旧入口/兼容导出不能再调用；当前入口和有效契约继续保留；删除前迁移消费者和测试。,src/aether_agent_memory/bootstrap/container.py:69 (python_import); tests/unit/test_context_semantic_index.py:5 (python_import); Dockerfile:14 (docker_copy_directory); Dockerfile.p3:20 (docker_copy_directory),5611997e70f288cd6b58532d1ffac9ba88cc1c9508550eb0474c80087054ed78,收窄清单确认；增量保护；精确同步当前必要实现；迁移剩余消费者；AKS真实门禁和本机检查。
E:/projects/codex/aether/AgentJYS-main/src/aether_agent_memory/adapters/context_store.py,SRC-010,S01_旧HTTP与Celery装配,src/aether_agent_memory/adapters/context_store.py,True,13638,13638,拟整文件删除；本次清单确认后实施,当前部署使用__main__→runtime/flows/cli→Service；本组由已退休app/bootstrap/旧API/独立queue workers互相引用，非现行装配。旧compose/安装导出同步退出。,旧入口/兼容导出不能再调用；当前入口和有效契约继续保留；删除前迁移消费者和测试。,src/aether_agent_memory/bootstrap/container.py:72 (python_import); tests/unit/test_context_catalog_recall.py:6 (python_import); tests/unit/test_context_store_reader.py:5 (python_import); tests/unit/test_hierarchical_context_search.py:5 (python_import); tests/unit/test_session_context.py:6 (python_import); Dockerfile:14 (docker_copy_directory); Dockerfile.p3:20 (docker_copy_directory),9a9a25d59d53d933ef0c5582c63d8daaf6d4f1e64dc2d7dfe5601ab9afcbeab9,收窄清单确认；增量保护；精确同步当前必要实现；迁移剩余消费者；AKS真实门禁和本机检查。
E:/projects/codex/aether/AgentJYS-main/src/aether_agent_memory/adapters/memory_extraction.py,SRC-011,S01_旧HTTP与Celery装配,src/aether_agent_memory/adapters/memory_extraction.py,True,3519,3519,拟整文件删除；本次清单确认后实施,当前部署使用__main__→runtime/flows/cli→Service；本组由已退休app/bootstrap/旧API/独立queue workers互相引用，非现行装配。旧compose/安装导出同步退出。,旧入口/兼容导出不能再调用；当前入口和有效契约继续保留；删除前迁移消费者和测试。,src/aether_agent_memory/bootstrap/container.py:73 (python_import); tests/unit/test_memory_extraction_adapter.py:8 (python_import); Dockerfile:14 (docker_copy_directory); Dockerfile.p3:20 (docker_copy_directory),eaee843283894373cdc505a7e41ee6984404aeeb8584c5b06af2cdaa6cfc5764,收窄清单确认；增量保护；精确同步当前必要实现；迁移剩余消费者；AKS真实门禁和本机检查。
E:/projects/codex/aether/AgentJYS-main/src/aether_agent_memory/adapters/memory_service.py,SRC-012,S01_旧HTTP与Celery装配,src/aether_agent_memory/adapters/memory_service.py,True,2344,2344,拟整文件删除；本次清单确认后实施,当前部署使用__main__→runtime/flows/cli→Service；本组由已退休app/bootstrap/旧API/独立queue workers互相引用，非现行装配。旧compose/安装导出同步退出。,旧入口/兼容导出不能再调用；当前入口和有效契约继续保留；删除前迁移消费者和测试。,src/aether_agent_memory/bootstrap/container.py:76 (python_import); tests/unit/test_fact_first.py:9 (python_import); Dockerfile:14 (docker_copy_directory); Dockerfile.p3:20 (docker_copy_directory),8f3f032e349e2fea316d4db1e8bff1ea7e7730699f36d59c64cba47673e8de7d,收窄清单确认；增量保护；精确同步当前必要实现；迁移剩余消费者；AKS真实门禁和本机检查。
E:/projects/codex/aether/AgentJYS-main/src/aether_agent_memory/adapters/milvus.py,SRC-013,S01_旧HTTP与Celery装配,src/aether_agent_memory/adapters/milvus.py,True,1901,1901,拟整文件删除；本次清单确认后实施,当前部署使用__main__→runtime/flows/cli→Service；本组由已退休app/bootstrap/旧API/独立queue workers互相引用，非现行装配。旧compose/安装导出同步退出。,旧入口/兼容导出不能再调用；当前入口和有效契约继续保留；删除前迁移消费者和测试。,src/aether_agent_memory/bootstrap/container.py:80 (python_import); tests/unit/test_health_probes.py:10 (python_import); Dockerfile:14 (docker_copy_directory); Dockerfile.p3:20 (docker_copy_directory),6d457d250548f02be4bf7eab2913a75529d856a646d7f3209e653ca845d994e5,收窄清单确认；增量保护；精确同步当前必要实现；迁移剩余消费者；AKS真实门禁和本机检查。
E:/projects/codex/aether/AgentJYS-main/src/aether_agent_memory/adapters/operate_journal.py,SRC-014,S01_旧HTTP与Celery装配,src/aether_agent_memory/adapters/operate_journal.py,True,5653,5653,拟整文件删除；本次清单确认后实施,当前部署使用__main__→runtime/flows/cli→Service；本组由已退休app/bootstrap/旧API/独立queue workers互相引用，非现行装配。旧compose/安装导出同步退出。,旧入口/兼容导出不能再调用；当前入口和有效契约继续保留；删除前迁移消费者和测试。,src/aether_agent_memory/bootstrap/container.py:81 (python_import); tests/unit/test_operate_control.py:7 (python_import); tests/unit/test_operate_wiring.py:90 (python_import); docs/PHASE2_HANDOFF_20260914.md:96 (literal_path_reference); Dockerfile:14 (docker_copy_directory); Dockerfile.p3:20 (docker_copy_directory),6d5c6eae9836b391588547661d5d85198ef8ba752c0ef536b37a7f2b0e356c60,收窄清单确认；增量保护；精确同步当前必要实现；迁移剩余消费者；AKS真实门禁和本机检查。
E:/projects/codex/aether/AgentJYS-main/src/aether_agent_memory/adapters/operate_scheduler.py,SRC-015,S01_旧HTTP与Celery装配,src/aether_agent_memory/adapters/operate_scheduler.py,True,13082,13082,拟整文件删除；本次清单确认后实施,当前部署使用__main__→runtime/flows/cli→Service；本组由已退休app/bootstrap/旧API/独立queue workers互相引用，非现行装配。旧compose/安装导出同步退出。,旧入口/兼容导出不能再调用；当前入口和有效契约继续保留；删除前迁移消费者和测试。,src/aether_agent_memory/bootstrap/container.py:82 (python_import); tests/unit/test_operate_wiring.py:28 (python_import); tests/unit/test_operate_wiring.py:91 (python_import); docs/PHASE2_HANDOFF_20260914.md:100 (literal_path_reference); Dockerfile:14 (docker_copy_directory); Dockerfile.p3:20 (docker_copy_directory),794ce156a3de9acf5702985ca4fa12efc9bb0c14d6caddddf87fd4838abacb0b,收窄清单确认；增量保护；精确同步当前必要实现；迁移剩余消费者；AKS真实门禁和本机检查。
E:/projects/codex/aether/AgentJYS-main/src/aether_agent_memory/adapters/operate_telemetry.py,SRC-016,S01_旧HTTP与Celery装配,src/aether_agent_memory/adapters/operate_telemetry.py,True,1529,1529,拟整文件删除；本次清单确认后实施,当前部署使用__main__→runtime/flows/cli→Service；本组由已退休app/bootstrap/旧API/独立queue workers互相引用，非现行装配。旧compose/安装导出同步退出。,旧入口/兼容导出不能再调用；当前入口和有效契约继续保留；删除前迁移消费者和测试。,src/aether_agent_memory/bootstrap/container.py:83 (python_import); tests/unit/test_operate_wiring.py:92 (python_import); docs/PHASE2_HANDOFF_20260914.md:99 (literal_path_reference); Dockerfile:14 (docker_copy_directory); Dockerfile.p3:20 (docker_copy_directory),fb6fe1990d42ca26652293a2367612c8259e6245317669b249e2f96194a98783,收窄清单确认；增量保护；精确同步当前必要实现；迁移剩余消费者；AKS真实门禁和本机检查。
E:/projects/codex/aether/AgentJYS-main/src/aether_agent_memory/adapters/p2.py,SRC-017,S01_旧HTTP与Celery装配,src/aether_agent_memory/adapters/p2.py,True,8306,8306,拟整文件删除；本次清单确认后实施,当前部署使用__main__→runtime/flows/cli→Service；本组由已退休app/bootstrap/旧API/独立queue workers互相引用，非现行装配。旧compose/安装导出同步退出。,旧入口/兼容导出不能再调用；当前入口和有效契约继续保留；删除前迁移消费者和测试。,src/aether_agent_memory/bootstrap/container.py:87 (python_import); Dockerfile:14 (docker_copy_directory); Dockerfile.p3:20 (docker_copy_directory),e8564f304bab751d31e1666983a3dbf68a627a1e5fb7e4c2f2eb8768d79362a2,收窄清单确认；增量保护；精确同步当前必要实现；迁移剩余消费者；AKS真实门禁和本机检查。
E:/projects/codex/aether/AgentJYS-main/src/aether_agent_memory/adapters/projection_executor.py,SRC-018,S01_旧HTTP与Celery装配,src/aether_agent_memory/adapters/projection_executor.py,True,8536,8536,拟整文件删除；本次清单确认后实施,当前部署使用__main__→runtime/flows/cli→Service；本组由已退休app/bootstrap/旧API/独立queue workers互相引用，非现行装配。旧compose/安装导出同步退出。,旧入口/兼容导出不能再调用；当前入口和有效契约继续保留；删除前迁移消费者和测试。,src/aether_agent_memory/bootstrap/container.py:92 (python_import); tests/unit/test_fact_first.py:10 (python_import); tests/unit/test_projection_reconciler.py:5 (python_import); docs/PHASE0_HANDOFF_20260914.md:21 (literal_path_reference); Dockerfile:14 (docker_copy_directory); Dockerfile.p3:20 (docker_copy_directory),90c7ba66dc5c5086b506ada9ece15b4c230c2efbaecfcf1fad66e8887305c2ac,收窄清单确认；增量保护；精确同步当前必要实现；迁移剩余消费者；AKS真实门禁和本机检查。
E:/projects/codex/aether/AgentJYS-main/src/aether_agent_memory/adapters/projection_queue.py,SRC-019,S01_旧HTTP与Celery装配,src/aether_agent_memory/adapters/projection_queue.py,True,5641,5641,拟整文件删除；本次清单确认后实施,当前部署使用__main__→runtime/flows/cli→Service；本组由已退休app/bootstrap/旧API/独立queue workers互相引用，非现行装配。旧compose/安装导出同步退出。,旧入口/兼容导出不能再调用；当前入口和有效契约继续保留；删除前迁移消费者和测试。,src/aether_agent_memory/bootstrap/container.py:93 (python_import); tests/unit/test_fact_first.py:11 (python_import); tests/unit/test_projection_reconciler.py:6 (python_import); tests/unit/test_queue_reliability.py:8 (python_import); docs/PHASE1_HANDOFF_20260914.md:52 (literal_path_reference); Dockerfile:14 (docker_copy_directory); Dockerfile.p3:20 (docker_copy_directory),0296416c9d1b430f00687c4141e63856c4f741a8103ae179580b1baf1c83182f,收窄清单确认；增量保护；精确同步当前必要实现；迁移剩余消费者；AKS真实门禁和本机检查。
E:/projects/codex/aether/AgentJYS-main/src/aether_agent_memory/adapters/redis.py,SRC-020,S01_旧HTTP与Celery装配,src/aether_agent_memory/adapters/redis.py,True,1621,1621,拟整文件删除；本次清单确认后实施,当前部署使用__main__→runtime/flows/cli→Service；本组由已退休app/bootstrap/旧API/独立queue workers互相引用，非现行装配。旧compose/安装导出同步退出。,旧入口/兼容导出不能再调用；当前入口和有效契约继续保留；删除前迁移消费者和测试。,src/aether_agent_memory/bootstrap/container.py:94 (python_import); Dockerfile:14 (docker_copy_directory); Dockerfile.p3:20 (docker_copy_directory),6a7cb55451e78fd939b5e5727b5f0c6b7c3fa1987c4b35d59606552085dd4274,收窄清单确认；增量保护；精确同步当前必要实现；迁移剩余消费者；AKS真实门禁和本机检查。
E:/projects/codex/aether/AgentJYS-main/src/aether_agent_memory/adapters/redis_context_projection_queue.py,SRC-021,S01_旧HTTP与Celery装配,src/aether_agent_memory/adapters/redis_context_projection_queue.py,True,11668,11668,拟整文件删除；本次清单确认后实施,当前部署使用__main__→runtime/flows/cli→Service；本组由已退休app/bootstrap/旧API/独立queue workers互相引用，非现行装配。旧compose/安装导出同步退出。,旧入口/兼容导出不能再调用；当前入口和有效契约继续保留；删除前迁移消费者和测试。,src/aether_agent_memory/bootstrap/container.py:95 (python_import); tests/unit/test_redis_queue_reliability.py:8 (python_import); docs/PHASE1_HANDOFF_20260914.md:56 (literal_path_reference); Dockerfile:14 (docker_copy_directory); Dockerfile.p3:20 (docker_copy_directory),9f64df6a8acbd29968dfa97e2adfc869adbb312ac0ba45dcb28e078e948bd916,收窄清单确认；增量保护；精确同步当前必要实现；迁移剩余消费者；AKS真实门禁和本机检查。
E:/projects/codex/aether/AgentJYS-main/src/aether_agent_memory/adapters/redis_projection_queue.py,SRC-022,S01_旧HTTP与Celery装配,src/aether_agent_memory/adapters/redis_projection_queue.py,True,11434,11434,拟整文件删除；本次清单确认后实施,当前部署使用__main__→runtime/flows/cli→Service；本组由已退休app/bootstrap/旧API/独立queue workers互相引用，非现行装配。旧compose/安装导出同步退出。,旧入口/兼容导出不能再调用；当前入口和有效契约继续保留；删除前迁移消费者和测试。,src/aether_agent_memory/bootstrap/container.py:98 (python_import); tests/unit/test_redis_queue_reliability.py:11 (python_import); docs/PHASE1_HANDOFF_20260914.md:55 (literal_path_reference); Dockerfile:14 (docker_copy_directory); Dockerfile.p3:20 (docker_copy_directory),7717f802bdc6d3405dcb95cb60ac9660d834ded318d5d26095bd373c4cf18558,收窄清单确认；增量保护；精确同步当前必要实现；迁移剩余消费者；AKS真实门禁和本机检查。
E:/projects/codex/aether/AgentJYS-main/src/aether_agent_memory/adapters/redis_session_extraction_queue.py,SRC-023,S01_旧HTTP与Celery装配,src/aether_agent_memory/adapters/redis_session_extraction_queue.py,True,11997,11997,拟整文件删除；本次清单确认后实施,当前部署使用__main__→runtime/flows/cli→Service；本组由已退休app/bootstrap/旧API/独立queue workers互相引用，非现行装配。旧compose/安装导出同步退出。,旧入口/兼容导出不能再调用；当前入口和有效契约继续保留；删除前迁移消费者和测试。,src/aether_agent_memory/bootstrap/container.py:99 (python_import); tests/unit/test_redis_queue_reliability.py:12 (python_import); docs/PHASE1_HANDOFF_20260914.md:57 (literal_path_reference); Dockerfile:14 (docker_copy_directory); Dockerfile.p3:20 (docker_copy_directory),a424fa6c53e10b6b3afcb4ba20f9061cfb74ef7fc2e89439b9618d9ad92214a2,收窄清单确认；增量保护；精确同步当前必要实现；迁移剩余消费者；AKS真实门禁和本机检查。
E:/projects/codex/aether/AgentJYS-main/src/aether_agent_memory/adapters/resource_context.py,SRC-024,S01_旧HTTP与Celery装配,src/aether_agent_memory/adapters/resource_context.py,True,13163,13163,拟整文件删除；本次清单确认后实施,当前部署使用__main__→runtime/flows/cli→Service；本组由已退休app/bootstrap/旧API/独立queue workers互相引用，非现行装配。旧compose/安装导出同步退出。,旧入口/兼容导出不能再调用；当前入口和有效契约继续保留；删除前迁移消费者和测试。,src/aether_agent_memory/bootstrap/container.py:102 (python_import); tests/unit/test_context_catalog_recall.py:7 (python_import); tests/unit/test_resource_context.py:5 (python_import); Dockerfile:14 (docker_copy_directory); Dockerfile.p3:20 (docker_copy_directory),35ac06c15d6272eb315ce66354d4cdc9240278eb599989e32cf60d272a116bd8,收窄清单确认；增量保护；精确同步当前必要实现；迁移剩余消费者；AKS真实门禁和本机检查。
E:/projects/codex/aether/AgentJYS-main/src/aether_agent_memory/adapters/resource_store.py,SRC-025,S01_旧HTTP与Celery装配,src/aether_agent_memory/adapters/resource_store.py,True,9216,9216,拟整文件删除；本次清单确认后实施,当前部署使用__main__→runtime/flows/cli→Service；本组由已退休app/bootstrap/旧API/独立queue workers互相引用，非现行装配。旧compose/安装导出同步退出。,旧入口/兼容导出不能再调用；当前入口和有效契约继续保留；删除前迁移消费者和测试。,src/aether_agent_memory/bootstrap/container.py:103 (python_import); tests/unit/test_context_catalog_recall.py:8 (python_import); tests/unit/test_context_fact_stores.py:7 (python_import); tests/unit/test_context_projection.py:11 (python_import); tests/unit/test_resource_context.py:9 (python_import); Dockerfile:14 (docker_copy_directory); Dockerfile.p3:20 (docker_copy_directory),cf889ae47aec549cb3ed820dd51ceff4b2a179920557e6ba97123d15587c16a0,收窄清单确认；增量保护；精确同步当前必要实现；迁移剩余消费者；AKS真实门禁和本机检查。
E:/projects/codex/aether/AgentJYS-main/src/aether_agent_memory/adapters/retrieval_trace.py,SRC-026,S01_旧HTTP与Celery装配,src/aether_agent_memory/adapters/retrieval_trace.py,True,2037,2037,拟整文件删除；本次清单确认后实施,当前部署使用__main__→runtime/flows/cli→Service；本组由已退休app/bootstrap/旧API/独立queue workers互相引用，非现行装配。旧compose/安装导出同步退出。,旧入口/兼容导出不能再调用；当前入口和有效契约继续保留；删除前迁移消费者和测试。,src/aether_agent_memory/bootstrap/container.py:107 (python_import); tests/unit/test_retrieval_trace_store.py:166 (python_import); Dockerfile:14 (docker_copy_directory); Dockerfile.p3:20 (docker_copy_directory),715110f0ab76e870580d8ab629cd312d8a9a41b262e98a76931fb168ade05b71,收窄清单确认；增量保护；精确同步当前必要实现；迁移剩余消费者；AKS真实门禁和本机检查。
E:/projects/codex/aether/AgentJYS-main/src/aether_agent_memory/adapters/session_context.py,SRC-027,S01_旧HTTP与Celery装配,src/aether_agent_memory/adapters/session_context.py,True,4148,4148,拟整文件删除；本次清单确认后实施,当前部署使用__main__→runtime/flows/cli→Service；本组由已退休app/bootstrap/旧API/独立queue workers互相引用，非现行装配。旧compose/安装导出同步退出。,旧入口/兼容导出不能再调用；当前入口和有效契约继续保留；删除前迁移消费者和测试。,src/aether_agent_memory/bootstrap/container.py:108 (python_import); tests/unit/test_context_catalog_recall.py:9 (python_import); tests/unit/test_session_context.py:7 (python_import); Dockerfile:14 (docker_copy_directory); Dockerfile.p3:20 (docker_copy_directory),b309e3163dcec73b21910f77a99659c71c478eec324d99143408fc0d15e20568,收窄清单确认；增量保护；精确同步当前必要实现；迁移剩余消费者；AKS真实门禁和本机检查。
E:/projects/codex/aether/AgentJYS-main/src/aether_agent_memory/adapters/session_extraction_queue.py,SRC-028,S01_旧HTTP与Celery装配,src/aether_agent_memory/adapters/session_extraction_queue.py,True,6269,6269,拟整文件删除；本次清单确认后实施,当前部署使用__main__→runtime/flows/cli→Service；本组由已退休app/bootstrap/旧API/独立queue workers互相引用，非现行装配。旧compose/安装导出同步退出。,旧入口/兼容导出不能再调用；当前入口和有效契约继续保留；删除前迁移消费者和测试。,src/aether_agent_memory/bootstrap/container.py:109 (python_import); tests/unit/test_queue_reliability.py:9 (python_import); tests/unit/test_session_extraction_worker.py:5 (python_import); tests/unit/test_session_service.py:5 (python_import); docs/PHASE1_HANDOFF_20260914.md:54 (literal_path_reference); Dockerfile:14 (docker_copy_directory); Dockerfile.p3:20 (docker_copy_directory),e3b0a7cb50eedac2e8c799e9672f5d54a570154ef89f5792328069a18be4c4ca,收窄清单确认；增量保护；精确同步当前必要实现；迁移剩余消费者；AKS真实门禁和本机检查。
E:/projects/codex/aether/AgentJYS-main/src/aether_agent_memory/adapters/session_store.py,SRC-029,S01_旧HTTP与Celery装配,src/aether_agent_memory/adapters/session_store.py,True,4869,4869,拟整文件删除；本次清单确认后实施,当前部署使用__main__→runtime/flows/cli→Service；本组由已退休app/bootstrap/旧API/独立queue workers互相引用，非现行装配。旧compose/安装导出同步退出。,旧入口/兼容导出不能再调用；当前入口和有效契约继续保留；删除前迁移消费者和测试。,src/aether_agent_memory/bootstrap/container.py:112 (python_import); tests/unit/test_context_catalog_recall.py:10 (python_import); tests/unit/test_context_projection.py:12 (python_import); tests/unit/test_fact_first.py:12 (python_import); tests/unit/test_memory_runtime.py:8 (python_import); tests/unit/test_queue_reliability.py:10 (python_import); tests/unit/test_session_context.py:8 (python_import); tests/unit/test_session_service.py:8 (python_import); docs/PHASE1_HANDOFF_20260914.md:14 (unique_basename_reference); docs/PHASE1_HANDOFF_20260914.md:58 (literal_path_reference); Dockerfile:14 (docker_copy_directory); Dockerfile.p3:20 (docker_copy_directory),a97e7efdb92228dcad34c72c873226d8238d2d55a06268ed8f5e11b839591469,收窄清单确认；增量保护；精确同步当前必要实现；迁移剩余消费者；AKS真实门禁和本机检查。
E:/projects/codex/aether/AgentJYS-main/src/aether_agent_memory/adapters/skill_context.py,SRC-030,S01_旧HTTP与Celery装配,src/aether_agent_memory/adapters/skill_context.py,True,7022,7022,拟整文件删除；本次清单确认后实施,当前部署使用__main__→runtime/flows/cli→Service；本组由已退休app/bootstrap/旧API/独立queue workers互相引用，非现行装配。旧compose/安装导出同步退出。,旧入口/兼容导出不能再调用；当前入口和有效契约继续保留；删除前迁移消费者和测试。,src/aether_agent_memory/bootstrap/container.py:116 (python_import); tests/unit/test_context_catalog_recall.py:11 (python_import); tests/unit/test_skill_context.py:5 (python_import); Dockerfile:14 (docker_copy_directory); Dockerfile.p3:20 (docker_copy_directory),e678ec1e2f4b823cb153cee21bb4cd1878db39f5c1709a93a958ea4fe15d788c,收窄清单确认；增量保护；精确同步当前必要实现；迁移剩余消费者；AKS真实门禁和本机检查。
E:/projects/codex/aether/AgentJYS-main/src/aether_agent_memory/adapters/skill_store.py,SRC-031,S01_旧HTTP与Celery装配,src/aether_agent_memory/adapters/skill_store.py,True,8657,8657,拟整文件删除；本次清单确认后实施,当前部署使用__main__→runtime/flows/cli→Service；本组由已退休app/bootstrap/旧API/独立queue workers互相引用，非现行装配。旧compose/安装导出同步退出。,旧入口/兼容导出不能再调用；当前入口和有效契约继续保留；删除前迁移消费者和测试。,src/aether_agent_memory/bootstrap/container.py:117 (python_import); tests/unit/test_context_catalog_recall.py:12 (python_import); tests/unit/test_context_fact_stores.py:11 (python_import); tests/unit/test_context_projection.py:13 (python_import); tests/unit/test_skill_context.py:6 (python_import); Dockerfile:14 (docker_copy_directory); Dockerfile.p3:20 (docker_copy_directory),74c57f2717627a84cc4b78a834eb43becd574b052b61a2e327ead1e128892531,收窄清单确认；增量保护；精确同步当前必要实现；迁移剩余消费者；AKS真实门禁和本机检查。
E:/projects/codex/aether/AgentJYS-main/src/aether_agent_memory/adapters/storage_control.py,SRC-032,S01_旧HTTP与Celery装配,src/aether_agent_memory/adapters/storage_control.py,True,2902,2902,拟整文件删除；本次清单确认后实施,当前部署使用__main__→runtime/flows/cli→Service；本组由已退休app/bootstrap/旧API/独立queue workers互相引用，非现行装配。旧compose/安装导出同步退出。,旧入口/兼容导出不能再调用；当前入口和有效契约继续保留；删除前迁移消费者和测试。,src/aether_agent_memory/adapters/operate_scheduler.py:48 (python_import); src/aether_agent_memory/bootstrap/container.py:121 (python_import); tests/unit/test_operate_control.py:323 (python_import); docs/PHASE2_HANDOFF_20260914.md:98 (literal_path_reference); Dockerfile:14 (docker_copy_directory); Dockerfile.p3:20 (docker_copy_directory),d3aa3deb9ed8f5cbc2e03c8746d84cbbad70bc2c4375d500fe7563f222f1d5b4,收窄清单确认；增量保护；精确同步当前必要实现；迁移剩余消费者；AKS真实门禁和本机检查。
E:/projects/codex/aether/AgentJYS-main/src/aether_agent_memory/adapters/storage_control_simulator.py,SRC-033,S01_旧HTTP与Celery装配,src/aether_agent_memory/adapters/storage_control_simulator.py,True,7951,7951,拟整文件删除；本次清单确认后实施,当前部署使用__main__→runtime/flows/cli→Service；本组由已退休app/bootstrap/旧API/独立queue workers互相引用，非现行装配。旧compose/安装导出同步退出。,旧入口/兼容导出不能再调用；当前入口和有效契约继续保留；删除前迁移消费者和测试。,src/aether_agent_memory/adapters/operate_scheduler.py:49 (python_import); src/aether_agent_memory/bootstrap/container.py:125 (python_import); tests/unit/test_operate_control.py:8 (python_import); tests/unit/test_operate_wiring.py:29 (python_import); tests/unit/test_operate_wiring.py:93 (python_import); docs/PHASE2_HANDOFF_20260914.md:97 (literal_path_reference); Dockerfile:14 (docker_copy_directory); Dockerfile.p3:20 (docker_copy_directory),fbfb3efb95c8ad0c067afb4be71d28a3f495685b86926ba524753eb51e459019,收窄清单确认；增量保护；精确同步当前必要实现；迁移剩余消费者；AKS真实门禁和本机检查。
E:/projects/codex/aether/AgentJYS-main/src/aether_agent_memory/api/__init__.py,SRC-034,S01_旧HTTP与Celery装配,src/aether_agent_memory/api/__init__.py,True,53,53,拟整文件删除；本次清单确认后实施,当前部署使用__main__→runtime/flows/cli→Service；本组由已退休app/bootstrap/旧API/独立queue workers互相引用，非现行装配。旧compose/安装导出同步退出。,旧入口/兼容导出不能再调用；当前入口和有效契约继续保留；删除前迁移消费者和测试。,src/aether_agent_memory/api/mappers/__init__.py:1 (package_initializer); src/aether_agent_memory/api/routers/catalog.py:8 (package_initializer); src/aether_agent_memory/api/routers/context.py:8 (package_initializer); src/aether_agent_memory/api/routers/demo.py:8 (package_initializer); src/aether_agent_memory/api/routers/embedding.py:7 (package_initializer); src/aether_agent_memory/api/routers/health.py:7 (package_initializer); src/aether_agent_memory/api/routers/memory.py:7 (package_initializer); src/aether_agent_memory/api/routers/projections.py:8 (package_initializer); src/aether_agent_memory/api/routers/resources.py:8 (package_initializer); src/aether_agent_memory/api/routers/scheduling.py:7 (package_initializer); src/aether_agent_memory/api/routers/sessions.py:9 (package_initializer); src/aether_agent_memory/api/routers/skills.py:8 (package_initializer); src/aether_agent_memory/api/routers/tasks.py:8 (package_initializer); src/aether_agent_memory/api/routers/tasks.py:13 (package_initializer); src/aether_agent_memory/app.py:13 (package_initializer),2359bb462ad819cac654ad1cf5e6eec9ee228405ae5ee32811d22958e56b2446,收窄清单确认；增量保护；精确同步当前必要实现；迁移剩余消费者；AKS真实门禁和本机检查。
E:/projects/codex/aether/AgentJYS-main/src/aether_agent_memory/api/dependencies.py,SRC-035,S01_旧HTTP与Celery装配,src/aether_agent_memory/api/dependencies.py,True,1493,1493,拟整文件删除；本次清单确认后实施,当前部署使用__main__→runtime/flows/cli→Service；本组由已退休app/bootstrap/旧API/独立queue workers互相引用，非现行装配。旧compose/安装导出同步退出。,旧入口/兼容导出不能再调用；当前入口和有效契约继续保留；删除前迁移消费者和测试。,src/aether_agent_memory/api/routers/catalog.py:8 (python_import); src/aether_agent_memory/api/routers/context.py:8 (python_import); src/aether_agent_memory/api/routers/demo.py:8 (python_import); src/aether_agent_memory/api/routers/embedding.py:7 (python_import); src/aether_agent_memory/api/routers/health.py:7 (python_import); src/aether_agent_memory/api/routers/memory.py:7 (python_import); src/aether_agent_memory/api/routers/projections.py:8 (python_import); src/aether_agent_memory/api/routers/resources.py:8 (python_import); src/aether_agent_memory/api/routers/scheduling.py:7 (python_import); src/aether_agent_memory/api/routers/sessions.py:9 (python_import); src/aether_agent_memory/api/routers/skills.py:8 (python_import); src/aether_agent_memory/api/routers/tasks.py:8 (python_import); Dockerfile:14 (docker_copy_directory); Dockerfile.p3:20 (docker_copy_directory),f225f7895684cbf4e00ff804ee7b7360547843ecad5efc8ee91a36d7efa0993d,收窄清单确认；增量保护；精确同步当前必要实现；迁移剩余消费者；AKS真实门禁和本机检查。
E:/projects/codex/aether/AgentJYS-main/src/aether_agent_memory/api/mappers/__init__.py,SRC-036,S01_旧HTTP与Celery装配,src/aether_agent_memory/api/mappers/__init__.py,True,275,275,拟整文件删除；本次清单确认后实施,当前部署使用__main__→runtime/flows/cli→Service；本组由已退休app/bootstrap/旧API/独立queue workers互相引用，非现行装配。旧compose/安装导出同步退出。,旧入口/兼容导出不能再调用；当前入口和有效契约继续保留；删除前迁移消费者和测试。,src/aether_agent_memory/api/routers/tasks.py:13 (python_import); src/aether_agent_memory/api/routers/tasks.py:13 (package_initializer); tests/unit/test_phase_3_5_closure.py:9 (python_import); tests/unit/test_phase_3_5_closure.py:9 (package_initializer); Dockerfile:14 (docker_copy_directory); Dockerfile.p3:20 (docker_copy_directory),44556edf88286d9f3b05d5a705a9b5df1e60e8c72a29a42fad9488f40e216770,收窄清单确认；增量保护；精确同步当前必要实现；迁移剩余消费者；AKS真实门禁和本机检查。
E:/projects/codex/aether/AgentJYS-main/src/aether_agent_memory/api/mappers/v1.py,SRC-037,S01_旧HTTP与Celery装配,src/aether_agent_memory/api/mappers/v1.py,True,1175,1175,拟整文件删除；本次清单确认后实施,当前部署使用__main__→runtime/flows/cli→Service；本组由已退休app/bootstrap/旧API/独立queue workers互相引用，非现行装配。旧compose/安装导出同步退出。,旧入口/兼容导出不能再调用；当前入口和有效契约继续保留；删除前迁移消费者和测试。,src/aether_agent_memory/api/mappers/__init__.py:1 (python_import); Dockerfile:14 (docker_copy_directory); Dockerfile.p3:20 (docker_copy_directory),8a05acd05472d00640034c9639838446f57bc77801fcee2782180220406b61bf,收窄清单确认；增量保护；精确同步当前必要实现；迁移剩余消费者；AKS真实门禁和本机检查。
E:/projects/codex/aether/AgentJYS-main/src/aether_agent_memory/api/routers/__init__.py,SRC-038,S01_旧HTTP与Celery装配,src/aether_agent_memory/api/routers/__init__.py,True,23,23,拟整文件删除；本次清单确认后实施,当前部署使用__main__→runtime/flows/cli→Service；本组由已退休app/bootstrap/旧API/独立queue workers互相引用，非现行装配。旧compose/安装导出同步退出。,旧入口/兼容导出不能再调用；当前入口和有效契约继续保留；删除前迁移消费者和测试。,src/aether_agent_memory/app.py:13 (python_import); src/aether_agent_memory/app.py:13 (package_initializer); tests/unit/test_compose_smoke_contract.py:15 (python_import); tests/unit/test_compose_smoke_contract.py:15 (package_initializer); Dockerfile:14 (docker_copy_directory); Dockerfile.p3:20 (docker_copy_directory),c15c83cef24943cdc5c4af833d400d281cbde53c4faef4d54bfaab3c061251dd,收窄清单确认；增量保护；精确同步当前必要实现；迁移剩余消费者；AKS真实门禁和本机检查。
E:/projects/codex/aether/AgentJYS-main/src/aether_agent_memory/api/routers/catalog.py,SRC-039,S01_旧HTTP与Celery装配,src/aether_agent_memory/api/routers/catalog.py,True,3811,3811,拟整文件删除；本次清单确认后实施,当前部署使用__main__→runtime/flows/cli→Service；本组由已退休app/bootstrap/旧API/独立queue workers互相引用，非现行装配。旧compose/安装导出同步退出。,旧入口/兼容导出不能再调用；当前入口和有效契约继续保留；删除前迁移消费者和测试。,src/aether_agent_memory/app.py:13 (python_import); Dockerfile:14 (docker_copy_directory); Dockerfile.p3:20 (docker_copy_directory),fffe2454e6a502d0130576616d8e702e6ae17cefaf66d447b2e86d8d0fb8a409,收窄清单确认；增量保护；精确同步当前必要实现；迁移剩余消费者；AKS真实门禁和本机检查。
E:/projects/codex/aether/AgentJYS-main/src/aether_agent_memory/api/routers/context.py,SRC-040,S01_旧HTTP与Celery装配,src/aether_agent_memory/api/routers/context.py,True,2116,2116,拟整文件删除；本次清单确认后实施,当前部署使用__main__→runtime/flows/cli→Service；本组由已退休app/bootstrap/旧API/独立queue workers互相引用，非现行装配。旧compose/安装导出同步退出。,旧入口/兼容导出不能再调用；当前入口和有效契约继续保留；删除前迁移消费者和测试。,src/aether_agent_memory/app.py:13 (python_import); Dockerfile:14 (docker_copy_directory); Dockerfile.p3:20 (docker_copy_directory),47539770e61fdd024a2bec787e257cd5ffbcb452213eaa5999e9539a252bcb2f,收窄清单确认；增量保护；精确同步当前必要实现；迁移剩余消费者；AKS真实门禁和本机检查。
E:/projects/codex/aether/AgentJYS-main/src/aether_agent_memory/api/routers/demo.py,SRC-041,S01_旧HTTP与Celery装配,src/aether_agent_memory/api/routers/demo.py,True,2570,2570,拟整文件删除；本次清单确认后实施,当前部署使用__main__→runtime/flows/cli→Service；本组由已退休app/bootstrap/旧API/独立queue workers互相引用，非现行装配。旧compose/安装导出同步退出。,旧入口/兼容导出不能再调用；当前入口和有效契约继续保留；删除前迁移消费者和测试。,src/aether_agent_memory/app.py:13 (python_import); tests/unit/test_compose_smoke_contract.py:15 (python_import); Dockerfile:14 (docker_copy_directory); Dockerfile.p3:20 (docker_copy_directory),672bb24ea071a0fb798c52db88387947fc17eb829ba282b54f25a36b06f60973,收窄清单确认；增量保护；精确同步当前必要实现；迁移剩余消费者；AKS真实门禁和本机检查。
E:/projects/codex/aether/AgentJYS-main/src/aether_agent_memory/api/routers/embedding.py,SRC-042,S01_旧HTTP与Celery装配,src/aether_agent_memory/api/routers/embedding.py,True,971,971,拟整文件删除；本次清单确认后实施,当前部署使用__main__→runtime/flows/cli→Service；本组由已退休app/bootstrap/旧API/独立queue workers互相引用，非现行装配。旧compose/安装导出同步退出。,旧入口/兼容导出不能再调用；当前入口和有效契约继续保留；删除前迁移消费者和测试。,src/aether_agent_memory/app.py:13 (python_import); Dockerfile:14 (docker_copy_directory); Dockerfile.p3:20 (docker_copy_directory),5e625101271ab344d30bb19621c4aa794f7119f9a591ff585bf0a5874c094060,收窄清单确认；增量保护；精确同步当前必要实现；迁移剩余消费者；AKS真实门禁和本机检查。
E:/projects/codex/aether/AgentJYS-main/src/aether_agent_memory/api/routers/health.py,SRC-043,S01_旧HTTP与Celery装配,src/aether_agent_memory/api/routers/health.py,True,1064,1064,拟整文件删除；本次清单确认后实施,当前部署使用__main__→runtime/flows/cli→Service；本组由已退休app/bootstrap/旧API/独立queue workers互相引用，非现行装配。旧compose/安装导出同步退出。,旧入口/兼容导出不能再调用；当前入口和有效契约继续保留；删除前迁移消费者和测试。,src/aether_agent_memory/app.py:13 (python_import); Dockerfile:14 (docker_copy_directory); Dockerfile.p3:20 (docker_copy_directory),d6fda7e3c8560e4fb6365d0131c142446df7625a449d88a0dae58df1df9f8dff,收窄清单确认；增量保护；精确同步当前必要实现；迁移剩余消费者；AKS真实门禁和本机检查。
E:/projects/codex/aether/AgentJYS-main/src/aether_agent_memory/api/routers/memory.py,SRC-044,S01_旧HTTP与Celery装配,src/aether_agent_memory/api/routers/memory.py,True,661,661,拟整文件删除；本次清单确认后实施,当前部署使用__main__→runtime/flows/cli→Service；本组由已退休app/bootstrap/旧API/独立queue workers互相引用，非现行装配。旧compose/安装导出同步退出。,旧入口/兼容导出不能再调用；当前入口和有效契约继续保留；删除前迁移消费者和测试。,src/aether_agent_memory/app.py:13 (python_import); Dockerfile:14 (docker_copy_directory); Dockerfile.p3:20 (docker_copy_directory),9e4b621b795b8a4983468d1cc3327b845170d581ede04c49b8e118c7779ca22d,收窄清单确认；增量保护；精确同步当前必要实现；迁移剩余消费者；AKS真实门禁和本机检查。
E:/projects/codex/aether/AgentJYS-main/src/aether_agent_memory/api/routers/projections.py,SRC-045,S01_旧HTTP与Celery装配,src/aether_agent_memory/api/routers/projections.py,True,1158,1158,拟整文件删除；本次清单确认后实施,当前部署使用__main__→runtime/flows/cli→Service；本组由已退休app/bootstrap/旧API/独立queue workers互相引用，非现行装配。旧compose/安装导出同步退出。,旧入口/兼容导出不能再调用；当前入口和有效契约继续保留；删除前迁移消费者和测试。,src/aether_agent_memory/app.py:13 (python_import); Dockerfile:14 (docker_copy_directory); Dockerfile.p3:20 (docker_copy_directory),13affd971e2c6029c7447889b9c4eef88ae3ec898a0cfff6f7cccae5225cd3f3,收窄清单确认；增量保护；精确同步当前必要实现；迁移剩余消费者；AKS真实门禁和本机检查。
E:/projects/codex/aether/AgentJYS-main/src/aether_agent_memory/api/routers/resources.py,SRC-046,S01_旧HTTP与Celery装配,src/aether_agent_memory/api/routers/resources.py,True,3070,3070,拟整文件删除；本次清单确认后实施,当前部署使用__main__→runtime/flows/cli→Service；本组由已退休app/bootstrap/旧API/独立queue workers互相引用，非现行装配。旧compose/安装导出同步退出。,旧入口/兼容导出不能再调用；当前入口和有效契约继续保留；删除前迁移消费者和测试。,src/aether_agent_memory/app.py:13 (python_import); Dockerfile:14 (docker_copy_directory); Dockerfile.p3:20 (docker_copy_directory),c5b8eef2b188c27781d8266b57afe7a5ac5d8d3213077ef10ec0e39fa1699e69,收窄清单确认；增量保护；精确同步当前必要实现；迁移剩余消费者；AKS真实门禁和本机检查。
E:/projects/codex/aether/AgentJYS-main/src/aether_agent_memory/api/routers/scheduling.py,SRC-047,S01_旧HTTP与Celery装配,src/aether_agent_memory/api/routers/scheduling.py,True,765,765,拟整文件删除；本次清单确认后实施,当前部署使用__main__→runtime/flows/cli→Service；本组由已退休app/bootstrap/旧API/独立queue workers互相引用，非现行装配。旧compose/安装导出同步退出。,旧入口/兼容导出不能再调用；当前入口和有效契约继续保留；删除前迁移消费者和测试。,src/aether_agent_memory/app.py:13 (python_import); Dockerfile:14 (docker_copy_directory); Dockerfile.p3:20 (docker_copy_directory),7e3868102b59c910668157426b51c16cec6ca36267dc5e909ef16431a4b7113f,收窄清单确认；增量保护；精确同步当前必要实现；迁移剩余消费者；AKS真实门禁和本机检查。
E:/projects/codex/aether/AgentJYS-main/src/aether_agent_memory/api/routers/sessions.py,SRC-048,S01_旧HTTP与Celery装配,src/aether_agent_memory/api/routers/sessions.py,True,3187,3187,拟整文件删除；本次清单确认后实施,当前部署使用__main__→runtime/flows/cli→Service；本组由已退休app/bootstrap/旧API/独立queue workers互相引用，非现行装配。旧compose/安装导出同步退出。,旧入口/兼容导出不能再调用；当前入口和有效契约继续保留；删除前迁移消费者和测试。,src/aether_agent_memory/app.py:13 (python_import); Dockerfile:14 (docker_copy_directory); Dockerfile.p3:20 (docker_copy_directory),53a10921d07ee3d0483b2507be5d0c9294d5476196ceadec12eaaf0dce94d1bf,收窄清单确认；增量保护；精确同步当前必要实现；迁移剩余消费者；AKS真实门禁和本机检查。
E:/projects/codex/aether/AgentJYS-main/src/aether_agent_memory/api/routers/skills.py,SRC-049,S01_旧HTTP与Celery装配,src/aether_agent_memory/api/routers/skills.py,True,2535,2535,拟整文件删除；本次清单确认后实施,当前部署使用__main__→runtime/flows/cli→Service；本组由已退休app/bootstrap/旧API/独立queue workers互相引用，非现行装配。旧compose/安装导出同步退出。,旧入口/兼容导出不能再调用；当前入口和有效契约继续保留；删除前迁移消费者和测试。,src/aether_agent_memory/app.py:13 (python_import); Dockerfile:14 (docker_copy_directory); Dockerfile.p3:20 (docker_copy_directory),06137cff4c6094baec3b73f1b5e0f8bf82ca25791c5f1257e46f287138cd978b,收窄清单确认；增量保护；精确同步当前必要实现；迁移剩余消费者；AKS真实门禁和本机检查。
E:/projects/codex/aether/AgentJYS-main/src/aether_agent_memory/api/routers/tasks.py,SRC-050,S01_旧HTTP与Celery装配,src/aether_agent_memory/api/routers/tasks.py,True,2331,2331,拟整文件删除；本次清单确认后实施,当前部署使用__main__→runtime/flows/cli→Service；本组由已退休app/bootstrap/旧API/独立queue workers互相引用，非现行装配。旧compose/安装导出同步退出。,旧入口/兼容导出不能再调用；当前入口和有效契约继续保留；删除前迁移消费者和测试。,src/aether_agent_memory/app.py:13 (python_import); Dockerfile:14 (docker_copy_directory); Dockerfile.p3:20 (docker_copy_directory),558d74f45df5ace245a39835d9e0b47a50ebd94b68b18d879ea444e1de027dd3,收窄清单确认；增量保护；精确同步当前必要实现；迁移剩余消费者；AKS真实门禁和本机检查。
E:/projects/codex/aether/AgentJYS-main/src/aether_agent_memory/app.py,SRC-051,S01_旧HTTP与Celery装配,src/aether_agent_memory/app.py,True,3667,3667,拟整文件删除；本次清单确认后实施,当前部署使用__main__→runtime/flows/cli→Service；本组由已退休app/bootstrap/旧API/独立queue workers互相引用，非现行装配。旧compose/安装导出同步退出。,旧入口/兼容导出不能再调用；当前入口和有效契约继续保留；删除前迁移消费者和测试。,scripts/p3_service.py:13 (python_import); tests/unit/test_app_contract.py:10 (python_import); tests/unit/test_legacy_production_gate.py:8 (python_import); tests/unit/test_p3_northbound_contract.py:9 (python_import); Dockerfile:28 (module_literal_reference); README.md:393 (module_literal_reference); compose.yaml:85 (module_literal_reference); docs/ENGINEERING_DELIVERY.md:18 (module_literal_reference); docs/ENGINEERING_DELIVERY.md:28 (module_literal_reference); docs/ENGINEERING_DELIVERY.md:34 (literal_path_reference); docs/p3/acceptance/reports/cleanup-manifest.json:75 (unique_basename_reference); docs/p3/development/03_现有代码复用与改造清单.md:18 (unique_basename_reference); docs/p3/development/08_旧代码清理与保留边界.md:23 (unique_basename_reference); tests/unit/test_app_contract.py:400 (unique_basename_reference); tests/unit/test_architecture_layers.py:13 (unique_basename_reference),b7451c1321d98a9125fac5656b30b71118be7dd12bfee9d3f4f432e9bead4a80,收窄清单确认；增量保护；精确同步当前必要实现；迁移剩余消费者；AKS真实门禁和本机检查。
E:/projects/codex/aether/AgentJYS-main/src/aether_agent_memory/application/__init__.py,SRC-052,S01_旧HTTP与Celery装配,src/aether_agent_memory/application/__init__.py,True,1820,1820,拟整文件删除；本次清单确认后实施,当前部署使用__main__→runtime/flows/cli→Service；本组由已退休app/bootstrap/旧API/独立queue workers互相引用，非现行装配。旧compose/安装导出同步退出。,旧入口/兼容导出不能再调用；当前入口和有效契约继续保留；删除前迁移消费者和测试。,src/aether_agent_memory/api/routers/resources.py:9 (package_initializer); src/aether_agent_memory/api/routers/skills.py:9 (package_initializer); src/aether_agent_memory/application/resource.py:7 (package_initializer); src/aether_agent_memory/application/services.py:10 (package_initializer); src/aether_agent_memory/application/session.py:7 (package_initializer); src/aether_agent_memory/application/session.py:8 (package_initializer); src/aether_agent_memory/application/skill.py:7 (package_initializer); src/aether_agent_memory/runtime/service.py:5 (python_import); src/aether_agent_memory/runtime/service.py:5 (package_initializer); src/aether_agent_memory/runtime/service.py:24 (package_initializer); src/aether_agent_memory/runtime/service.py:28 (package_initializer); src/aether_agent_memory/runtime/service.py:32 (package_initializer); src/aether_agent_memory/runtime/service.py:33 (package_initializer); src/aether_agent_memory/runtime/service.py:43 (package_initializer); tests/unit/recall/test_contracts.py:9 (package_initializer),dbb75bc5e4885a317bc25ded3d7a3c3afae7795ba806291a5ac21b063b1a04ba,收窄清单确认；增量保护；精确同步当前必要实现；迁移剩余消费者；AKS真实门禁和本机检查。
E:/projects/codex/aether/AgentJYS-main/src/aether_agent_memory/application/context_projection.py,SRC-053,S01_旧HTTP与Celery装配,src/aether_agent_memory/application/context_projection.py,True,3721,3721,拟整文件删除；本次清单确认后实施,当前部署使用__main__→runtime/flows/cli→Service；本组由已退休app/bootstrap/旧API/独立queue workers互相引用，非现行装配。旧compose/安装导出同步退出。,旧入口/兼容导出不能再调用；当前入口和有效契约继续保留；删除前迁移消费者和测试。,src/aether_agent_memory/application/__init__.py:1 (python_import); src/aether_agent_memory/runtime/service.py:24 (python_import); tests/unit/test_context_projection.py:14 (python_import); docs/PHASE1_HANDOFF_20260914.md:60 (literal_path_reference); Dockerfile:14 (docker_copy_directory); Dockerfile.p3:20 (docker_copy_directory),57dac6273b9a40bc6dd245cc8489be71d3d91b22fe18e9e12a4ec315c67062e2,收窄清单确认；增量保护；精确同步当前必要实现；迁移剩余消费者；AKS真实门禁和本机检查。
E:/projects/codex/aether/AgentJYS-main/src/aether_agent_memory/application/projection.py,SRC-054,S01_旧HTTP与Celery装配,src/aether_agent_memory/application/projection.py,True,4204,4204,拟整文件删除；本次清单确认后实施,当前部署使用__main__→runtime/flows/cli→Service；本组由已退休app/bootstrap/旧API/独立queue workers互相引用，非现行装配。旧compose/安装导出同步退出。,旧入口/兼容导出不能再调用；当前入口和有效契约继续保留；删除前迁移消费者和测试。,src/aether_agent_memory/application/__init__.py:5 (python_import); src/aether_agent_memory/runtime/service.py:28 (python_import); tests/unit/test_fact_first.py:13 (python_import); tests/unit/test_projection_reconciler.py:7 (python_import); docs/PHASE1_HANDOFF_20260914.md:59 (literal_path_reference); Dockerfile:14 (docker_copy_directory); Dockerfile.p3:20 (docker_copy_directory),9fa29afcf2e9a4e2e598430df1f30b082d1a916c9397321cbb11c5313564f256,收窄清单确认；增量保护；精确同步当前必要实现；迁移剩余消费者；AKS真实门禁和本机检查。
E:/projects/codex/aether/AgentJYS-main/src/aether_agent_memory/application/resource.py,SRC-055,S01_旧HTTP与Celery装配,src/aether_agent_memory/application/resource.py,True,9078,9078,拟整文件删除；本次清单确认后实施,当前部署使用__main__→runtime/flows/cli→Service；本组由已退休app/bootstrap/旧API/独立queue workers互相引用，非现行装配。旧compose/安装导出同步退出。,旧入口/兼容导出不能再调用；当前入口和有效契约继续保留；删除前迁移消费者和测试。,src/aether_agent_memory/api/routers/resources.py:9 (python_import); src/aether_agent_memory/application/__init__.py:9 (python_import); tests/unit/test_context_projection.py:15 (python_import); tests/unit/test_resource_context.py:10 (python_import); Dockerfile:14 (docker_copy_directory); Dockerfile.p3:20 (docker_copy_directory),5af82dbb7550513e1fb800a303bf0ec89ff851ca872a542087ae1cae9d6d81e3,收窄清单确认；增量保护；精确同步当前必要实现；迁移剩余消费者；AKS真实门禁和本机检查。
E:/projects/codex/aether/AgentJYS-main/src/aether_agent_memory/application/scope.py,SRC-056,S01_旧HTTP与Celery装配,src/aether_agent_memory/application/scope.py,True,2472,2474,拟整文件删除；本次清单确认后实施,当前部署使用__main__→runtime/flows/cli→Service；本组由已退休app/bootstrap/旧API/独立queue workers互相引用，非现行装配。旧compose/安装导出同步退出。,旧入口/兼容导出不能再调用；当前入口和有效契约继续保留；删除前迁移消费者和测试。,src/aether_agent_memory/application/resource.py:7 (python_import); src/aether_agent_memory/application/services.py:10 (python_import); src/aether_agent_memory/application/session.py:7 (python_import); src/aether_agent_memory/application/skill.py:7 (python_import); src/aether_agent_memory/runtime/service.py:32 (python_import); tests/unit/recall/test_contracts.py:9 (python_import); Dockerfile:14 (docker_copy_directory); Dockerfile.p3:20 (docker_copy_directory),ece4329d0d13cf3f6d3108060933a8ff7dfc3fb43ba60ff2c72b22dcb1c48bfc,收窄清单确认；增量保护；精确同步当前必要实现；迁移剩余消费者；AKS真实门禁和本机检查。
E:/projects/codex/aether/AgentJYS-main/src/aether_agent_memory/application/services.py,SRC-057,S01_旧HTTP与Celery装配,src/aether_agent_memory/application/services.py,True,30285,30285,拟整文件删除；本次清单确认后实施,当前部署使用__main__→runtime/flows/cli→Service；本组由已退休app/bootstrap/旧API/独立queue workers互相引用，非现行装配。旧compose/安装导出同步退出。,旧入口/兼容导出不能再调用；当前入口和有效契约继续保留；删除前迁移消费者和测试。,src/aether_agent_memory/application/__init__.py:14 (python_import); src/aether_agent_memory/application/session.py:8 (python_import); src/aether_agent_memory/runtime/service.py:33 (python_import); tests/unit/test_access_trace.py:6 (python_import); tests/unit/test_access_trace.py:194 (python_import); tests/unit/test_b3_application_scope.py:5 (python_import); tests/unit/test_fact_first.py:14 (python_import); tests/unit/test_operate_wiring.py:94 (python_import); tests/unit/test_phase_3_5_closure.py:14 (python_import); tests/unit/test_projection_reconciler.py:8 (python_import); tests/unit/test_task_scope.py:8 (python_import); docs/PHASE0_HANDOFF_20260914.md:22 (literal_path_reference); docs/PHASE2_HANDOFF_20260914.md:110 (literal_path_reference); Dockerfile:14 (docker_copy_directory); Dockerfile.p3:20 (docker_copy_directory),2d6a17956903f1de049a48abf3e66dfcf3fcfdd25c145663b8e020685d170061,收窄清单确认；增量保护；精确同步当前必要实现；迁移剩余消费者；AKS真实门禁和本机检查。
E:/projects/codex/aether/AgentJYS-main/src/aether_agent_memory/application/session.py,SRC-058,S01_旧HTTP与Celery装配,src/aether_agent_memory/application/session.py,True,8341,8341,拟整文件删除；本次清单确认后实施,当前部署使用__main__→runtime/flows/cli→Service；本组由已退休app/bootstrap/旧API/独立queue workers互相引用，非现行装配。旧compose/安装导出同步退出。,旧入口/兼容导出不能再调用；当前入口和有效契约继续保留；删除前迁移消费者和测试。,src/aether_agent_memory/application/__init__.py:27 (python_import); src/aether_agent_memory/runtime/service.py:43 (python_import); tests/unit/test_fact_first.py:15 (python_import); tests/unit/test_session_extraction_policy.py:7 (python_import); tests/unit/test_session_extraction_worker.py:8 (python_import); docs/PHASE1_HANDOFF_20260914.md:61 (literal_path_reference); Dockerfile:14 (docker_copy_directory); Dockerfile.p3:20 (docker_copy_directory),4619cd603f5ee35ab0408493e0234cbc154d1116a5d18efb84d9dd2cf5cb9c3b,收窄清单确认；增量保护；精确同步当前必要实现；迁移剩余消费者；AKS真实门禁和本机检查。
E:/projects/codex/aether/AgentJYS-main/src/aether_agent_memory/application/skill.py,SRC-059,S01_旧HTTP与Celery装配,src/aether_agent_memory/application/skill.py,True,6068,6068,拟整文件删除；本次清单确认后实施,当前部署使用__main__→runtime/flows/cli→Service；本组由已退休app/bootstrap/旧API/独立queue workers互相引用，非现行装配。旧compose/安装导出同步退出。,旧入口/兼容导出不能再调用；当前入口和有效契约继续保留；删除前迁移消费者和测试。,src/aether_agent_memory/api/routers/skills.py:9 (python_import); src/aether_agent_memory/application/__init__.py:32 (python_import); tests/unit/test_context_projection.py:20 (python_import); tests/unit/test_skill_context.py:7 (python_import); Dockerfile:14 (docker_copy_directory); Dockerfile.p3:20 (docker_copy_directory),548ca3c384138cbbe432e91908c5804e0d62a7910e40b3aaaeee24293ffa1ae6,收窄清单确认；增量保护；精确同步当前必要实现；迁移剩余消费者；AKS真实门禁和本机检查。
E:/projects/codex/aether/AgentJYS-main/src/aether_agent_memory/b1/backends.py,SRC-060,S04_旧兼容路径,src/aether_agent_memory/b1/backends.py,True,2777,2777,拟整文件删除；本次清单确认后实施,原路径仅转导canonical实现或空supervisor；保留canonical并修全部消费者、lazy导出与旧路径参数测试。,旧入口/兼容导出不能再调用；当前入口和有效契约继续保留；删除前迁移消费者和测试。,src/aether_agent_memory/b1/sidecar.py:25 (python_import); tests/unit/recall/test_native_embedding.py:290 (python_import); tests/unit/test_b1_backends.py:11 (python_import); tests/unit/test_b1_backends.py:128 (python_import); tests/unit/test_b1_sidecar.py:12 (python_import); tests/unit/test_b1_sidecar.py:13 (python_import); Dockerfile:14 (docker_copy_directory); Dockerfile.p3:20 (docker_copy_directory),e913cc1f610da33ef1cb2ff74747422140c12e8ac593b9f17cfd884caba5fb7c,收窄清单确认；增量保护；精确同步当前必要实现；迁移剩余消费者；AKS真实门禁和本机检查。
E:/projects/codex/aether/AgentJYS-main/src/aether_agent_memory/b1/batching.py,SRC-061,S03_旧演示与独立B1工具,src/aether_agent_memory/b1/batching.py,True,19982,19982,拟整文件删除；本次清单确认后实施,旧Mock、Sidecar仪表盘和B1/B2/B3演示工具；目标当前本机及Azure使用canonical native BGE和统一HTTP。退出这些工具的能力是明确影响。,旧入口/兼容导出不能再调用；当前入口和有效契约继续保留；删除前迁移消费者和测试。,src/aether_agent_memory/b1/sidecar.py:33 (python_import); tests/unit/test_b1_batching.py:10 (python_import); Dockerfile:14 (docker_copy_directory); Dockerfile.p3:20 (docker_copy_directory),ac8fd790dc6f5b12f124d4b6c6467d149eb539205e70833b3caa2c9998649f58,收窄清单确认；增量保护；精确同步当前必要实现；迁移剩余消费者；AKS真实门禁和本机检查。
E:/projects/codex/aether/AgentJYS-main/src/aether_agent_memory/b1/capabilities.py,SRC-062,S03_旧演示与独立B1工具,src/aether_agent_memory/b1/capabilities.py,True,4789,4789,拟整文件删除；本次清单确认后实施,旧Mock、Sidecar仪表盘和B1/B2/B3演示工具；目标当前本机及Azure使用canonical native BGE和统一HTTP。退出这些工具的能力是明确影响。,旧入口/兼容导出不能再调用；当前入口和有效契约继续保留；删除前迁移消费者和测试。,src/aether_agent_memory/b1/sidecar.py:42 (python_import); docs/B1_MANUAL_INSTALL_WINDOWS.md:58 (unique_basename_reference); Dockerfile:14 (docker_copy_directory); Dockerfile.p3:20 (docker_copy_directory),fdd7e3e2da5cb993a4104188b39f4133fad6bb541796ccd71c1dc6285373b24b,收窄清单确认；增量保护；精确同步当前必要实现；迁移剩余消费者；AKS真实门禁和本机检查。
E:/projects/codex/aether/AgentJYS-main/src/aether_agent_memory/b1/dashboard.py,SRC-063,S03_旧演示与独立B1工具,src/aether_agent_memory/b1/dashboard.py,True,7601,7601,拟整文件删除；本次清单确认后实施,旧Mock、Sidecar仪表盘和B1/B2/B3演示工具；目标当前本机及Azure使用canonical native BGE和统一HTTP。退出这些工具的能力是明确影响。,旧入口/兼容导出不能再调用；当前入口和有效契约继续保留；删除前迁移消费者和测试。,docs/B1_MANUAL_INSTALL_WINDOWS.md:396 (module_literal_reference); docs/p3/acceptance/reports/cleanup-manifest.json:111 (module_literal_reference); pyproject.toml:123 (module_literal_reference); scripts/start_b1_dashboard.ps1:20 (module_literal_reference); docs/B1_MANUAL_INSTALL_WINDOWS.md:59 (unique_basename_reference); Dockerfile:14 (docker_copy_directory); Dockerfile.p3:20 (docker_copy_directory),66c4b93a8322147f91b3398496e18ae028bacd50b5b1baea7343eeb71c70d517,收窄清单确认；增量保护；精确同步当前必要实现；迁移剩余消费者；AKS真实门禁和本机检查。
E:/projects/codex/aether/AgentJYS-main/src/aether_agent_memory/b1/dataset_runner.py,SRC-064,S03_旧演示与独立B1工具,src/aether_agent_memory/b1/dataset_runner.py,True,10098,10098,拟整文件删除；本次清单确认后实施,旧Mock、Sidecar仪表盘和B1/B2/B3演示工具；目标当前本机及Azure使用canonical native BGE和统一HTTP。退出这些工具的能力是明确影响。,旧入口/兼容导出不能再调用；当前入口和有效契约继续保留；删除前迁移消费者和测试。,tests/unit/test_b1_dataset_runner.py:7 (python_import); docs/B1_MANUAL_INSTALL_WINDOWS.md:347 (module_literal_reference); docs/B1_MANUAL_INSTALL_WINDOWS.md:356 (module_literal_reference); docs/B1_ONE_CLICK_INSTALL_WINDOWS.md:83 (module_literal_reference); docs/B1_ONE_CLICK_INSTALL_WINDOWS.md:91 (module_literal_reference); docs/p3/acceptance/reports/cleanup-manifest.json:116 (module_literal_reference); pyproject.toml:124 (module_literal_reference); docs/B1_MANUAL_INSTALL_WINDOWS.md:60 (unique_basename_reference); Dockerfile:14 (docker_copy_directory); Dockerfile.p3:20 (docker_copy_directory),e5b1d2aa92c998e5f2f4ec4f9213ff87630590b835c6794a8d666f3c2e120eab,收窄清单确认；增量保护；精确同步当前必要实现；迁移剩余消费者；AKS真实门禁和本机检查。
E:/projects/codex/aether/AgentJYS-main/src/aether_agent_memory/b1/fastembed_client.py,SRC-065,S04_旧兼容路径,src/aether_agent_memory/b1/fastembed_client.py,True,201,201,拟整文件删除；本次清单确认后实施,原路径仅转导canonical实现或空supervisor；保留canonical并修全部消费者、lazy导出与旧路径参数测试。,旧入口/兼容导出不能再调用；当前入口和有效契约继续保留；删除前迁移消费者和测试。,src/aether_agent_memory/b1/__init__.py:1 (python_import); Dockerfile:14 (docker_copy_directory); Dockerfile.p3:20 (docker_copy_directory),d850e733696e334b7ad27076fd10635020297bc7ebf6aeae54652039966cfe38,收窄清单确认；增量保护；精确同步当前必要实现；迁移剩余消费者；AKS真实门禁和本机检查。
E:/projects/codex/aether/AgentJYS-main/src/aether_agent_memory/b1/model_download.py,SRC-066,S03_旧演示与独立B1工具,src/aether_agent_memory/b1/model_download.py,True,1747,1747,拟整文件删除；本次清单确认后实施,旧Mock、Sidecar仪表盘和B1/B2/B3演示工具；目标当前本机及Azure使用canonical native BGE和统一HTTP。退出这些工具的能力是明确影响。,旧入口/兼容导出不能再调用；当前入口和有效契约继续保留；删除前迁移消费者和测试。,docs/B1-docker验证.md:68 (module_literal_reference); docs/B1_MANUAL_INSTALL_WINDOWS.md:159 (module_literal_reference); docs/p3/acceptance/reports/cleanup-manifest.json:121 (module_literal_reference); pyproject.toml:125 (module_literal_reference); scripts/install_b1.ps1:69 (module_literal_reference); docs/B1_MANUAL_INSTALL_WINDOWS.md:61 (unique_basename_reference); Dockerfile:14 (docker_copy_directory); Dockerfile.p3:20 (docker_copy_directory),5185bcea3e26d2bbb7a176fb58f77bfb38f8623a26de360c71197305cc441274,收窄清单确认；增量保护；精确同步当前必要实现；迁移剩余消费者；AKS真实门禁和本机检查。
E:/projects/codex/aether/AgentJYS-main/src/aether_agent_memory/b1/pipeline.py,SRC-067,S03_旧演示与独立B1工具,src/aether_agent_memory/b1/pipeline.py,True,6742,6742,拟整文件删除；本次清单确认后实施,旧Mock、Sidecar仪表盘和B1/B2/B3演示工具；目标当前本机及Azure使用canonical native BGE和统一HTTP。退出这些工具的能力是明确影响。,旧入口/兼容导出不能再调用；当前入口和有效契约继续保留；删除前迁移消费者和测试。,src/aether_agent_memory/b1/__init__.py:9 (python_import); docs/B1-docker验证.md:477 (module_literal_reference); Dockerfile:14 (docker_copy_directory); Dockerfile.p3:20 (docker_copy_directory),ed7c1e1f37a20d71011323ff5f88fdc01e002d4148aa93dcc6cbee6be6b68076,收窄清单确认；增量保护；精确同步当前必要实现；迁移剩余消费者；AKS真实门禁和本机检查。
E:/projects/codex/aether/AgentJYS-main/src/aether_agent_memory/b1/semantic/__init__.py,SRC-068,S04_旧兼容路径,src/aether_agent_memory/b1/semantic/__init__.py,True,63,63,拟整文件删除；本次清单确认后实施,原路径仅转导canonical实现或空supervisor；保留canonical并修全部消费者、lazy导出与旧路径参数测试。,旧入口/兼容导出不能再调用；当前入口和有效契约继续保留；删除前迁移消费者和测试。,tests/unit/recall/test_architecture.py:107 (package_initializer); tests/unit/recall/test_architecture.py:108 (package_initializer); tests/unit/recall/test_provider.py:10 (package_initializer); Dockerfile:14 (docker_copy_directory); Dockerfile.p3:20 (docker_copy_directory),82d02fd1fd0da0a2a6d854905be664ba48ab76cb88b237b87b5e596c6de9dd23,收窄清单确认；增量保护；精确同步当前必要实现；迁移剩余消费者；AKS真实门禁和本机检查。
E:/projects/codex/aether/AgentJYS-main/src/aether_agent_memory/b1/semantic/models.py,SRC-069,S04_旧兼容路径,src/aether_agent_memory/b1/semantic/models.py,True,709,709,拟整文件删除；本次清单确认后实施,原路径仅转导canonical实现或空supervisor；保留canonical并修全部消费者、lazy导出与旧路径参数测试。,旧入口/兼容导出不能再调用；当前入口和有效契约继续保留；删除前迁移消费者和测试。,tests/unit/recall/test_architecture.py:107 (dynamic_compatibility_parameter); Dockerfile:14 (docker_copy_directory); Dockerfile.p3:20 (docker_copy_directory),72d9b53612937ddc8acf698338b6b23fd187ceaded6d2338e724339c0816c89a,收窄清单确认；增量保护；精确同步当前必要实现；迁移剩余消费者；AKS真实门禁和本机检查。
E:/projects/codex/aether/AgentJYS-main/src/aether_agent_memory/b1/semantic/service.py,SRC-070,S04_旧兼容路径,src/aether_agent_memory/b1/semantic/service.py,True,1810,1810,拟整文件删除；本次清单确认后实施,原路径仅转导canonical实现或空supervisor；保留canonical并修全部消费者、lazy导出与旧路径参数测试。,旧入口/兼容导出不能再调用；当前入口和有效契约继续保留；删除前迁移消费者和测试。,tests/unit/recall/test_architecture.py:108 (dynamic_compatibility_parameter); Dockerfile:14 (docker_copy_directory); Dockerfile.p3:20 (docker_copy_directory),c6a5f68cc195c230d89652359228c2a9cac2f38a7b56948c0eefc1b878ecc953,收窄清单确认；增量保护；精确同步当前必要实现；迁移剩余消费者；AKS真实门禁和本机检查。
E:/projects/codex/aether/AgentJYS-main/src/aether_agent_memory/b1/semantic/sidecar.py,SRC-071,S03_旧演示与独立B1工具,src/aether_agent_memory/b1/semantic/sidecar.py,True,5453,5453,拟整文件删除；本次清单确认后实施,旧Mock、Sidecar仪表盘和B1/B2/B3演示工具；目标当前本机及Azure使用canonical native BGE和统一HTTP。退出这些工具的能力是明确影响。,旧入口/兼容导出不能再调用；当前入口和有效契约继续保留；删除前迁移消费者和测试。,tests/unit/recall/test_provider.py:10 (python_import); docs/RECALL_EMBEDDING_FIRST_BATCH_20260914.md:56 (literal_path_reference); Dockerfile:14 (docker_copy_directory); Dockerfile.p3:20 (docker_copy_directory),72b271eb3bcff40208e339d74576b42d8f8818913747dd0d9ffe6e1ce300e589,收窄清单确认；增量保护；精确同步当前必要实现；迁移剩余消费者；AKS真实门禁和本机检查。
E:/projects/codex/aether/AgentJYS-main/src/aether_agent_memory/b1/sidecar.py,SRC-072,S03_旧演示与独立B1工具,src/aether_agent_memory/b1/sidecar.py,True,64561,64561,拟整文件删除；本次清单确认后实施,旧Mock、Sidecar仪表盘和B1/B2/B3演示工具；目标当前本机及Azure使用canonical native BGE和统一HTTP。退出这些工具的能力是明确影响。,旧入口/兼容导出不能再调用；当前入口和有效契约继续保留；删除前迁移消费者和测试。,scripts/run_b1_openvino_smoke.py:144 (python_explicit_module_launch); scripts/run_b1_openvino_smoke.py:144 (python_module_constant); tests/unit/test_b1_batching.py:16 (python_import); tests/unit/test_b1_sidecar.py:14 (python_import); compose.yaml:51 (module_literal_reference); docs/B1-docker验证.md:112 (module_literal_reference); docs/B1_MANUAL_INSTALL_WINDOWS.md:233 (module_literal_reference); docs/p3/acceptance/reports/cleanup-manifest.json:106 (module_literal_reference); pyproject.toml:122 (module_literal_reference); scripts/run_server_B1B2_acceptance.sh:211 (module_literal_reference); scripts/run_server_acceptance.sh:162 (module_literal_reference); scripts/start_b1_sidecar.ps1:45 (module_literal_reference); scripts/test_b1_openvino_int8_acceptance.sh:805 (module_literal_reference); scripts/test_b1_openvino_int8_acceptance.sh:807 (module_literal_reference); docs/RECALL_EMBEDDING_FIRST_BATCH_20260914.md:35 (literal_path_reference),54e85241fa2c001d86bc674656134a30537a2d0338a22ed4ca3948bd169c2142,收窄清单确认；增量保护；精确同步当前必要实现；迁移剩余消费者；AKS真实门禁和本机检查。
E:/projects/codex/aether/AgentJYS-main/src/aether_agent_memory/b1/sidecar_client.py,SRC-073,S03_旧演示与独立B1工具,src/aether_agent_memory/b1/sidecar_client.py,True,7760,7760,拟整文件删除；本次清单确认后实施,旧Mock、Sidecar仪表盘和B1/B2/B3演示工具；目标当前本机及Azure使用canonical native BGE和统一HTTP。退出这些工具的能力是明确影响。,旧入口/兼容导出不能再调用；当前入口和有效契约继续保留；删除前迁移消费者和测试。,scripts/benchmark_dataset_p99.py:13 (python_import); src/aether_agent_memory/runtime/legacy.py:19 (python_import); tests/unit/test_b1_sidecar_client.py:8 (python_import); docs/B1-docker验证.md:478 (module_literal_reference); docs/B1-docker验证.md:561 (module_literal_reference); Dockerfile:14 (docker_copy_directory); Dockerfile.p3:20 (docker_copy_directory),27f275fd5abf485a53d02af32e607302c5ee3ee311a012261ab092441aa04622,收窄清单确认；增量保护；精确同步当前必要实现；迁移剩余消费者；AKS真实门禁和本机检查。
E:/projects/codex/aether/AgentJYS-main/src/aether_agent_memory/b2/__init__.py,SRC-074,S02_旧B2B3记忆和调度实现,src/aether_agent_memory/b2/__init__.py,True,2018,2018,拟整文件删除；本次清单确认后实施,属于旧MemoryRuntime/ContextCatalog/长文本Celery/B3影子调度闭包；当前Remember/Recall/Temporal/Operate已使用另一组实现。删除需迁移有效的契约和边界断言。,旧入口/兼容导出不能再调用；当前入口和有效契约继续保留；删除前迁移消费者和测试。,benchmarks/p3/b2_compression.py:28 (package_initializer); examples/minimal_loop/mock_services.py:6 (lazy_export_requested); examples/p2_integration_smoke.py:11 (python_import); examples/p2_integration_smoke.py:11 (package_initializer); examples/p2_integration_smoke.py:12 (package_initializer); examples/p3_closed_loop.py:8 (lazy_export_requested); examples/p3_closed_loop.py:8 (lazy_export_requested); examples/p3_closed_loop.py:8 (lazy_export_requested); scripts/benchmark_b2_only.py:13 (package_initializer); scripts/benchmark_dataset_p99.py:14 (package_initializer); scripts/run_b2_dataset_replay.py:17 (package_initializer); scripts/test_b2_only.py:39 (package_initializer); scripts/test_b2_only.py:40 (package_initializer); src/aether_agent_memory/__init__.py:39 (python_module_constant); src/aether_agent_memory/__init__.py:40 (python_module_constant),417a9633dac4af6396e1de9682ea768e6aabbcf64db0296b6f8328c1e088163c,收窄清单确认；增量保护；精确同步当前必要实现；迁移剩余消费者；AKS真实门禁和本机检查。
E:/projects/codex/aether/AgentJYS-main/src/aether_agent_memory/b2/b1_client.py,SRC-075,S02_旧B2B3记忆和调度实现,src/aether_agent_memory/b2/b1_client.py,True,7347,7347,拟整文件删除；本次清单确认后实施,属于旧MemoryRuntime/ContextCatalog/长文本Celery/B3影子调度闭包；当前Remember/Recall/Temporal/Operate已使用另一组实现。删除需迁移有效的契约和边界断言。,旧入口/兼容导出不能再调用；当前入口和有效契约继续保留；删除前迁移消费者和测试。,src/aether_agent_memory/adapters/p2.py:8 (python_import); src/aether_agent_memory/b2/celery_app.py:17 (python_import); src/aether_agent_memory/demo/service.py:14 (python_import); tests/unit/test_b2_b1_client.py:8 (python_import); tests/unit/test_long_text_fact_first.py:11 (python_import); Dockerfile:14 (docker_copy_directory); Dockerfile.p3:20 (docker_copy_directory),87af5d3e478f957dcd5800253fca64c6a6f4a57078999dfb9edf4ce74e5f51ef,收窄清单确认；增量保护；精确同步当前必要实现；迁移剩余消费者；AKS真实门禁和本机检查。
E:/projects/codex/aether/AgentJYS-main/src/aether_agent_memory/b2/celery_app.py,SRC-076,S02_旧B2B3记忆和调度实现,src/aether_agent_memory/b2/celery_app.py,True,21643,21643,拟整文件删除；本次清单确认后实施,属于旧MemoryRuntime/ContextCatalog/长文本Celery/B3影子调度闭包；当前Remember/Recall/Temporal/Operate已使用另一组实现。删除需迁移有效的契约和边界断言。,旧入口/兼容导出不能再调用；当前入口和有效契约继续保留；删除前迁移消费者和测试。,src/aether_agent_memory/adapters/celery.py:16 (python_import); src/aether_agent_memory/demo/service.py:19 (python_import); tests/unit/test_architecture_layers.py:68 (python_module_constant); tests/unit/test_celery_store_lifecycle.py:9 (python_module_constant); tests/unit/test_long_text_fact_first.py:9 (python_module_constant); compose.yaml:202 (module_literal_reference); scripts/run_server_B1B2_acceptance.sh:226 (module_literal_reference); scripts/run_server_acceptance.sh:173 (module_literal_reference); docs/ENGINEERING_DELIVERY.md:120 (unique_basename_reference); Dockerfile:14 (docker_copy_directory); Dockerfile.p3:20 (docker_copy_directory),1179546c5496d235580573ccbc7608ffbae9eaaff99c492cf63cc70098e76180,收窄清单确认；增量保护；精确同步当前必要实现；迁移剩余消费者；AKS真实门禁和本机检查。
E:/projects/codex/aether/AgentJYS-main/src/aether_agent_memory/b2/compression.py,SRC-077,S02_旧B2B3记忆和调度实现,src/aether_agent_memory/b2/compression.py,True,29379,29379,拟整文件删除；本次清单确认后实施,属于旧MemoryRuntime/ContextCatalog/长文本Celery/B3影子调度闭包；当前Remember/Recall/Temporal/Operate已使用另一组实现。删除需迁移有效的契约和边界断言。,旧入口/兼容导出不能再调用；当前入口和有效契约继续保留；删除前迁移消费者和测试。,benchmarks/p3/b2_compression.py:28 (python_import); scripts/test_b2_only.py:39 (python_import); src/aether_agent_memory/b2/__init__.py:5 (python_import); src/aether_agent_memory/b2/celery_app.py:21 (python_import); src/aether_agent_memory/b2/compression_store.py:10 (python_import); src/aether_agent_memory/b2/service.py:4 (python_import); tests/unit/test_long_text_fact_first.py:12 (python_import); Dockerfile:14 (docker_copy_directory); Dockerfile.p3:20 (docker_copy_directory),672eef0509c403157b560b446b00ad06dc1dbc92d22958ee258e6d1c369767f4,收窄清单确认；增量保护；精确同步当前必要实现；迁移剩余消费者；AKS真实门禁和本机检查。
E:/projects/codex/aether/AgentJYS-main/src/aether_agent_memory/b2/compression_store.py,SRC-078,S02_旧B2B3记忆和调度实现,src/aether_agent_memory/b2/compression_store.py,True,5145,5145,拟整文件删除；本次清单确认后实施,属于旧MemoryRuntime/ContextCatalog/长文本Celery/B3影子调度闭包；当前Remember/Recall/Temporal/Operate已使用另一组实现。删除需迁移有效的契约和边界断言。,旧入口/兼容导出不能再调用；当前入口和有效契约继续保留；删除前迁移消费者和测试。,scripts/test_b2_only.py:40 (python_import); src/aether_agent_memory/b2/__init__.py:11 (python_import); src/aether_agent_memory/b2/celery_app.py:27 (python_import); src/aether_agent_memory/b2/compression.py:26 (python_import); src/aether_agent_memory/b2/service.py:9 (python_import); Dockerfile:14 (docker_copy_directory); Dockerfile.p3:20 (docker_copy_directory),a051c04ad138695084a23dfe54d58d3f544ba280d704cbcbeb0f0aba2478d26d,收窄清单确认；增量保护；精确同步当前必要实现；迁移剩余消费者；AKS真实门禁和本机检查。
E:/projects/codex/aether/AgentJYS-main/src/aether_agent_memory/b2/events.py,SRC-079,S02_旧B2B3记忆和调度实现,src/aether_agent_memory/b2/events.py,True,928,928,拟整文件删除；本次清单确认后实施,属于旧MemoryRuntime/ContextCatalog/长文本Celery/B3影子调度闭包；当前Remember/Recall/Temporal/Operate已使用另一组实现。删除需迁移有效的契约和边界断言。,旧入口/兼容导出不能再调用；当前入口和有效契约继续保留；删除前迁移消费者和测试。,src/aether_agent_memory/b2/__init__.py:17 (python_import); src/aether_agent_memory/b2/service.py:10 (python_import); src/aether_agent_memory/memory/formation/models.py:12 (python_import); src/aether_agent_memory/runtime/legacy.py:20 (python_import); Dockerfile:14 (docker_copy_directory); Dockerfile.p3:20 (docker_copy_directory),5f31540ada7bde13f55333797b4966da48b3c43b05a0ba912d238404b6a8e6ff,收窄清单确认；增量保护；精确同步当前必要实现；迁移剩余消费者；AKS真实门禁和本机检查。
E:/projects/codex/aether/AgentJYS-main/src/aether_agent_memory/b2/long_text.py,SRC-080,S02_旧B2B3记忆和调度实现,src/aether_agent_memory/b2/long_text.py,True,657,657,拟整文件删除；本次清单确认后实施,属于旧MemoryRuntime/ContextCatalog/长文本Celery/B3影子调度闭包；当前Remember/Recall/Temporal/Operate已使用另一组实现。删除需迁移有效的契约和边界断言。,旧入口/兼容导出不能再调用；当前入口和有效契约继续保留；删除前迁移消费者和测试。,src/aether_agent_memory/b2/__init__.py:18 (python_import); tests/unit/test_b2_long_text.py:3 (python_import); Dockerfile:14 (docker_copy_directory); Dockerfile.p3:20 (docker_copy_directory),924f7b4f287f8f4d07a8ba02e2ff3c3b04bff633af3edce5f33be7b22f68fdf7,收窄清单确认；增量保护；精确同步当前必要实现；迁移剩余消费者；AKS真实门禁和本机检查。
E:/projects/codex/aether/AgentJYS-main/src/aether_agent_memory/b2/memory_consolidation.py,SRC-081,S02_旧B2B3记忆和调度实现,src/aether_agent_memory/b2/memory_consolidation.py,True,16833,16833,拟整文件删除；本次清单确认后实施,属于旧MemoryRuntime/ContextCatalog/长文本Celery/B3影子调度闭包；当前Remember/Recall/Temporal/Operate已使用另一组实现。删除需迁移有效的契约和边界断言。,旧入口/兼容导出不能再调用；当前入口和有效契约继续保留；删除前迁移消费者和测试。,src/aether_agent_memory/b2/__init__.py:19 (python_import); src/aether_agent_memory/b2/service.py:11 (python_import); tests/unit/test_fact_first.py:18 (python_import); docs/PHASE0_HANDOFF_20260914.md:19 (literal_path_reference); Dockerfile:14 (docker_copy_directory); Dockerfile.p3:20 (docker_copy_directory),194e6b01d8e00a0b7e8b9039427bd5177aedc8d68c47d6f66361df73f17f1bef,收窄清单确认；增量保护；精确同步当前必要实现；迁移剩余消费者；AKS真实门禁和本机检查。
E:/projects/codex/aether/AgentJYS-main/src/aether_agent_memory/b2/milvus_store.py,SRC-082,S02_旧B2B3记忆和调度实现,src/aether_agent_memory/b2/milvus_store.py,True,7389,7389,拟整文件删除；本次清单确认后实施,属于旧MemoryRuntime/ContextCatalog/长文本Celery/B3影子调度闭包；当前Remember/Recall/Temporal/Operate已使用另一组实现。删除需迁移有效的契约和边界断言。,旧入口/兼容导出不能再调用；当前入口和有效契约继续保留；删除前迁移消费者和测试。,scripts/benchmark_b2_only.py:13 (python_import); scripts/benchmark_dataset_p99.py:14 (python_import); scripts/run_b2_dataset_replay.py:17 (python_import); src/aether_agent_memory/b2/celery_app.py:32 (python_import); src/aether_agent_memory/runtime/legacy.py:21 (python_import); src/aether_agent_memory/semantic/manager.py:15 (python_import); Dockerfile:14 (docker_copy_directory); Dockerfile.p3:20 (docker_copy_directory),99360e4193505018bdeae54f526e323942f53db00582edd1f0f4b5f0ddfff13f,收窄清单确认；增量保护；精确同步当前必要实现；迁移剩余消费者；AKS真实门禁和本机检查。
E:/projects/codex/aether/AgentJYS-main/src/aether_agent_memory/b2/p2_bridge.py,SRC-083,S02_旧B2B3记忆和调度实现,src/aether_agent_memory/b2/p2_bridge.py,True,2516,2516,拟整文件删除；本次清单确认后实施,属于旧MemoryRuntime/ContextCatalog/长文本Celery/B3影子调度闭包；当前Remember/Recall/Temporal/Operate已使用另一组实现。删除需迁移有效的契约和边界断言。,旧入口/兼容导出不能再调用；当前入口和有效契约继续保留；删除前迁移消费者和测试。,examples/p2_integration_smoke.py:12 (python_import); src/aether_agent_memory/adapters/p2.py:9 (python_import); src/aether_agent_memory/b2/celery_app.py:33 (python_import); src/aether_agent_memory/demo/service.py:15 (python_import); tests/unit/test_b2_p2_bridge.py:5 (python_import); Dockerfile:14 (docker_copy_directory); Dockerfile.p3:20 (docker_copy_directory),09efe0f56614c49a31d68e269ddfbb86e73516bbb5a288cfeb6355746dd79cf3,收窄清单确认；增量保护；精确同步当前必要实现；迁移剩余消费者；AKS真实门禁和本机检查。
E:/projects/codex/aether/AgentJYS-main/src/aether_agent_memory/b2/retrieval.py,SRC-084,S02_旧B2B3记忆和调度实现,src/aether_agent_memory/b2/retrieval.py,True,9452,9452,拟整文件删除；本次清单确认后实施,属于旧MemoryRuntime/ContextCatalog/长文本Celery/B3影子调度闭包；当前Remember/Recall/Temporal/Operate已使用另一组实现。删除需迁移有效的契约和边界断言。,旧入口/兼容导出不能再调用；当前入口和有效契约继续保留；删除前迁移消费者和测试。,src/aether_agent_memory/b2/__init__.py:25 (python_import); Dockerfile:14 (docker_copy_directory); Dockerfile.p3:20 (docker_copy_directory),4daa58b3d3e536f7ebfebc413cc881b326e7de4e5278c1a5198fad5173f76f33,收窄清单确认；增量保护；精确同步当前必要实现；迁移剩余消费者；AKS真实门禁和本机检查。
E:/projects/codex/aether/AgentJYS-main/src/aether_agent_memory/b2/service.py,SRC-085,S02_旧B2B3记忆和调度实现,src/aether_agent_memory/b2/service.py,True,11524,11524,拟整文件删除；本次清单确认后实施,属于旧MemoryRuntime/ContextCatalog/长文本Celery/B3影子调度闭包；当前Remember/Recall/Temporal/Operate已使用另一组实现。删除需迁移有效的契约和边界断言。,旧入口/兼容导出不能再调用；当前入口和有效契约继续保留；删除前迁移消费者和测试。,src/aether_agent_memory/b2/__init__.py:65 (python_import); src/aether_agent_memory/runtime/legacy.py:22 (python_import); docs/PHASE0_HANDOFF_20260914.md:20 (literal_path_reference); docs/PHASE2_HANDOFF_20260914.md:108 (literal_path_reference); Dockerfile:14 (docker_copy_directory); Dockerfile.p3:20 (docker_copy_directory),9027873ad4763db02739b7414988a6227cd3564b62bc2edcf236697c49a31860,收窄清单确认；增量保护；精确同步当前必要实现；迁移剩余消费者；AKS真实门禁和本机检查。
E:/projects/codex/aether/AgentJYS-main/src/aether_agent_memory/b2/task_status.py,SRC-086,S02_旧B2B3记忆和调度实现,src/aether_agent_memory/b2/task_status.py,True,1875,1875,拟整文件删除；本次清单确认后实施,属于旧MemoryRuntime/ContextCatalog/长文本Celery/B3影子调度闭包；当前Remember/Recall/Temporal/Operate已使用另一组实现。删除需迁移有效的契约和边界断言。,旧入口/兼容导出不能再调用；当前入口和有效契约继续保留；删除前迁移消费者和测试。,src/aether_agent_memory/adapters/celery.py:7 (python_import); src/aether_agent_memory/b2/__init__.py:31 (python_import); src/aether_agent_memory/b2/celery_app.py:34 (python_import); src/aether_agent_memory/demo/service.py:16 (python_import); Dockerfile:14 (docker_copy_directory); Dockerfile.p3:20 (docker_copy_directory),029f2a1b11214b2de836479271dc6427c323f0bbb8e0a6e63ff5333c03fe0103,收窄清单确认；增量保护；精确同步当前必要实现；迁移剩余消费者；AKS真实门禁和本机检查。
E:/projects/codex/aether/AgentJYS-main/src/aether_agent_memory/b2/text_classifier.py,SRC-087,S02_旧B2B3记忆和调度实现,src/aether_agent_memory/b2/text_classifier.py,True,1932,1932,拟整文件删除；本次清单确认后实施,属于旧MemoryRuntime/ContextCatalog/长文本Celery/B3影子调度闭包；当前Remember/Recall/Temporal/Operate已使用另一组实现。删除需迁移有效的契约和边界断言。,旧入口/兼容导出不能再调用；当前入口和有效契约继续保留；删除前迁移消费者和测试。,src/aether_agent_memory/b2/__init__.py:32 (python_import); src/aether_agent_memory/b2/celery_app.py:35 (python_import); src/aether_agent_memory/b2/memory_consolidation.py:21 (python_import); src/aether_agent_memory/b2/service.py:12 (python_import); tests/unit/test_b2_text_classifier.py:3 (python_import); Dockerfile:14 (docker_copy_directory); Dockerfile.p3:20 (docker_copy_directory),3d6f3280891aaa1954be3359346986f60816b28357f71cb28c24d4ef7032a531,收窄清单确认；增量保护；精确同步当前必要实现；迁移剩余消费者；AKS真实门禁和本机检查。
E:/projects/codex/aether/AgentJYS-main/src/aether_agent_memory/b3/__init__.py,SRC-088,S02_旧B2B3记忆和调度实现,src/aether_agent_memory/b3/__init__.py,True,1020,1020,拟整文件删除；本次清单确认后实施,属于旧MemoryRuntime/ContextCatalog/长文本Celery/B3影子调度闭包；当前Remember/Recall/Temporal/Operate已使用另一组实现。删除需迁移有效的契约和边界断言。,旧入口/兼容导出不能再调用；当前入口和有效契约继续保留；删除前迁移消费者和测试。,examples/minimal_loop/mock_services.py:6 (lazy_export_requested); examples/minimal_loop/mock_services.py:6 (lazy_export_requested); examples/minimal_loop/mock_services.py:6 (lazy_export_requested); examples/minimal_loop/tui_app.py:24 (lazy_export_requested); examples/minimal_loop/tui_app.py:24 (lazy_export_requested); examples/minimal_loop/tui_app.py:24 (lazy_export_requested); examples/minimal_loop/tui_app.py:24 (lazy_export_requested); examples/minimal_loop/tui_app.py:24 (lazy_export_requested); examples/p2_integration_smoke.py:13 (python_import); examples/p2_integration_smoke.py:13 (package_initializer); examples/p3_closed_loop.py:8 (lazy_export_requested); examples/p3_closed_loop.py:8 (lazy_export_requested); examples/p3_closed_loop.py:8 (lazy_export_requested); examples/p3_closed_loop.py:8 (lazy_export_requested); examples/p3_closed_loop.py:8 (lazy_export_requested),0c11021eab03e3e5808b75464f7f5f94f86ddf034e0d31d1c5f3008d9f4d4519,收窄清单确认；增量保护；精确同步当前必要实现；迁移剩余消费者；AKS真实门禁和本机检查。
E:/projects/codex/aether/AgentJYS-main/src/aether_agent_memory/b3/action_log.py,SRC-089,S02_旧B2B3记忆和调度实现,src/aether_agent_memory/b3/action_log.py,True,2008,2008,拟整文件删除；本次清单确认后实施,属于旧MemoryRuntime/ContextCatalog/长文本Celery/B3影子调度闭包；当前Remember/Recall/Temporal/Operate已使用另一组实现。删除需迁移有效的契约和边界断言。,旧入口/兼容导出不能再调用；当前入口和有效契约继续保留；删除前迁移消费者和测试。,src/aether_agent_memory/bootstrap/container.py:164 (python_import); tests/unit/test_action_log.py:9 (python_import); Dockerfile:14 (docker_copy_directory); Dockerfile.p3:20 (docker_copy_directory),c3132bddf91f912f7ddc51487e4e6ab3859e17df36e9b9660b4912cff8a21ef8,收窄清单确认；增量保护；精确同步当前必要实现；迁移剩余消费者；AKS真实门禁和本机检查。
E:/projects/codex/aether/AgentJYS-main/src/aether_agent_memory/b3/application.py,SRC-090,S02_旧B2B3记忆和调度实现,src/aether_agent_memory/b3/application.py,True,3962,3962,拟整文件删除；本次清单确认后实施,属于旧MemoryRuntime/ContextCatalog/长文本Celery/B3影子调度闭包；当前Remember/Recall/Temporal/Operate已使用另一组实现。删除需迁移有效的契约和边界断言。,旧入口/兼容导出不能再调用；当前入口和有效契约继续保留；删除前迁移消费者和测试。,src/aether_agent_memory/api/routers/context.py:14 (python_import); src/aether_agent_memory/demo/__init__.py:1 (python_import); tests/unit/test_operate_wiring.py:49 (python_import); docs/PHASE2_HANDOFF_20260914.md:109 (literal_path_reference); Dockerfile:14 (docker_copy_directory); Dockerfile.p3:20 (docker_copy_directory),cf5af51a2495a2d72d1df99f511f8c0dcd84d446da176f01d61f86a1d5f49143,收窄清单确认；增量保护；精确同步当前必要实现；迁移剩余消费者；AKS真实门禁和本机检查。
E:/projects/codex/aether/AgentJYS-main/src/aether_agent_memory/b3/executor.py,SRC-091,S02_旧B2B3记忆和调度实现,src/aether_agent_memory/b3/executor.py,True,10178,10178,拟整文件删除；本次清单确认后实施,属于旧MemoryRuntime/ContextCatalog/长文本Celery/B3影子调度闭包；当前Remember/Recall/Temporal/Operate已使用另一组实现。删除需迁移有效的契约和边界断言。,旧入口/兼容导出不能再调用；当前入口和有效契约继续保留；删除前迁移消费者和测试。,src/aether_agent_memory/b3/__init__.py:1 (python_import); src/aether_agent_memory/b3/scheduler.py:6 (python_import); Dockerfile:14 (docker_copy_directory); Dockerfile.p3:20 (docker_copy_directory),c7f43d6aa0428db93084b089de3b64ef0f9c280d1cda2f8842892ddd7524efc1,收窄清单确认；增量保护；精确同步当前必要实现；迁移剩余消费者；AKS真实门禁和本机检查。
E:/projects/codex/aether/AgentJYS-main/src/aether_agent_memory/b3/heuristic.py,SRC-092,S02_旧B2B3记忆和调度实现,src/aether_agent_memory/b3/heuristic.py,True,6726,6726,拟整文件删除；本次清单确认后实施,属于旧MemoryRuntime/ContextCatalog/长文本Celery/B3影子调度闭包；当前Remember/Recall/Temporal/Operate已使用另一组实现。删除需迁移有效的契约和边界断言。,旧入口/兼容导出不能再调用；当前入口和有效契约继续保留；删除前迁移消费者和测试。,src/aether_agent_memory/b3/__init__.py:2 (python_import); src/aether_agent_memory/b3/scheduler.py:7 (python_import); tests/unit/test_p2_migration_executor.py:12 (python_import); Dockerfile:14 (docker_copy_directory); Dockerfile.p3:20 (docker_copy_directory),3334d30c883a3ff981d7ddc1e1ef271f8964603ab5724b404ae6a95644bfbe02,收窄清单确认；增量保护；精确同步当前必要实现；迁移剩余消费者；AKS真实门禁和本机检查。
E:/projects/codex/aether/AgentJYS-main/src/aether_agent_memory/b3/models.py,SRC-093,S02_旧B2B3记忆和调度实现,src/aether_agent_memory/b3/models.py,True,5166,5166,拟整文件删除；本次清单确认后实施,属于旧MemoryRuntime/ContextCatalog/长文本Celery/B3影子调度闭包；当前Remember/Recall/Temporal/Operate已使用另一组实现。删除需迁移有效的契约和边界断言。,旧入口/兼容导出不能再调用；当前入口和有效契约继续保留；删除前迁移消费者和测试。,src/aether_agent_memory/adapters/operate_scheduler.py:12 (python_import); src/aether_agent_memory/adapters/operate_scheduler.py:20 (python_import); src/aether_agent_memory/b3/__init__.py:3 (python_import); src/aether_agent_memory/b3/action_log.py:10 (python_import); src/aether_agent_memory/b3/executor.py:4 (python_import); src/aether_agent_memory/b3/heuristic.py:3 (python_import); src/aether_agent_memory/b3/scheduler.py:8 (python_import); tests/unit/test_action_log.py:10 (python_import); tests/unit/test_b3_shadow.py:7 (python_import); tests/unit/test_b3_shadow.py:63 (python_import); tests/unit/test_p2_migration_executor.py:13 (python_import); Dockerfile:14 (docker_copy_directory); Dockerfile.p3:20 (docker_copy_directory),b758f5908b75dcac03737f64b1cd575d226ac21974412f2531650dde62d59bc9,收窄清单确认；增量保护；精确同步当前必要实现；迁移剩余消费者；AKS真实门禁和本机检查。
E:/projects/codex/aether/AgentJYS-main/src/aether_agent_memory/b3/scheduler.py,SRC-094,S02_旧B2B3记忆和调度实现,src/aether_agent_memory/b3/scheduler.py,True,5368,5368,拟整文件删除；本次清单确认后实施,属于旧MemoryRuntime/ContextCatalog/长文本Celery/B3影子调度闭包；当前Remember/Recall/Temporal/Operate已使用另一组实现。删除需迁移有效的契约和边界断言。,旧入口/兼容导出不能再调用；当前入口和有效契约继续保留；删除前迁移消费者和测试。,src/aether_agent_memory/b3/__init__.py:18 (python_import); tests/unit/test_b3_shadow.py:16 (python_import); Dockerfile:14 (docker_copy_directory); Dockerfile.p3:20 (docker_copy_directory),41736ee0aebae6cc0f160915419a38103ba7f4dd7fed30220d9087edf14d1741,收窄清单确认；增量保护；精确同步当前必要实现；迁移剩余消费者；AKS真实门禁和本机检查。
E:/projects/codex/aether/AgentJYS-main/src/aether_agent_memory/bootstrap/__init__.py,SRC-095,S01_旧HTTP与Celery装配,src/aether_agent_memory/bootstrap/__init__.py,True,98,98,拟整文件删除；本次清单确认后实施,当前部署使用__main__→runtime/flows/cli→Service；本组由已退休app/bootstrap/旧API/独立queue workers互相引用，非现行装配。旧compose/安装导出同步退出。,旧入口/兼容导出不能再调用；当前入口和有效契约继续保留；删除前迁移消费者和测试。,src/aether_agent_memory/app.py:27 (python_import); src/aether_agent_memory/app.py:27 (package_initializer); src/aether_agent_memory/runtime/service.py:231 (package_initializer); src/aether_agent_memory/workers/context_projection.py:9 (python_import); src/aether_agent_memory/workers/context_projection.py:9 (package_initializer); src/aether_agent_memory/workers/projection.py:9 (python_import); src/aether_agent_memory/workers/projection.py:9 (package_initializer); src/aether_agent_memory/workers/session_extraction.py:9 (python_import); src/aether_agent_memory/workers/session_extraction.py:9 (package_initializer); tests/unit/test_context_store_reader.py:11 (package_initializer); tests/unit/test_legacy_production_gate.py:9 (python_import); tests/unit/test_legacy_production_gate.py:9 (package_initializer); tests/unit/test_operate_wiring.py:6 (package_initializer); Dockerfile:14 (docker_copy_directory); Dockerfile.p3:20 (docker_copy_directory),408f7ba4b419182ddfe4660ad5234a5f7a1d37f154357c1729d6e21f72e5779d,收窄清单确认；增量保护；精确同步当前必要实现；迁移剩余消费者；AKS真实门禁和本机检查。
E:/projects/codex/aether/AgentJYS-main/src/aether_agent_memory/bootstrap/container.py,SRC-096,S01_旧HTTP与Celery装配,src/aether_agent_memory/bootstrap/container.py,True,17180,17180,拟整文件删除；本次清单确认后实施,当前部署使用__main__→runtime/flows/cli→Service；本组由已退休app/bootstrap/旧API/独立queue workers互相引用，非现行装配。旧compose/安装导出同步退出。,旧入口/兼容导出不能再调用；当前入口和有效契约继续保留；删除前迁移消费者和测试。,src/aether_agent_memory/bootstrap/__init__.py:1 (python_import); src/aether_agent_memory/runtime/service.py:231 (python_import); tests/unit/test_context_store_reader.py:11 (python_import); tests/unit/test_operate_wiring.py:6 (python_import); docs/PHASE2_HANDOFF_20260914.md:104 (literal_path_reference); Dockerfile:14 (docker_copy_directory); Dockerfile.p3:20 (docker_copy_directory),643cfcbbdea255b8a0bcf9c8dde5d3c4958bff55869e38e621a9ec5490d05d0f,收窄清单确认；增量保护；精确同步当前必要实现；迁移剩余消费者；AKS真实门禁和本机检查。
E:/projects/codex/aether/AgentJYS-main/src/aether_agent_memory/config/__init__.py,SRC-097,S01_旧HTTP与Celery装配,src/aether_agent_memory/config/__init__.py,True,84,84,拟整文件删除；本次清单确认后实施,当前部署使用__main__→runtime/flows/cli→Service；本组由已退休app/bootstrap/旧API/独立queue workers互相引用，非现行装配。旧compose/安装导出同步退出。,旧入口/兼容导出不能再调用；当前入口和有效契约继续保留；删除前迁移消费者和测试。,examples/minimal_loop/mock_services.py:6 (package_initializer); examples/p3_closed_loop.py:8 (package_initializer); src/aether_agent_memory/__init__.py:73 (package_initializer); src/aether_agent_memory/api/dependencies.py:8 (package_initializer); src/aether_agent_memory/app.py:28 (package_initializer); src/aether_agent_memory/bootstrap/container.py:7 (package_initializer); src/aether_agent_memory/runtime/legacy.py:42 (package_initializer); src/aether_agent_memory/workers/context_projection.py:10 (package_initializer); src/aether_agent_memory/workers/projection.py:10 (package_initializer); src/aether_agent_memory/workers/session_extraction.py:10 (package_initializer); tests/unit/test_app_contract.py:11 (package_initializer); tests/unit/test_app_settings.py:7 (package_initializer); tests/unit/test_compose_smoke_contract.py:16 (package_initializer); tests/unit/test_config.py:5 (package_initializer); tests/unit/test_context_store_reader.py:12 (package_initializer),02b0ca1fce8e3cfdcaa7642f9b5627480b92cbdf6b80ab327d697b84fa3a51b5,收窄清单确认；增量保护；精确同步当前必要实现；迁移剩余消费者；AKS真实门禁和本机检查。
E:/projects/codex/aether/AgentJYS-main/src/aether_agent_memory/config/app_settings.py,SRC-098,S01_旧HTTP与Celery装配,src/aether_agent_memory/config/app_settings.py,True,10034,10294,拟整文件删除；本次清单确认后实施,当前部署使用__main__→runtime/flows/cli→Service；本组由已退休app/bootstrap/旧API/独立queue workers互相引用，非现行装配。旧compose/安装导出同步退出。,旧入口/兼容导出不能再调用；当前入口和有效契约继续保留；删除前迁移消费者和测试。,src/aether_agent_memory/api/dependencies.py:8 (python_import); src/aether_agent_memory/app.py:28 (python_import); src/aether_agent_memory/bootstrap/container.py:7 (python_import); src/aether_agent_memory/runtime/legacy.py:42 (python_import); src/aether_agent_memory/workers/context_projection.py:10 (python_import); src/aether_agent_memory/workers/projection.py:10 (python_import); src/aether_agent_memory/workers/session_extraction.py:10 (python_import); tests/unit/test_app_contract.py:11 (python_import); tests/unit/test_app_settings.py:7 (python_import); tests/unit/test_compose_smoke_contract.py:16 (python_import); tests/unit/test_context_store_reader.py:12 (python_import); tests/unit/test_legacy_production_gate.py:10 (python_import); tests/unit/test_p3_northbound_contract.py:10 (python_import); docs/ENGINEERING_DELIVERY.md:35 (literal_path_reference); docs/PHASE2_HANDOFF_20260914.md:105 (literal_path_reference),257c0ba9b3d278d7bcc5ff5f1cf63a54609f03e152d293a06ca9913fa12b63c5,收窄清单确认；增量保护；精确同步当前必要实现；迁移剩余消费者；AKS真实门禁和本机检查。
E:/projects/codex/aether/AgentJYS-main/src/aether_agent_memory/config/settings.py,SRC-099,S01_旧HTTP与Celery装配,src/aether_agent_memory/config/settings.py,True,2153,2153,拟整文件删除；本次清单确认后实施,当前部署使用__main__→runtime/flows/cli→Service；本组由已退休app/bootstrap/旧API/独立queue workers互相引用，非现行装配。旧compose/安装导出同步退出。,旧入口/兼容导出不能再调用；当前入口和有效契约继续保留；删除前迁移消费者和测试。,examples/minimal_loop/mock_services.py:6 (lazy_export_requested); examples/p3_closed_loop.py:8 (lazy_export_requested); src/aether_agent_memory/__init__.py:73 (python_module_constant); src/aether_agent_memory/config/__init__.py:1 (python_import); tests/unit/test_config.py:5 (python_import); Dockerfile:14 (docker_copy_directory); Dockerfile.p3:20 (docker_copy_directory),1cfe60392bef3a246d25c4be6604c5e290db5949e0c91fab2cb04c2482fecb34,收窄清单确认；增量保护；精确同步当前必要实现；迁移剩余消费者；AKS真实门禁和本机检查。
E:/projects/codex/aether/AgentJYS-main/src/aether_agent_memory/context/__init__.py,SRC-100,S02_旧B2B3记忆和调度实现,src/aether_agent_memory/context/__init__.py,True,221,221,拟整文件删除；本次清单确认后实施,属于旧MemoryRuntime/ContextCatalog/长文本Celery/B3影子调度闭包；当前Remember/Recall/Temporal/Operate已使用另一组实现。删除需迁移有效的契约和边界断言。,旧入口/兼容导出不能再调用；当前入口和有效契约继续保留；删除前迁移消费者和测试。,examples/minimal_loop/mock_services.py:6 (package_initializer); examples/minimal_loop/tui_app.py:24 (package_initializer); examples/p2_integration_smoke.py:20 (python_import); examples/p2_integration_smoke.py:20 (package_initializer); examples/p3_closed_loop.py:8 (package_initializer); scripts/benchmark_b2_only.py:14 (package_initializer); scripts/benchmark_dataset_p99.py:15 (package_initializer); scripts/benchmark_redis_p99.py:15 (package_initializer); scripts/run_b2_dataset_replay.py:18 (package_initializer); src/aether_agent_memory/__init__.py:19 (package_initializer); src/aether_agent_memory/__init__.py:20 (package_initializer); src/aether_agent_memory/__init__.py:48 (package_initializer); src/aether_agent_memory/adapters/memory_service.py:6 (python_import); src/aether_agent_memory/adapters/memory_service.py:6 (package_initializer); src/aether_agent_memory/api/routers/context.py:15 (python_import),f21eb1bc1006844640c423ed94a6cf245658bf9cd1974d1dafbaa8adf72ad9ef,收窄清单确认；增量保护；精确同步当前必要实现；迁移剩余消费者；AKS真实门禁和本机检查。
E:/projects/codex/aether/AgentJYS-main/src/aether_agent_memory/context/builder.py,SRC-101,S02_旧B2B3记忆和调度实现,src/aether_agent_memory/context/builder.py,True,5557,5557,拟整文件删除；本次清单确认后实施,属于旧MemoryRuntime/ContextCatalog/长文本Celery/B3影子调度闭包；当前Remember/Recall/Temporal/Operate已使用另一组实现。删除需迁移有效的契约和边界断言。,旧入口/兼容导出不能再调用；当前入口和有效契约继续保留；删除前迁移消费者和测试。,examples/minimal_loop/mock_services.py:6 (lazy_export_requested); examples/p3_closed_loop.py:8 (lazy_export_requested); src/aether_agent_memory/__init__.py:48 (python_module_constant); src/aether_agent_memory/context/__init__.py:1 (python_import); tests/unit/test_b2_service.py:7 (python_import); tests/unit/test_context_builder.py:5 (python_import); tests/unit/test_end_to_end.py:5 (lazy_export_requested); Dockerfile:14 (docker_copy_directory); Dockerfile.p3:20 (docker_copy_directory),3ea0521e82fc6d8dd962719613dc4af363e4128cbf93a9a474ce952cc44718f9,收窄清单确认；增量保护；精确同步当前必要实现；迁移剩余消费者；AKS真实门禁和本机检查。
E:/projects/codex/aether/AgentJYS-main/src/aether_agent_memory/context/models.py,SRC-102,S02_旧B2B3记忆和调度实现,src/aether_agent_memory/context/models.py,True,1498,1498,拟整文件删除；本次清单确认后实施,属于旧MemoryRuntime/ContextCatalog/长文本Celery/B3影子调度闭包；当前Remember/Recall/Temporal/Operate已使用另一组实现。删除需迁移有效的契约和边界断言。,旧入口/兼容导出不能再调用；当前入口和有效契约继续保留；删除前迁移消费者和测试。,examples/minimal_loop/tui_app.py:24 (lazy_export_requested); examples/p3_closed_loop.py:8 (lazy_export_requested); scripts/benchmark_b2_only.py:14 (python_import); scripts/benchmark_dataset_p99.py:15 (python_import); scripts/benchmark_redis_p99.py:15 (python_import); scripts/run_b2_dataset_replay.py:18 (python_import); src/aether_agent_memory/__init__.py:19 (python_module_constant); src/aether_agent_memory/__init__.py:20 (python_module_constant); src/aether_agent_memory/b2/service.py:13 (python_import); src/aether_agent_memory/b3/application.py:8 (python_import); src/aether_agent_memory/context/__init__.py:2 (python_import); src/aether_agent_memory/context/builder.py:8 (python_import); src/aether_agent_memory/episodic/manager.py:3 (python_import); src/aether_agent_memory/interfaces/managers.py:4 (python_import); src/aether_agent_memory/mocks/_base.py:5 (python_import),3e36e081038ef9cb5eb148bea19a7709ae916d07631977390410955f65adb18e,收窄清单确认；增量保护；精确同步当前必要实现；迁移剩余消费者；AKS真实门禁和本机检查。
E:/projects/codex/aether/AgentJYS-main/src/aether_agent_memory/context_store/__init__.py,SRC-103,S02_旧B2B3记忆和调度实现,src/aether_agent_memory/context_store/__init__.py,True,3364,3364,拟整文件删除；本次清单确认后实施,属于旧MemoryRuntime/ContextCatalog/长文本Celery/B3影子调度闭包；当前Remember/Recall/Temporal/Operate已使用另一组实现。删除需迁移有效的契约和边界断言。,旧入口/兼容导出不能再调用；当前入口和有效契约继续保留；删除前迁移消费者和测试。,src/aether_agent_memory/adapters/context_catalog.py:3 (package_initializer); src/aether_agent_memory/adapters/context_catalog.py:9 (package_initializer); src/aether_agent_memory/adapters/context_catalog.py:13 (package_initializer); src/aether_agent_memory/adapters/context_index_tombstone.py:9 (package_initializer); src/aether_agent_memory/adapters/context_projection_executor.py:3 (package_initializer); src/aether_agent_memory/adapters/context_projection_executor.py:7 (package_initializer); src/aether_agent_memory/adapters/context_projection_executor.py:8 (package_initializer); src/aether_agent_memory/adapters/context_projection_executor.py:12 (package_initializer); src/aether_agent_memory/adapters/context_projection_queue.py:8 (package_initializer); src/aether_agent_memory/adapters/context_projection_queue.py:12 (package_initializer); src/aether_agent_memory/adapters/context_semantic_index.py:13 (package_initializer); src/aether_agent_memory/adapters/context_semantic_index.py:22 (package_initializer); src/aether_agent_memory/adapters/context_semantic_index.py:26 (package_initializer); src/aether_agent_memory/adapters/context_store.py:3 (package_initializer); src/aether_agent_memory/adapters/context_store.py:18 (package_initializer),8a683ddb7923b955a9ba2447a9a28a2ecd8500421337e6a61bb2eacc86a8acd0,收窄清单确认；增量保护；精确同步当前必要实现；迁移剩余消费者；AKS真实门禁和本机检查。
E:/projects/codex/aether/AgentJYS-main/src/aether_agent_memory/context_store/access.py,SRC-104,S02_旧B2B3记忆和调度实现,src/aether_agent_memory/context_store/access.py,True,1442,1442,拟整文件删除；本次清单确认后实施,属于旧MemoryRuntime/ContextCatalog/长文本Celery/B3影子调度闭包；当前Remember/Recall/Temporal/Operate已使用另一组实现。删除需迁移有效的契约和边界断言。,旧入口/兼容导出不能再调用；当前入口和有效契约继续保留；删除前迁移消费者和测试。,src/aether_agent_memory/adapters/context_projection_executor.py:3 (python_import); src/aether_agent_memory/application/services.py:15 (python_import); src/aether_agent_memory/context_store/hierarchical.py:9 (python_import); src/aether_agent_memory/memory/retrieval/pipeline.py:6 (python_import); Dockerfile:14 (docker_copy_directory); Dockerfile.p3:20 (docker_copy_directory),d4c84d90557852b3cd10962b913829cc26766ce4be6c90bd52d0cdaf12506bb7,收窄清单确认；增量保护；精确同步当前必要实现；迁移剩余消费者；AKS真实门禁和本机检查。
E:/projects/codex/aether/AgentJYS-main/src/aether_agent_memory/context_store/errors.py,SRC-105,S02_旧B2B3记忆和调度实现,src/aether_agent_memory/context_store/errors.py,True,372,372,拟整文件删除；本次清单确认后实施,属于旧MemoryRuntime/ContextCatalog/长文本Celery/B3影子调度闭包；当前Remember/Recall/Temporal/Operate已使用另一组实现。删除需迁移有效的契约和边界断言。,旧入口/兼容导出不能再调用；当前入口和有效契约继续保留；删除前迁移消费者和测试。,src/aether_agent_memory/adapters/context_projection_executor.py:7 (python_import); src/aether_agent_memory/adapters/resource_store.py:7 (python_import); src/aether_agent_memory/adapters/skill_store.py:7 (python_import); src/aether_agent_memory/application/context_projection.py:5 (python_import); src/aether_agent_memory/application/resource.py:16 (python_import); src/aether_agent_memory/application/skill.py:16 (python_import); src/aether_agent_memory/context_store/__init__.py:3 (python_import); tests/unit/test_context_fact_stores.py:12 (python_import); Dockerfile:14 (docker_copy_directory); Dockerfile.p3:20 (docker_copy_directory),38d485e067ed0b4e0b55c15a6e925931c8bee624ee0813eb85cdc80055040ac0,收窄清单确认；增量保护；精确同步当前必要实现；迁移剩余消费者；AKS真实门禁和本机检查。
E:/projects/codex/aether/AgentJYS-main/src/aether_agent_memory/context_store/hierarchical.py,SRC-106,S02_旧B2B3记忆和调度实现,src/aether_agent_memory/context_store/hierarchical.py,True,13641,13641,拟整文件删除；本次清单确认后实施,属于旧MemoryRuntime/ContextCatalog/长文本Celery/B3影子调度闭包；当前Remember/Recall/Temporal/Operate已使用另一组实现。删除需迁移有效的契约和边界断言。,旧入口/兼容导出不能再调用；当前入口和有效契约继续保留；删除前迁移消费者和测试。,src/aether_agent_memory/bootstrap/container.py:126 (python_import); src/aether_agent_memory/context_store/__init__.py:4 (python_import); Dockerfile:14 (docker_copy_directory); Dockerfile.p3:20 (docker_copy_directory),fa20741224cdfe45472c01bd57f99f9cf1e8adb79a6f2ab1d831e46447a4c5e7,收窄清单确认；增量保护；精确同步当前必要实现；迁移剩余消费者；AKS真实门禁和本机检查。
E:/projects/codex/aether/AgentJYS-main/src/aether_agent_memory/context_store/in_memory.py,SRC-107,S02_旧B2B3记忆和调度实现,src/aether_agent_memory/context_store/in_memory.py,True,7067,7067,拟整文件删除；本次清单确认后实施,属于旧MemoryRuntime/ContextCatalog/长文本Celery/B3影子调度闭包；当前Remember/Recall/Temporal/Operate已使用另一组实现。删除需迁移有效的契约和边界断言。,旧入口/兼容导出不能再调用；当前入口和有效契约继续保留；删除前迁移消费者和测试。,src/aether_agent_memory/bootstrap/container.py:129 (python_import); tests/unit/test_context_projection.py:36 (python_import); tests/unit/test_context_semantic_index.py:20 (python_import); tests/unit/test_context_store_domain.py:15 (python_import); tests/unit/test_context_store_reader.py:251 (python_import); tests/unit/test_hierarchical_context_search.py:21 (python_import); tests/unit/test_resource_context.py:24 (python_import); tests/unit/test_retrieval_trace_store.py:7 (python_import); tests/unit/test_skill_context.py:19 (python_import); Dockerfile:14 (docker_copy_directory); Dockerfile.p3:20 (docker_copy_directory),e26a29eb8b710da58d03c03d202a493b610886549ca83a179add66c770aa861b,收窄清单确认；增量保护；精确同步当前必要实现；迁移剩余消费者；AKS真实门禁和本机检查。
E:/projects/codex/aether/AgentJYS-main/src/aether_agent_memory/context_store/mapping.py,SRC-108,S02_旧B2B3记忆和调度实现,src/aether_agent_memory/context_store/mapping.py,True,12407,12407,拟整文件删除；本次清单确认后实施,属于旧MemoryRuntime/ContextCatalog/长文本Celery/B3影子调度闭包；当前Remember/Recall/Temporal/Operate已使用另一组实现。删除需迁移有效的契约和边界断言。,旧入口/兼容导出不能再调用；当前入口和有效契约继续保留；删除前迁移消费者和测试。,src/aether_agent_memory/adapters/context_store.py:3 (python_import); src/aether_agent_memory/adapters/projection_executor.py:8 (python_import); src/aether_agent_memory/adapters/resource_context.py:3 (python_import); src/aether_agent_memory/adapters/session_context.py:3 (python_import); src/aether_agent_memory/adapters/skill_context.py:3 (python_import); src/aether_agent_memory/application/services.py:19 (python_import); src/aether_agent_memory/context_store/__init__.py:8 (python_import); src/aether_agent_memory/context_store/access.py:3 (python_import); src/aether_agent_memory/memory/retrieval/service.py:9 (python_import); src/aether_agent_memory/memory/retrieval/sources.py:7 (python_import); src/aether_agent_memory/session/extraction.py:6 (python_import); src/aether_agent_memory/session/service.py:223 (python_import); tests/unit/test_context_projection.py:41 (python_import); tests/unit/test_context_store_domain.py:20 (python_import); tests/unit/test_hierarchical_context_search.py:25 (python_import),a128572e95679f3452d166826243f6ad8c1c467833a99ee991550884b5f1598c,收窄清单确认；增量保护；精确同步当前必要实现；迁移剩余消费者；AKS真实门禁和本机检查。
E:/projects/codex/aether/AgentJYS-main/src/aether_agent_memory/context_store/models.py,SRC-109,S02_旧B2B3记忆和调度实现,src/aether_agent_memory/context_store/models.py,True,6712,6712,拟整文件删除；本次清单确认后实施,属于旧MemoryRuntime/ContextCatalog/长文本Celery/B3影子调度闭包；当前Remember/Recall/Temporal/Operate已使用另一组实现。删除需迁移有效的契约和边界断言。,旧入口/兼容导出不能再调用；当前入口和有效契约继续保留；删除前迁移消费者和测试。,src/aether_agent_memory/adapters/context_catalog.py:3 (python_import); src/aether_agent_memory/adapters/context_projection_executor.py:8 (python_import); src/aether_agent_memory/adapters/context_projection_queue.py:8 (python_import); src/aether_agent_memory/adapters/context_semantic_index.py:13 (python_import); src/aether_agent_memory/adapters/context_store.py:18 (python_import); src/aether_agent_memory/adapters/projection_executor.py:9 (python_import); src/aether_agent_memory/adapters/redis_context_projection_queue.py:10 (python_import); src/aether_agent_memory/adapters/resource_context.py:11 (python_import); src/aether_agent_memory/adapters/retrieval_trace.py:7 (python_import); src/aether_agent_memory/adapters/session_context.py:10 (python_import); src/aether_agent_memory/adapters/skill_context.py:10 (python_import); src/aether_agent_memory/application/context_projection.py:6 (python_import); src/aether_agent_memory/application/services.py:20 (python_import); src/aether_agent_memory/context_store/__init__.py:28 (python_import); src/aether_agent_memory/context_store/access.py:4 (python_import),54c8af66e87fd253c8822dc2d746d65061adfade620018956ed1e9718d916f01,收窄清单确认；增量保护；精确同步当前必要实现；迁移剩余消费者；AKS真实门禁和本机检查。
E:/projects/codex/aether/AgentJYS-main/src/aether_agent_memory/context_store/ports.py,SRC-110,S02_旧B2B3记忆和调度实现,src/aether_agent_memory/context_store/ports.py,True,4049,4049,拟整文件删除；本次清单确认后实施,属于旧MemoryRuntime/ContextCatalog/长文本Celery/B3影子调度闭包；当前Remember/Recall/Temporal/Operate已使用另一组实现。删除需迁移有效的契约和边界断言。,旧入口/兼容导出不能再调用；当前入口和有效契约继续保留；删除前迁移消费者和测试。,src/aether_agent_memory/adapters/context_catalog.py:9 (python_import); src/aether_agent_memory/adapters/context_projection_executor.py:12 (python_import); src/aether_agent_memory/adapters/context_projection_queue.py:12 (python_import); src/aether_agent_memory/adapters/context_semantic_index.py:22 (python_import); src/aether_agent_memory/adapters/projection_executor.py:10 (python_import); src/aether_agent_memory/adapters/redis_context_projection_queue.py:14 (python_import); src/aether_agent_memory/application/context_projection.py:10 (python_import); src/aether_agent_memory/application/resource.py:17 (python_import); src/aether_agent_memory/application/skill.py:17 (python_import); src/aether_agent_memory/bootstrap/container.py:8 (python_import); src/aether_agent_memory/context_store/__init__.py:46 (python_import); src/aether_agent_memory/context_store/hierarchical.py:23 (python_import); src/aether_agent_memory/context_store/reindex.py:11 (python_import); src/aether_agent_memory/memory/retrieval/service.py:18 (python_import); src/aether_agent_memory/memory/retrieval/sources.py:18 (python_import),ab35872ce4a374a8b757acc5effcd0b051c11bffeb1cee817f425083072425df,收窄清单确认；增量保护；精确同步当前必要实现；迁移剩余消费者；AKS真实门禁和本机检查。
E:/projects/codex/aether/AgentJYS-main/src/aether_agent_memory/context_store/reindex.py,SRC-111,S02_旧B2B3记忆和调度实现,src/aether_agent_memory/context_store/reindex.py,True,7403,7403,拟整文件删除；本次清单确认后实施,属于旧MemoryRuntime/ContextCatalog/长文本Celery/B3影子调度闭包；当前Remember/Recall/Temporal/Operate已使用另一组实现。删除需迁移有效的契约和边界断言。,旧入口/兼容导出不能再调用；当前入口和有效契约继续保留；删除前迁移消费者和测试。,src/aether_agent_memory/application/services.py:28 (python_import); src/aether_agent_memory/bootstrap/container.py:134 (python_import); src/aether_agent_memory/context_store/__init__.py:61 (python_import); src/aether_agent_memory/context_store/ports.py:18 (python_import); src/aether_agent_memory/runtime/service.py:61 (python_import); tests/unit/test_context_store_domain.py:22 (python_import); tests/unit/test_context_store_reader.py:252 (python_import); Dockerfile:14 (docker_copy_directory); Dockerfile.p3:20 (docker_copy_directory),5fe8d83d3d1279e641e7842f356f6584690bb258c5d295b91cc5b155e40e374a,收窄清单确认；增量保护；精确同步当前必要实现；迁移剩余消费者；AKS真实门禁和本机检查。
E:/projects/codex/aether/AgentJYS-main/src/aether_agent_memory/context_store/uri.py,SRC-112,S02_旧B2B3记忆和调度实现,src/aether_agent_memory/context_store/uri.py,True,3164,3164,拟整文件删除；本次清单确认后实施,属于旧MemoryRuntime/ContextCatalog/长文本Celery/B3影子调度闭包；当前Remember/Recall/Temporal/Operate已使用另一组实现。删除需迁移有效的契约和边界断言。,旧入口/兼容导出不能再调用；当前入口和有效契约继续保留；删除前迁移消费者和测试。,src/aether_agent_memory/adapters/context_catalog.py:13 (python_import); src/aether_agent_memory/adapters/context_index_tombstone.py:9 (python_import); src/aether_agent_memory/adapters/context_semantic_index.py:26 (python_import); src/aether_agent_memory/adapters/context_store.py:25 (python_import); src/aether_agent_memory/adapters/resource_context.py:19 (python_import); src/aether_agent_memory/adapters/session_context.py:16 (python_import); src/aether_agent_memory/adapters/skill_context.py:17 (python_import); src/aether_agent_memory/application/services.py:29 (python_import); src/aether_agent_memory/context_store/__init__.py:62 (python_import); src/aether_agent_memory/context_store/access.py:5 (python_import); src/aether_agent_memory/context_store/hierarchical.py:29 (python_import); src/aether_agent_memory/context_store/in_memory.py:17 (python_import); src/aether_agent_memory/context_store/mapping.py:12 (python_import); src/aether_agent_memory/context_store/models.py:10 (python_import); src/aether_agent_memory/context_store/ports.py:15 (python_import),ae42621d4c3228cce70585fda8d6392da4c19c6993c059beb51602a814d50f03,收窄清单确认；增量保护；精确同步当前必要实现；迁移剩余消费者；AKS真实门禁和本机检查。
E:/projects/codex/aether/AgentJYS-main/src/aether_agent_memory/demo/__init__.py,SRC-113,S03_旧演示与独立B1工具,src/aether_agent_memory/demo/__init__.py,True,796,796,拟整文件删除；本次清单确认后实施,旧Mock、Sidecar仪表盘和B1/B2/B3演示工具；目标当前本机及Azure使用canonical native BGE和统一HTTP。退出这些工具的能力是明确影响。,旧入口/兼容导出不能再调用；当前入口和有效契约继续保留；删除前迁移消费者和测试。,examples/unified_demo.py:7 (python_import); examples/unified_demo.py:7 (package_initializer); examples/unified_demo_tui.py:24 (python_import); examples/unified_demo_tui.py:24 (package_initializer); scripts/p3_service.py:14 (python_import); scripts/p3_service.py:14 (package_initializer); src/aether_agent_memory/api/routers/demo.py:9 (package_initializer); src/aether_agent_memory/api/routers/embedding.py:9 (package_initializer); src/aether_agent_memory/api/routers/health.py:8 (package_initializer); src/aether_agent_memory/api/routers/scheduling.py:9 (package_initializer); tests/integration/test_unified_flow_smoke.py:3 (python_import); tests/integration/test_unified_flow_smoke.py:3 (package_initializer); Dockerfile:14 (docker_copy_directory); Dockerfile.p3:20 (docker_copy_directory),75bfb9204f10fbfabd27d699bd19c055627dcafcddb587d052ddcf5dc97269d0,收窄清单确认；增量保护；精确同步当前必要实现；迁移剩余消费者；AKS真实门禁和本机检查。
E:/projects/codex/aether/AgentJYS-main/src/aether_agent_memory/demo/flow.py,SRC-114,S03_旧演示与独立B1工具,src/aether_agent_memory/demo/flow.py,True,9179,9179,拟整文件删除；本次清单确认后实施,旧Mock、Sidecar仪表盘和B1/B2/B3演示工具；目标当前本机及Azure使用canonical native BGE和统一HTTP。退出这些工具的能力是明确影响。,旧入口/兼容导出不能再调用；当前入口和有效契约继续保留；删除前迁移消费者和测试。,src/aether_agent_memory/demo/__init__.py:2 (python_import); docs/PHASE2_HANDOFF_20260914.md:161 (literal_path_reference); docs/p3/acceptance/reports/cleanup-manifest.json:17 (literal_path_reference); Dockerfile:14 (docker_copy_directory); Dockerfile.p3:20 (docker_copy_directory),b3063366572f142fde10a01c6eb101e57e323ffd74023df51ac014735daea402,收窄清单确认；增量保护；精确同步当前必要实现；迁移剩余消费者；AKS真实门禁和本机检查。
E:/projects/codex/aether/AgentJYS-main/src/aether_agent_memory/demo/service.py,SRC-115,S03_旧演示与独立B1工具,src/aether_agent_memory/demo/service.py,True,20244,20244,拟整文件删除；本次清单确认后实施,旧Mock、Sidecar仪表盘和B1/B2/B3演示工具；目标当前本机及Azure使用canonical native BGE和统一HTTP。退出这些工具的能力是明确影响。,旧入口/兼容导出不能再调用；当前入口和有效契约继续保留；删除前迁移消费者和测试。,scripts/p3_service.py:14 (python_import); src/aether_agent_memory/api/routers/demo.py:9 (python_import); src/aether_agent_memory/api/routers/embedding.py:9 (python_import); src/aether_agent_memory/api/routers/health.py:8 (python_import); src/aether_agent_memory/api/routers/scheduling.py:9 (python_import); src/aether_agent_memory/demo/__init__.py:3 (python_import); Dockerfile:14 (docker_copy_directory); Dockerfile.p3:20 (docker_copy_directory),8a5e6f11d8d5c2405e8b9c579744c833637f50675f432adfc82f13a8ab346791,收窄清单确认；增量保护；精确同步当前必要实现；迁移剩余消费者；AKS真实门禁和本机检查。
E:/projects/codex/aether/AgentJYS-main/src/aether_agent_memory/episodic/__init__.py,SRC-116,S03_旧演示与独立B1工具,src/aether_agent_memory/episodic/__init__.py,True,119,119,拟整文件删除；本次清单确认后实施,旧Mock、Sidecar仪表盘和B1/B2/B3演示工具；目标当前本机及Azure使用canonical native BGE和统一HTTP。退出这些工具的能力是明确影响。,旧入口/兼容导出不能再调用；当前入口和有效契约继续保留；删除前迁移消费者和测试。,examples/minimal_loop/mock_services.py:6 (package_initializer); examples/p2_integration_smoke.py:22 (python_import); examples/p2_integration_smoke.py:22 (package_initializer); examples/p3_closed_loop.py:8 (package_initializer); scripts/benchmark_b2_only.py:17 (package_initializer); scripts/run_b2_dataset_replay.py:21 (package_initializer); src/aether_agent_memory/__init__.py:51 (package_initializer); src/aether_agent_memory/context/builder.py:13 (package_initializer); src/aether_agent_memory/demo/flow.py:26 (python_import); src/aether_agent_memory/demo/flow.py:26 (package_initializer); src/aether_agent_memory/runtime/legacy.py:32 (python_import); src/aether_agent_memory/runtime/legacy.py:32 (package_initializer); tests/unit/test_b2_service.py:10 (package_initializer); tests/unit/test_context_builder.py:9 (package_initializer); tests/unit/test_end_to_end.py:5 (package_initializer),ae9bfad9ebdabee5a25c2ca4d65b5f6cbbd3609927f2d0182308d6cf862c6263,收窄清单确认；增量保护；精确同步当前必要实现；迁移剩余消费者；AKS真实门禁和本机检查。
E:/projects/codex/aether/AgentJYS-main/src/aether_agent_memory/episodic/manager.py,SRC-117,S03_旧演示与独立B1工具,src/aether_agent_memory/episodic/manager.py,True,2102,2102,拟整文件删除；本次清单确认后实施,旧Mock、Sidecar仪表盘和B1/B2/B3演示工具；目标当前本机及Azure使用canonical native BGE和统一HTTP。退出这些工具的能力是明确影响。,旧入口/兼容导出不能再调用；当前入口和有效契约继续保留；删除前迁移消费者和测试。,examples/minimal_loop/mock_services.py:6 (lazy_export_requested); examples/p3_closed_loop.py:8 (lazy_export_requested); scripts/benchmark_b2_only.py:17 (python_import); scripts/run_b2_dataset_replay.py:21 (python_import); src/aether_agent_memory/__init__.py:51 (python_module_constant); src/aether_agent_memory/context/builder.py:13 (python_import); src/aether_agent_memory/episodic/__init__.py:1 (python_import); tests/unit/test_b2_service.py:10 (python_import); tests/unit/test_context_builder.py:9 (python_import); tests/unit/test_end_to_end.py:5 (lazy_export_requested); tests/unit/test_episodic_manager.py:8 (python_import); tests/unit/test_fact_first.py:22 (python_import); tests/unit/test_memory_store.py:8 (python_import); docs/PHASE0_HANDOFF_20260914.md:18 (literal_path_reference); Dockerfile:14 (docker_copy_directory),3f0804300798cd1956d7f873c479dfb6fc6804a858d621a15356306096fcfbb0,收窄清单确认；增量保护；精确同步当前必要实现；迁移剩余消费者；AKS真实门禁和本机检查。
E:/projects/codex/aether/AgentJYS-main/src/aether_agent_memory/integration/__init__.py,SRC-118,S01_旧HTTP与Celery装配,src/aether_agent_memory/integration/__init__.py,True,313,313,拟整文件删除；本次清单确认后实施,当前部署使用__main__→runtime/flows/cli→Service；本组由已退休app/bootstrap/旧API/独立queue workers互相引用，非现行装配。旧compose/安装导出同步退出。,旧入口/兼容导出不能再调用；当前入口和有效契约继续保留；删除前迁移消费者和测试。,src/aether_agent_memory/api/routers/catalog.py:16 (python_import); src/aether_agent_memory/api/routers/catalog.py:16 (package_initializer); src/aether_agent_memory/api/routers/context.py:16 (python_import); src/aether_agent_memory/api/routers/context.py:16 (package_initializer); src/aether_agent_memory/api/routers/embedding.py:10 (python_import); src/aether_agent_memory/api/routers/embedding.py:10 (package_initializer); src/aether_agent_memory/api/routers/memory.py:9 (python_import); src/aether_agent_memory/api/routers/memory.py:9 (package_initializer); src/aether_agent_memory/api/routers/projections.py:9 (python_import); src/aether_agent_memory/api/routers/projections.py:9 (package_initializer); src/aether_agent_memory/api/routers/resources.py:11 (python_import); src/aether_agent_memory/api/routers/resources.py:11 (package_initializer); src/aether_agent_memory/api/routers/scheduling.py:10 (python_import); src/aether_agent_memory/api/routers/scheduling.py:10 (package_initializer); src/aether_agent_memory/api/routers/sessions.py:10 (python_import),5d64ccb6e2593707c162f7116d683e49b79e1d8c0275d7cd7d255e63c6dd9f82,收窄清单确认；增量保护；精确同步当前必要实现；迁移剩余消费者；AKS真实门禁和本机检查。
E:/projects/codex/aether/AgentJYS-main/src/aether_agent_memory/integration/context.py,SRC-119,S01_旧HTTP与Celery装配,src/aether_agent_memory/integration/context.py,True,511,511,拟整文件删除；本次清单确认后实施,当前部署使用__main__→runtime/flows/cli→Service；本组由已退休app/bootstrap/旧API/独立queue workers互相引用，非现行装配。旧compose/安装导出同步退出。,旧入口/兼容导出不能再调用；当前入口和有效契约继续保留；删除前迁移消费者和测试。,src/aether_agent_memory/integration/__init__.py:1 (python_import); Dockerfile:14 (docker_copy_directory); Dockerfile.p3:20 (docker_copy_directory),c9c4e34a71243a63816153f221331a92d388bdfb8de71b8bbe046d4902746197,收窄清单确认；增量保护；精确同步当前必要实现；迁移剩余消费者；AKS真实门禁和本机检查。
E:/projects/codex/aether/AgentJYS-main/src/aether_agent_memory/integration/http.py,SRC-120,S01_旧HTTP与Celery装配,src/aether_agent_memory/integration/http.py,True,774,774,拟整文件删除；本次清单确认后实施,当前部署使用__main__→runtime/flows/cli→Service；本组由已退休app/bootstrap/旧API/独立queue workers互相引用，非现行装配。旧compose/安装导出同步退出。,旧入口/兼容导出不能再调用；当前入口和有效契约继续保留；删除前迁移消费者和测试。,src/aether_agent_memory/integration/__init__.py:2 (python_import); Dockerfile:14 (docker_copy_directory); Dockerfile.p3:20 (docker_copy_directory),56b00ee700acf1643dcee68cd0d73d748e8f15ebd534a65d01e2eafb671e33da,收窄清单确认；增量保护；精确同步当前必要实现；迁移剩余消费者；AKS真实门禁和本机检查。
E:/projects/codex/aether/AgentJYS-main/src/aether_agent_memory/integration/schemas.py,SRC-121,S01_旧HTTP与Celery装配,src/aether_agent_memory/integration/schemas.py,True,1035,1035,拟整文件删除；本次清单确认后实施,当前部署使用__main__→runtime/flows/cli→Service；本组由已退休app/bootstrap/旧API/独立queue workers互相引用，非现行装配。旧compose/安装导出同步退出。,旧入口/兼容导出不能再调用；当前入口和有效契约继续保留；删除前迁移消费者和测试。,src/aether_agent_memory/api/routers/tasks.py:19 (python_import); src/aether_agent_memory/integration/__init__.py:3 (python_import); Dockerfile:14 (docker_copy_directory); Dockerfile.p3:20 (docker_copy_directory),679c30c426f8f334d5bf11abbbd9f2faae86fa2647bc3c9827702a8e449a5b46,收窄清单确认；增量保护；精确同步当前必要实现；迁移剩余消费者；AKS真实门禁和本机检查。
E:/projects/codex/aether/AgentJYS-main/src/aether_agent_memory/interfaces/__init__.py,SRC-122,S02_旧B2B3记忆和调度实现,src/aether_agent_memory/interfaces/__init__.py,True,746,746,拟整文件删除；本次清单确认后实施,属于旧MemoryRuntime/ContextCatalog/长文本Celery/B3影子调度闭包；当前Remember/Recall/Temporal/Operate已使用另一组实现。删除需迁移有效的契约和边界断言。,旧入口/兼容导出不能再调用；当前入口和有效契约继续保留；删除前迁移消费者和测试。,src/aether_agent_memory/b1/pipeline.py:11 (package_initializer); src/aether_agent_memory/b2/memory_consolidation.py:26 (package_initializer); src/aether_agent_memory/b2/service.py:16 (package_initializer); src/aether_agent_memory/b2/service.py:17 (package_initializer); src/aether_agent_memory/context/builder.py:14 (package_initializer); src/aether_agent_memory/episodic/manager.py:6 (package_initializer); src/aether_agent_memory/episodic/manager.py:7 (package_initializer); src/aether_agent_memory/mocks/_base.py:9 (package_initializer); src/aether_agent_memory/runtime/legacy.py:33 (package_initializer); src/aether_agent_memory/semantic/manager.py:10 (package_initializer); src/aether_agent_memory/semantic/manager.py:11 (package_initializer); Dockerfile:14 (docker_copy_directory); Dockerfile.p3:20 (docker_copy_directory),3cf8c1599d59a5ec2121d9b99b9dfab642580d2507f0fb47695f3b2182974438,收窄清单确认；增量保护；精确同步当前必要实现；迁移剩余消费者；AKS真实门禁和本机检查。
E:/projects/codex/aether/AgentJYS-main/src/aether_agent_memory/interfaces/context.py,SRC-123,S02_旧B2B3记忆和调度实现,src/aether_agent_memory/interfaces/context.py,True,186,186,拟整文件删除；本次清单确认后实施,属于旧MemoryRuntime/ContextCatalog/长文本Celery/B3影子调度闭包；当前Remember/Recall/Temporal/Operate已使用另一组实现。删除需迁移有效的契约和边界断言。,旧入口/兼容导出不能再调用；当前入口和有效契约继续保留；删除前迁移消费者和测试。,src/aether_agent_memory/interfaces/__init__.py:1 (python_import); Dockerfile:14 (docker_copy_directory); Dockerfile.p3:20 (docker_copy_directory),30c45d52a2e59394b09362a6fedacbbd0570c47d3c65f441c984061625961791,收窄清单确认；增量保护；精确同步当前必要实现；迁移剩余消费者；AKS真实门禁和本机检查。
E:/projects/codex/aether/AgentJYS-main/src/aether_agent_memory/interfaces/embedding.py,SRC-124,S02_旧B2B3记忆和调度实现,src/aether_agent_memory/interfaces/embedding.py,True,241,241,拟整文件删除；本次清单确认后实施,属于旧MemoryRuntime/ContextCatalog/长文本Celery/B3影子调度闭包；当前Remember/Recall/Temporal/Operate已使用另一组实现。删除需迁移有效的契约和边界断言。,旧入口/兼容导出不能再调用；当前入口和有效契约继续保留；删除前迁移消费者和测试。,src/aether_agent_memory/b1/pipeline.py:11 (python_import); src/aether_agent_memory/episodic/manager.py:6 (python_import); src/aether_agent_memory/interfaces/__init__.py:2 (python_import); src/aether_agent_memory/semantic/manager.py:10 (python_import); Dockerfile:14 (docker_copy_directory); Dockerfile.p3:20 (docker_copy_directory),61995c873a8c1f728c8288e564d3281117da34105ef01321c4f2d79930d6ba5a,收窄清单确认；增量保护；精确同步当前必要实现；迁移剩余消费者；AKS真实门禁和本机检查。
E:/projects/codex/aether/AgentJYS-main/src/aether_agent_memory/interfaces/managers.py,SRC-125,S02_旧B2B3记忆和调度实现,src/aether_agent_memory/interfaces/managers.py,True,1367,1367,拟整文件删除；本次清单确认后实施,属于旧MemoryRuntime/ContextCatalog/长文本Celery/B3影子调度闭包；当前Remember/Recall/Temporal/Operate已使用另一组实现。删除需迁移有效的契约和边界断言。,旧入口/兼容导出不能再调用；当前入口和有效契约继续保留；删除前迁移消费者和测试。,src/aether_agent_memory/b2/memory_consolidation.py:26 (python_import); src/aether_agent_memory/b2/service.py:16 (python_import); src/aether_agent_memory/context/builder.py:14 (python_import); src/aether_agent_memory/interfaces/__init__.py:3 (python_import); Dockerfile:14 (docker_copy_directory); Dockerfile.p3:20 (docker_copy_directory),dfa7d9a7f45a8a568f8f2e5eedc401eb0e3d26b9429bf07b968bced2ede74e20,收窄清单确认；增量保护；精确同步当前必要实现；迁移剩余消费者；AKS真实门禁和本机检查。
E:/projects/codex/aether/AgentJYS-main/src/aether_agent_memory/interfaces/memory_store.py,SRC-126,S02_旧B2B3记忆和调度实现,src/aether_agent_memory/interfaces/memory_store.py,True,802,802,拟整文件删除；本次清单确认后实施,属于旧MemoryRuntime/ContextCatalog/长文本Celery/B3影子调度闭包；当前Remember/Recall/Temporal/Operate已使用另一组实现。删除需迁移有效的契约和边界断言。,旧入口/兼容导出不能再调用；当前入口和有效契约继续保留；删除前迁移消费者和测试。,src/aether_agent_memory/episodic/manager.py:7 (python_import); src/aether_agent_memory/interfaces/__init__.py:9 (python_import); src/aether_agent_memory/mocks/_base.py:9 (python_import); src/aether_agent_memory/runtime/legacy.py:33 (python_import); src/aether_agent_memory/semantic/manager.py:11 (python_import); Dockerfile:14 (docker_copy_directory); Dockerfile.p3:20 (docker_copy_directory),d196f9ebd51df9f9c57d23cd47d6214b7119c48975854def0b3799d029ed1e64,收窄清单确认；增量保护；精确同步当前必要实现；迁移剩余消费者；AKS真实门禁和本机检查。
E:/projects/codex/aether/AgentJYS-main/src/aether_agent_memory/interfaces/signal.py,SRC-127,S02_旧B2B3记忆和调度实现,src/aether_agent_memory/interfaces/signal.py,True,227,227,拟整文件删除；本次清单确认后实施,属于旧MemoryRuntime/ContextCatalog/长文本Celery/B3影子调度闭包；当前Remember/Recall/Temporal/Operate已使用另一组实现。删除需迁移有效的契约和边界断言。,旧入口/兼容导出不能再调用；当前入口和有效契约继续保留；删除前迁移消费者和测试。,src/aether_agent_memory/b2/service.py:17 (python_import); src/aether_agent_memory/interfaces/__init__.py:10 (python_import); Dockerfile:14 (docker_copy_directory); Dockerfile.p3:20 (docker_copy_directory),10670c9ad37de4676362440f15c69621f21aa23f7b1ee7333ced641c5123217b,收窄清单确认；增量保护；精确同步当前必要实现；迁移剩余消费者；AKS真实门禁和本机检查。
E:/projects/codex/aether/AgentJYS-main/src/aether_agent_memory/interfaces/storage.py,SRC-128,S02_旧B2B3记忆和调度实现,src/aether_agent_memory/interfaces/storage.py,True,328,328,拟整文件删除；本次清单确认后实施,属于旧MemoryRuntime/ContextCatalog/长文本Celery/B3影子调度闭包；当前Remember/Recall/Temporal/Operate已使用另一组实现。删除需迁移有效的契约和边界断言。,旧入口/兼容导出不能再调用；当前入口和有效契约继续保留；删除前迁移消费者和测试。,src/aether_agent_memory/interfaces/__init__.py:11 (python_import); Dockerfile:14 (docker_copy_directory); Dockerfile.p3:20 (docker_copy_directory),ae3d2177e34be3d6692edf828cbf0a84884fc27df2d488fa498ce802e258cd5c,收窄清单确认；增量保护；精确同步当前必要实现；迁移剩余消费者；AKS真实门禁和本机检查。
E:/projects/codex/aether/AgentJYS-main/src/aether_agent_memory/memory/__init__.py,SRC-129,S02_旧B2B3记忆和调度实现,src/aether_agent_memory/memory/__init__.py,True,706,706,拟整文件删除；本次清单确认后实施,属于旧MemoryRuntime/ContextCatalog/长文本Celery/B3影子调度闭包；当前Remember/Recall/Temporal/Operate已使用另一组实现。删除需迁移有效的契约和边界断言。,旧入口/兼容导出不能再调用；当前入口和有效契约继续保留；删除前迁移消费者和测试。,src/aether_agent_memory/adapters/access_trace.py:7 (package_initializer); src/aether_agent_memory/adapters/memory_extraction.py:7 (package_initializer); src/aether_agent_memory/adapters/operate_scheduler.py:26 (package_initializer); src/aether_agent_memory/adapters/operate_telemetry.py:6 (package_initializer); src/aether_agent_memory/adapters/projection_executor.py:12 (package_initializer); src/aether_agent_memory/adapters/projection_queue.py:8 (package_initializer); src/aether_agent_memory/adapters/redis_projection_queue.py:10 (package_initializer); src/aether_agent_memory/application/projection.py:6 (package_initializer); src/aether_agent_memory/application/services.py:33 (package_initializer); src/aether_agent_memory/application/services.py:34 (package_initializer); src/aether_agent_memory/application/services.py:35 (package_initializer); src/aether_agent_memory/application/services.py:36 (package_initializer); src/aether_agent_memory/application/session.py:11 (package_initializer); src/aether_agent_memory/b2/service.py:18 (package_initializer); src/aether_agent_memory/bootstrap/container.py:15 (package_initializer),7aafd3f9e23cf8dc3af359d468f266b34304066b5c98ecc950b6fd09b743f85b,收窄清单确认；增量保护；精确同步当前必要实现；迁移剩余消费者；AKS真实门禁和本机检查。
E:/projects/codex/aether/AgentJYS-main/src/aether_agent_memory/memory/context/__init__.py,SRC-130,S02_旧B2B3记忆和调度实现,src/aether_agent_memory/memory/context/__init__.py,True,230,230,拟整文件删除；本次清单确认后实施,属于旧MemoryRuntime/ContextCatalog/长文本Celery/B3影子调度闭包；当前Remember/Recall/Temporal/Operate已使用另一组实现。删除需迁移有效的契约和边界断言。,旧入口/兼容导出不能再调用；当前入口和有效契约继续保留；删除前迁移消费者和测试。,Dockerfile:14 (docker_copy_directory); Dockerfile.p3:20 (docker_copy_directory),2afea9119eb1fab3a07d0320dc698d9e858925506b38036384246c79acd75317,收窄清单确认；增量保护；精确同步当前必要实现；迁移剩余消费者；AKS真实门禁和本机检查。
E:/projects/codex/aether/AgentJYS-main/src/aether_agent_memory/memory/context/builder.py,SRC-131,S02_旧B2B3记忆和调度实现,src/aether_agent_memory/memory/context/builder.py,True,2169,2169,拟整文件删除；本次清单确认后实施,属于旧MemoryRuntime/ContextCatalog/长文本Celery/B3影子调度闭包；当前Remember/Recall/Temporal/Operate已使用另一组实现。删除需迁移有效的契约和边界断言。,旧入口/兼容导出不能再调用；当前入口和有效契约继续保留；删除前迁移消费者和测试。,src/aether_agent_memory/memory/context/__init__.py:1 (python_import); Dockerfile:14 (docker_copy_directory); Dockerfile.p3:20 (docker_copy_directory),d7366e7523d499cc3b4187d5c272566a5c522c7d1875137f7529bf8016de90b0,收窄清单确认；增量保护；精确同步当前必要实现；迁移剩余消费者；AKS真实门禁和本机检查。
E:/projects/codex/aether/AgentJYS-main/src/aether_agent_memory/memory/formation/__init__.py,SRC-132,S02_旧B2B3记忆和调度实现,src/aether_agent_memory/memory/formation/__init__.py,True,798,798,拟整文件删除；本次清单确认后实施,属于旧MemoryRuntime/ContextCatalog/长文本Celery/B3影子调度闭包；当前Remember/Recall/Temporal/Operate已使用另一组实现。删除需迁移有效的契约和边界断言。,旧入口/兼容导出不能再调用；当前入口和有效契约继续保留；删除前迁移消费者和测试。,src/aether_agent_memory/adapters/memory_extraction.py:7 (python_import); src/aether_agent_memory/adapters/memory_extraction.py:7 (package_initializer); src/aether_agent_memory/application/services.py:33 (python_import); src/aether_agent_memory/application/services.py:33 (package_initializer); src/aether_agent_memory/application/session.py:11 (python_import); src/aether_agent_memory/application/session.py:11 (package_initializer); src/aether_agent_memory/b2/service.py:18 (package_initializer); src/aether_agent_memory/bootstrap/container.py:135 (python_import); src/aether_agent_memory/bootstrap/container.py:135 (package_initializer); src/aether_agent_memory/memory/formation/service.py:5 (package_initializer); src/aether_agent_memory/runtime/dependencies.py:19 (python_import); src/aether_agent_memory/runtime/dependencies.py:19 (package_initializer); src/aether_agent_memory/runtime/service.py:64 (python_import); src/aether_agent_memory/runtime/service.py:64 (package_initializer); tests/unit/test_fact_first.py:23 (python_import),7f8b4fad0e7bf55a833b34e132933c46e1144c0e1a8ecc34ebb9823162f71e54,收窄清单确认；增量保护；精确同步当前必要实现；迁移剩余消费者；AKS真实门禁和本机检查。
E:/projects/codex/aether/AgentJYS-main/src/aether_agent_memory/memory/formation/extraction.py,SRC-133,S02_旧B2B3记忆和调度实现,src/aether_agent_memory/memory/formation/extraction.py,True,2407,2407,拟整文件删除；本次清单确认后实施,属于旧MemoryRuntime/ContextCatalog/长文本Celery/B3影子调度闭包；当前Remember/Recall/Temporal/Operate已使用另一组实现。删除需迁移有效的契约和边界断言。,旧入口/兼容导出不能再调用；当前入口和有效契约继续保留；删除前迁移消费者和测试。,src/aether_agent_memory/memory/formation/__init__.py:1 (python_import); Dockerfile:14 (docker_copy_directory); Dockerfile.p3:20 (docker_copy_directory),9001ea3dd31d137dc40c1e7c6bc6fa6df2cc0832d53f325cc7fe7111de8f8ff5,收窄清单确认；增量保护；精确同步当前必要实现；迁移剩余消费者；AKS真实门禁和本机检查。
E:/projects/codex/aether/AgentJYS-main/src/aether_agent_memory/memory/formation/models.py,SRC-134,S02_旧B2B3记忆和调度实现,src/aether_agent_memory/memory/formation/models.py,True,2235,2235,拟整文件删除；本次清单确认后实施,属于旧MemoryRuntime/ContextCatalog/长文本Celery/B3影子调度闭包；当前Remember/Recall/Temporal/Operate已使用另一组实现。删除需迁移有效的契约和边界断言。,旧入口/兼容导出不能再调用；当前入口和有效契约继续保留；删除前迁移消费者和测试。,src/aether_agent_memory/b2/service.py:18 (python_import); src/aether_agent_memory/memory/formation/__init__.py:6 (python_import); src/aether_agent_memory/memory/formation/service.py:5 (python_import); Dockerfile:14 (docker_copy_directory); Dockerfile.p3:20 (docker_copy_directory),ebfdeeaacb35387827275e72ae619f1a4aa8fde731209d02b6274add54fc765c,收窄清单确认；增量保护；精确同步当前必要实现；迁移剩余消费者；AKS真实门禁和本机检查。
E:/projects/codex/aether/AgentJYS-main/src/aether_agent_memory/memory/formation/service.py,SRC-135,S02_旧B2B3记忆和调度实现,src/aether_agent_memory/memory/formation/service.py,True,3379,3379,拟整文件删除；本次清单确认后实施,属于旧MemoryRuntime/ContextCatalog/长文本Celery/B3影子调度闭包；当前Remember/Recall/Temporal/Operate已使用另一组实现。删除需迁移有效的契约和边界断言。,旧入口/兼容导出不能再调用；当前入口和有效契约继续保留；删除前迁移消费者和测试。,src/aether_agent_memory/memory/formation/__init__.py:14 (python_import); tests/unit/test_projection_reconciler.py:21 (python_import); Dockerfile:14 (docker_copy_directory); Dockerfile.p3:20 (docker_copy_directory),8a4151f1bfdce98ae73065fd14b640794d6388a15dbaa5aeb3faacc7e487174c,收窄清单确认；增量保护；精确同步当前必要实现；迁移剩余消费者；AKS真实门禁和本机检查。
E:/projects/codex/aether/AgentJYS-main/src/aether_agent_memory/memory/models.py,SRC-136,S02_旧B2B3记忆和调度实现,src/aether_agent_memory/memory/models.py,True,1764,1764,拟整文件删除；本次清单确认后实施,属于旧MemoryRuntime/ContextCatalog/长文本Celery/B3影子调度闭包；当前Remember/Recall/Temporal/Operate已使用另一组实现。删除需迁移有效的契约和边界断言。,旧入口/兼容导出不能再调用；当前入口和有效契约继续保留；删除前迁移消费者和测试。,src/aether_agent_memory/memory/__init__.py:1 (python_import); src/aether_agent_memory/memory/formation/models.py:9 (python_import); src/aether_agent_memory/memory/formation/service.py:6 (python_import); Dockerfile:14 (docker_copy_directory); Dockerfile.p3:20 (docker_copy_directory),7785e8fb06fecc43f7c41d017ae0761ec9e28ccaf7aabf1b49b2a53b65a03e4b,收窄清单确认；增量保护；精确同步当前必要实现；迁移剩余消费者；AKS真实门禁和本机检查。
E:/projects/codex/aether/AgentJYS-main/src/aether_agent_memory/memory/projection.py,SRC-137,S02_旧B2B3记忆和调度实现,src/aether_agent_memory/memory/projection.py,True,4119,4119,拟整文件删除；本次清单确认后实施,属于旧MemoryRuntime/ContextCatalog/长文本Celery/B3影子调度闭包；当前Remember/Recall/Temporal/Operate已使用另一组实现。删除需迁移有效的契约和边界断言。,旧入口/兼容导出不能再调用；当前入口和有效契约继续保留；删除前迁移消费者和测试。,src/aether_agent_memory/adapters/projection_executor.py:12 (python_import); src/aether_agent_memory/adapters/projection_queue.py:8 (python_import); src/aether_agent_memory/adapters/redis_projection_queue.py:10 (python_import); src/aether_agent_memory/application/projection.py:6 (python_import); src/aether_agent_memory/bootstrap/container.py:15 (python_import); src/aether_agent_memory/bootstrap/container.py:136 (python_import); src/aether_agent_memory/memory/__init__.py:7 (python_import); src/aether_agent_memory/runtime/dependencies.py:43 (python_import); src/aether_agent_memory/runtime/service.py:65 (python_import); tests/unit/test_fact_first.py:24 (python_import); tests/unit/test_long_text_fact_first.py:13 (python_import); tests/unit/test_queue_reliability.py:14 (python_import); docs/PHASE1_HANDOFF_20260914.md:46 (literal_path_reference); Dockerfile:14 (docker_copy_directory); Dockerfile.p3:20 (docker_copy_directory),3dc5e7d9b02c57a1fd79c508abbbebf30b4ab9ad7d113f37158f6b9ec490bf87,收窄清单确认；增量保护；精确同步当前必要实现；迁移剩余消费者；AKS真实门禁和本机检查。
E:/projects/codex/aether/AgentJYS-main/src/aether_agent_memory/memory/recall/__init__.py,SRC-138,S04_旧兼容路径,src/aether_agent_memory/memory/recall/__init__.py,True,79,80,拟整文件删除；本次清单确认后实施,原路径仅转导canonical实现或空supervisor；保留canonical并修全部消费者、lazy导出与旧路径参数测试。,旧入口/兼容导出不能再调用；当前入口和有效契约继续保留；删除前迁移消费者和测试。,tests/unit/recall/test_architecture.py:99 (package_initializer); tests/unit/recall/test_architecture.py:100 (package_initializer); tests/unit/recall/test_architecture.py:101 (package_initializer); tests/unit/recall/test_architecture.py:102 (package_initializer); tests/unit/recall/test_architecture.py:103 (package_initializer); tests/unit/recall/test_architecture.py:104 (package_initializer); tests/unit/recall/test_architecture.py:105 (package_initializer); tests/unit/recall/test_architecture.py:106 (package_initializer); Dockerfile:14 (docker_copy_directory); Dockerfile.p3:20 (docker_copy_directory),1cc0451a281e0e77373f9d5869e66de3288891df145964bce71d9577ecf17455,收窄清单确认；增量保护；精确同步当前必要实现；迁移剩余消费者；AKS真实门禁和本机检查。
E:/projects/codex/aether/AgentJYS-main/src/aether_agent_memory/memory/recall/admission.py,SRC-139,S04_旧兼容路径,src/aether_agent_memory/memory/recall/admission.py,True,1070,1070,拟整文件删除；本次清单确认后实施,原路径仅转导canonical实现或空supervisor；保留canonical并修全部消费者、lazy导出与旧路径参数测试。,旧入口/兼容导出不能再调用；当前入口和有效契约继续保留；删除前迁移消费者和测试。,tests/unit/recall/test_architecture.py:99 (dynamic_compatibility_parameter); Dockerfile:14 (docker_copy_directory); Dockerfile.p3:20 (docker_copy_directory),e8b21c2df5c6fbb44cafebc79fab5bef94fe91d1cdcda1425db6ef8f3cc2f998,收窄清单确认；增量保护；精确同步当前必要实现；迁移剩余消费者；AKS真实门禁和本机检查。
E:/projects/codex/aether/AgentJYS-main/src/aether_agent_memory/memory/recall/embedding_input.py,SRC-140,S04_旧兼容路径,src/aether_agent_memory/memory/recall/embedding_input.py,True,239,239,拟整文件删除；本次清单确认后实施,原路径仅转导canonical实现或空supervisor；保留canonical并修全部消费者、lazy导出与旧路径参数测试。,旧入口/兼容导出不能再调用；当前入口和有效契约继续保留；删除前迁移消费者和测试。,tests/unit/recall/test_architecture.py:100 (dynamic_compatibility_parameter); Dockerfile:14 (docker_copy_directory); Dockerfile.p3:20 (docker_copy_directory),84c611c0aecb505c281b5f7c0ecc26d31cca38397868cad30456170dd005e5eb,收窄清单确认；增量保护；精确同步当前必要实现；迁移剩余消费者；AKS真实门禁和本机检查。
E:/projects/codex/aether/AgentJYS-main/src/aether_agent_memory/memory/recall/execution.py,SRC-141,S04_旧兼容路径,src/aether_agent_memory/memory/recall/execution.py,True,448,448,拟整文件删除；本次清单确认后实施,原路径仅转导canonical实现或空supervisor；保留canonical并修全部消费者、lazy导出与旧路径参数测试。,旧入口/兼容导出不能再调用；当前入口和有效契约继续保留；删除前迁移消费者和测试。,tests/unit/recall/test_architecture.py:101 (dynamic_compatibility_parameter); Dockerfile:14 (docker_copy_directory); Dockerfile.p3:20 (docker_copy_directory),43f8196cbc3823731e2c369e8356b90f9be9e23c9f4422f31aba25374e44e0a4,收窄清单确认；增量保护；精确同步当前必要实现；迁移剩余消费者；AKS真实门禁和本机检查。
E:/projects/codex/aether/AgentJYS-main/src/aether_agent_memory/memory/recall/models.py,SRC-142,S04_旧兼容路径,src/aether_agent_memory/memory/recall/models.py,True,1937,1937,拟整文件删除；本次清单确认后实施,原路径仅转导canonical实现或空supervisor；保留canonical并修全部消费者、lazy导出与旧路径参数测试。,旧入口/兼容导出不能再调用；当前入口和有效契约继续保留；删除前迁移消费者和测试。,tests/unit/recall/test_architecture.py:102 (dynamic_compatibility_parameter); Dockerfile:14 (docker_copy_directory); Dockerfile.p3:20 (docker_copy_directory),4ff728846b4fcf69061f5453c889b0ac34901a084d1390972f3be26e30280384,收窄清单确认；增量保护；精确同步当前必要实现；迁移剩余消费者；AKS真实门禁和本机检查。
E:/projects/codex/aether/AgentJYS-main/src/aether_agent_memory/memory/recall/ports.py,SRC-143,S04_旧兼容路径,src/aether_agent_memory/memory/recall/ports.py,True,1017,1017,拟整文件删除；本次清单确认后实施,原路径仅转导canonical实现或空supervisor；保留canonical并修全部消费者、lazy导出与旧路径参数测试。,旧入口/兼容导出不能再调用；当前入口和有效契约继续保留；删除前迁移消费者和测试。,tests/unit/recall/test_architecture.py:103 (dynamic_compatibility_parameter); Dockerfile:14 (docker_copy_directory); Dockerfile.p3:20 (docker_copy_directory),ae6c557e958e79c9e6df0073c6e4ae01cb6c7e6ae0e558ba799e2208cf7a5ae0,收窄清单确认；增量保护；精确同步当前必要实现；迁移剩余消费者；AKS真实门禁和本机检查。
E:/projects/codex/aether/AgentJYS-main/src/aether_agent_memory/memory/recall/query.py,SRC-144,S04_旧兼容路径,src/aether_agent_memory/memory/recall/query.py,True,309,309,拟整文件删除；本次清单确认后实施,原路径仅转导canonical实现或空supervisor；保留canonical并修全部消费者、lazy导出与旧路径参数测试。,旧入口/兼容导出不能再调用；当前入口和有效契约继续保留；删除前迁移消费者和测试。,tests/unit/recall/test_architecture.py:104 (dynamic_compatibility_parameter); Dockerfile:14 (docker_copy_directory); Dockerfile.p3:20 (docker_copy_directory),37847f0340406ec4bfc82fc5779f3060dd08aa31891a2a40701e6324b9e2832a,收窄清单确认；增量保护；精确同步当前必要实现；迁移剩余消费者；AKS真实门禁和本机检查。
E:/projects/codex/aether/AgentJYS-main/src/aether_agent_memory/memory/recall/routing.py,SRC-145,S04_旧兼容路径,src/aether_agent_memory/memory/recall/routing.py,True,196,196,拟整文件删除；本次清单确认后实施,原路径仅转导canonical实现或空supervisor；保留canonical并修全部消费者、lazy导出与旧路径参数测试。,旧入口/兼容导出不能再调用；当前入口和有效契约继续保留；删除前迁移消费者和测试。,tests/unit/recall/test_architecture.py:105 (dynamic_compatibility_parameter); Dockerfile:14 (docker_copy_directory); Dockerfile.p3:20 (docker_copy_directory),3f4a544c43071a561d4e29cc330449dde4456c64a0460bc114c9e879b8a2174a,收窄清单确认；增量保护；精确同步当前必要实现；迁移剩余消费者；AKS真实门禁和本机检查。
E:/projects/codex/aether/AgentJYS-main/src/aether_agent_memory/memory/recall/store.py,SRC-146,S04_旧兼容路径,src/aether_agent_memory/memory/recall/store.py,True,477,477,拟整文件删除；本次清单确认后实施,原路径仅转导canonical实现或空supervisor；保留canonical并修全部消费者、lazy导出与旧路径参数测试。,旧入口/兼容导出不能再调用；当前入口和有效契约继续保留；删除前迁移消费者和测试。,tests/unit/recall/test_architecture.py:106 (dynamic_compatibility_parameter); Dockerfile:14 (docker_copy_directory); Dockerfile.p3:20 (docker_copy_directory),4ae229f0ede2a4053fb15925a63c6f6d46e8158f2a704dcb8f5538b32179629f,收窄清单确认；增量保护；精确同步当前必要实现；迁移剩余消费者；AKS真实门禁和本机检查。
E:/projects/codex/aether/AgentJYS-main/src/aether_agent_memory/memory/retrieval/__init__.py,SRC-147,S02_旧B2B3记忆和调度实现,src/aether_agent_memory/memory/retrieval/__init__.py,True,1596,1596,拟整文件删除；本次清单确认后实施,属于旧MemoryRuntime/ContextCatalog/长文本Celery/B3影子调度闭包；当前Remember/Recall/Temporal/Operate已使用另一组实现。删除需迁移有效的契约和边界断言。,旧入口/兼容导出不能再调用；当前入口和有效契约继续保留；删除前迁移消费者和测试。,src/aether_agent_memory/adapters/access_trace.py:7 (package_initializer); src/aether_agent_memory/adapters/operate_scheduler.py:26 (package_initializer); src/aether_agent_memory/adapters/operate_telemetry.py:6 (package_initializer); src/aether_agent_memory/application/services.py:34 (package_initializer); src/aether_agent_memory/application/services.py:35 (package_initializer); src/aether_agent_memory/application/services.py:36 (package_initializer); src/aether_agent_memory/bootstrap/container.py:137 (python_import); src/aether_agent_memory/bootstrap/container.py:137 (package_initializer); src/aether_agent_memory/memory/context/builder.py:6 (package_initializer); src/aether_agent_memory/memory/retrieval/pipeline.py:9 (package_initializer); src/aether_agent_memory/memory/retrieval/service.py:21 (package_initializer); src/aether_agent_memory/memory/retrieval/service.py:26 (package_initializer); src/aether_agent_memory/memory/retrieval/service.py:27 (package_initializer); src/aether_agent_memory/memory/retrieval/sources.py:22 (package_initializer); src/aether_agent_memory/operate/policy.py:8 (package_initializer),247ad65d2e40a5cc6384aec4441db6fa5501f72217badbe4c08173785c0d0911,收窄清单确认；增量保护；精确同步当前必要实现；迁移剩余消费者；AKS真实门禁和本机检查。
E:/projects/codex/aether/AgentJYS-main/src/aether_agent_memory/memory/retrieval/models.py,SRC-148,S02_旧B2B3记忆和调度实现,src/aether_agent_memory/memory/retrieval/models.py,True,2871,2871,拟整文件删除；本次清单确认后实施,属于旧MemoryRuntime/ContextCatalog/长文本Celery/B3影子调度闭包；当前Remember/Recall/Temporal/Operate已使用另一组实现。删除需迁移有效的契约和边界断言。,旧入口/兼容导出不能再调用；当前入口和有效契约继续保留；删除前迁移消费者和测试。,src/aether_agent_memory/adapters/access_trace.py:7 (python_import); src/aether_agent_memory/adapters/operate_scheduler.py:26 (python_import); src/aether_agent_memory/adapters/operate_telemetry.py:6 (python_import); src/aether_agent_memory/application/services.py:34 (python_import); src/aether_agent_memory/memory/retrieval/__init__.py:1 (python_import); src/aether_agent_memory/memory/retrieval/pipeline.py:9 (python_import); src/aether_agent_memory/memory/retrieval/service.py:21 (python_import); src/aether_agent_memory/memory/retrieval/sources.py:22 (python_import); src/aether_agent_memory/operate/policy.py:8 (python_import); src/aether_agent_memory/runtime/ports.py:28 (python_import); src/aether_agent_memory/runtime/service.py:66 (python_import); tests/unit/test_access_trace.py:7 (python_import); tests/unit/test_operate_control.py:12 (python_import); tests/unit/test_operate_wiring.py:97 (python_import); tests/unit/test_phase_3_5_closure.py:18 (python_import),4a0588b7fb07d38c43584d0aa16278c65a2b590e5fb9f92aa665581f8b992e7f,收窄清单确认；增量保护；精确同步当前必要实现；迁移剩余消费者；AKS真实门禁和本机检查。
E:/projects/codex/aether/AgentJYS-main/src/aether_agent_memory/memory/retrieval/pipeline.py,SRC-149,S02_旧B2B3记忆和调度实现,src/aether_agent_memory/memory/retrieval/pipeline.py,True,6039,6039,拟整文件删除；本次清单确认后实施,属于旧MemoryRuntime/ContextCatalog/长文本Celery/B3影子调度闭包；当前Remember/Recall/Temporal/Operate已使用另一组实现。删除需迁移有效的契约和边界断言。,旧入口/兼容导出不能再调用；当前入口和有效契约继续保留；删除前迁移消费者和测试。,src/aether_agent_memory/memory/retrieval/__init__.py:8 (python_import); src/aether_agent_memory/memory/retrieval/service.py:26 (python_import); tests/unit/test_recall_pipeline.py:13 (python_import); Dockerfile:14 (docker_copy_directory); Dockerfile.p3:20 (docker_copy_directory),1e0e56b36e32c381048e221ed5f8494bbd47aeeda0e1f2058d7892a7f27ed899,收窄清单确认；增量保护；精确同步当前必要实现；迁移剩余消费者；AKS真实门禁和本机检查。
E:/projects/codex/aether/AgentJYS-main/src/aether_agent_memory/memory/retrieval/service.py,SRC-150,S02_旧B2B3记忆和调度实现,src/aether_agent_memory/memory/retrieval/service.py,True,13653,13653,拟整文件删除；本次清单确认后实施,属于旧MemoryRuntime/ContextCatalog/长文本Celery/B3影子调度闭包；当前Remember/Recall/Temporal/Operate已使用另一组实现。删除需迁移有效的契约和边界断言。,旧入口/兼容导出不能再调用；当前入口和有效契约继续保留；删除前迁移消费者和测试。,src/aether_agent_memory/application/services.py:35 (python_import); src/aether_agent_memory/memory/context/builder.py:6 (python_import); src/aether_agent_memory/memory/retrieval/__init__.py:20 (python_import); tests/unit/test_phase_3_5_closure.py:19 (python_import); tests/unit/test_recall_pipeline.py:14 (python_import); tests/unit/test_retrieval_trace_store.py:11 (python_import); tests/unit/test_runtime_degraded.py:12 (python_import); tests/unit/test_unified_retrieval.py:18 (python_import); Dockerfile:14 (docker_copy_directory); Dockerfile.p3:20 (docker_copy_directory),c6b785376d508607d270887e867b42a19101e6af54ae0afbbfc09cf7dd766a57,收窄清单确认；增量保护；精确同步当前必要实现；迁移剩余消费者；AKS真实门禁和本机检查。
E:/projects/codex/aether/AgentJYS-main/src/aether_agent_memory/memory/retrieval/sources.py,SRC-151,S02_旧B2B3记忆和调度实现,src/aether_agent_memory/memory/retrieval/sources.py,True,9915,9915,拟整文件删除；本次清单确认后实施,属于旧MemoryRuntime/ContextCatalog/长文本Celery/B3影子调度闭包；当前Remember/Recall/Temporal/Operate已使用另一组实现。删除需迁移有效的契约和边界断言。,旧入口/兼容导出不能再调用；当前入口和有效契约继续保留；删除前迁移消费者和测试。,src/aether_agent_memory/application/services.py:36 (python_import); src/aether_agent_memory/memory/retrieval/__init__.py:24 (python_import); src/aether_agent_memory/memory/retrieval/service.py:27 (python_import); tests/unit/test_phase_3_5_closure.py:20 (python_import); tests/unit/test_unified_retrieval.py:19 (python_import); Dockerfile:14 (docker_copy_directory); Dockerfile.p3:20 (docker_copy_directory),d1fe96cac3be755f0559ed82ec0b69417efbf8aa02733d7c0a9d7ce4baace426,收窄清单确认；增量保护；精确同步当前必要实现；迁移剩余消费者；AKS真实门禁和本机检查。
E:/projects/codex/aether/AgentJYS-main/src/aether_agent_memory/memory/vector_projection/__init__.py,SRC-152,S04_旧兼容路径,src/aether_agent_memory/memory/vector_projection/__init__.py,True,80,80,拟整文件删除；本次清单确认后实施,原路径仅转导canonical实现或空supervisor；保留canonical并修全部消费者、lazy导出与旧路径参数测试。,旧入口/兼容导出不能再调用；当前入口和有效契约继续保留；删除前迁移消费者和测试。,tests/unit/recall/test_architecture.py:109 (package_initializer); tests/unit/recall/test_architecture.py:110 (package_initializer); Dockerfile:14 (docker_copy_directory); Dockerfile.p3:20 (docker_copy_directory),6160e1777f7702864417116d194325c85547f7c97778cdc888a60ab36c3cfee5,收窄清单确认；增量保护；精确同步当前必要实现；迁移剩余消费者；AKS真实门禁和本机检查。
E:/projects/codex/aether/AgentJYS-main/src/aether_agent_memory/memory/vector_projection/models.py,SRC-153,S04_旧兼容路径,src/aether_agent_memory/memory/vector_projection/models.py,True,1157,1157,拟整文件删除；本次清单确认后实施,原路径仅转导canonical实现或空supervisor；保留canonical并修全部消费者、lazy导出与旧路径参数测试。,旧入口/兼容导出不能再调用；当前入口和有效契约继续保留；删除前迁移消费者和测试。,tests/unit/recall/test_architecture.py:109 (dynamic_compatibility_parameter); Dockerfile:14 (docker_copy_directory); Dockerfile.p3:20 (docker_copy_directory),1cfb38e93b74df92b5589a58b6c17e2712f07bb041eac8031144dac533826b20,收窄清单确认；增量保护；精确同步当前必要实现；迁移剩余消费者；AKS真实门禁和本机检查。
E:/projects/codex/aether/AgentJYS-main/src/aether_agent_memory/memory/vector_projection/ports.py,SRC-154,S04_旧兼容路径,src/aether_agent_memory/memory/vector_projection/ports.py,True,246,246,拟整文件删除；本次清单确认后实施,原路径仅转导canonical实现或空supervisor；保留canonical并修全部消费者、lazy导出与旧路径参数测试。,旧入口/兼容导出不能再调用；当前入口和有效契约继续保留；删除前迁移消费者和测试。,tests/unit/recall/test_architecture.py:110 (dynamic_compatibility_parameter); Dockerfile:14 (docker_copy_directory); Dockerfile.p3:20 (docker_copy_directory),317d228c1ff3a421a6005da54741fe3886cd895bd1c3d16ae53abf0e1419b727,收窄清单确认；增量保护；精确同步当前必要实现；迁移剩余消费者；AKS真实门禁和本机检查。
E:/projects/codex/aether/AgentJYS-main/src/aether_agent_memory/mocks/_base.py,SRC-155,S03_旧演示与独立B1工具,src/aether_agent_memory/mocks/_base.py,True,4899,4899,拟整文件删除；本次清单确认后实施,旧Mock、Sidecar仪表盘和B1/B2/B3演示工具；目标当前本机及Azure使用canonical native BGE和统一HTTP。退出这些工具的能力是明确影响。,旧入口/兼容导出不能再调用；当前入口和有效契约继续保留；删除前迁移消费者和测试。,src/aether_agent_memory/episodic/manager.py:9 (python_import); src/aether_agent_memory/mocks/__init__.py:7 (python_module_constant); src/aether_agent_memory/mocks/__init__.py:10 (python_module_constant); src/aether_agent_memory/semantic/manager.py:12 (python_import); src/aether_agent_memory/working/manager.py:6 (python_import); Dockerfile:14 (docker_copy_directory); Dockerfile.p3:20 (docker_copy_directory),12f951c363e6845260e4e47db4bc8265a1815554bcb7fa3521a56053fb20f069,收窄清单确认；增量保护；精确同步当前必要实现；迁移剩余消费者；AKS真实门禁和本机检查。
E:/projects/codex/aether/AgentJYS-main/src/aether_agent_memory/mocks/embedding.py,SRC-156,S03_旧演示与独立B1工具,src/aether_agent_memory/mocks/embedding.py,True,508,508,拟整文件删除；本次清单确认后实施,旧Mock、Sidecar仪表盘和B1/B2/B3演示工具；目标当前本机及Azure使用canonical native BGE和统一HTTP。退出这些工具的能力是明确影响。,旧入口/兼容导出不能再调用；当前入口和有效契约继续保留；删除前迁移消费者和测试。,examples/minimal_loop/mock_services.py:6 (lazy_export_requested); examples/p2_integration_smoke.py:23 (python_import); examples/p3_closed_loop.py:8 (lazy_export_requested); src/aether_agent_memory/__init__.py:49 (python_module_constant); src/aether_agent_memory/demo/flow.py:27 (python_import); src/aether_agent_memory/mocks/__init__.py:8 (python_module_constant); src/aether_agent_memory/runtime/legacy.py:34 (python_import); tests/unit/test_b1_pipeline.py:11 (python_import); tests/unit/test_b2_service.py:11 (python_import); tests/unit/test_context_builder.py:10 (python_import); tests/unit/test_end_to_end.py:5 (lazy_export_requested); tests/unit/test_episodic_manager.py:9 (python_import); tests/unit/test_memory_store.py:9 (python_import); tests/unit/test_mock_embedding.py:3 (python_import); tests/unit/test_operate_wiring.py:9 (python_import),af8a60274ae0cb37af93de88ca6b5af1db07635f6d435ca8a6135e22089c4a05,收窄清单确认；增量保护；精确同步当前必要实现；迁移剩余消费者；AKS真实门禁和本机检查。
E:/projects/codex/aether/AgentJYS-main/src/aether_agent_memory/mocks/storage.py,SRC-157,S03_旧演示与独立B1工具,src/aether_agent_memory/mocks/storage.py,True,674,674,拟整文件删除；本次清单确认后实施,旧Mock、Sidecar仪表盘和B1/B2/B3演示工具；目标当前本机及Azure使用canonical native BGE和统一HTTP。退出这些工具的能力是明确影响。,旧入口/兼容导出不能再调用；当前入口和有效契约继续保留；删除前迁移消费者和测试。,examples/minimal_loop/mock_services.py:6 (lazy_export_requested); src/aether_agent_memory/__init__.py:60 (python_module_constant); src/aether_agent_memory/demo/flow.py:28 (python_import); src/aether_agent_memory/mocks/__init__.py:9 (python_module_constant); tests/unit/test_mock_storage.py:4 (python_import); Dockerfile:14 (docker_copy_directory); Dockerfile.p3:20 (docker_copy_directory),57d8ed5900f92aa91856c1daea7849194c01c04ea1c7d36c82b60a1e3220d875,收窄清单确认；增量保护；精确同步当前必要实现；迁移剩余消费者；AKS真实门禁和本机检查。
E:/projects/codex/aether/AgentJYS-main/src/aether_agent_memory/operate/controller.py,SRC-158,S02_旧B2B3记忆和调度实现,src/aether_agent_memory/operate/controller.py,True,5834,5834,拟整文件删除；本次清单确认后实施,属于旧MemoryRuntime/ContextCatalog/长文本Celery/B3影子调度闭包；当前Remember/Recall/Temporal/Operate已使用另一组实现。删除需迁移有效的契约和边界断言。,旧入口/兼容导出不能再调用；当前入口和有效契约继续保留；删除前迁移消费者和测试。,src/aether_agent_memory/adapters/operate_scheduler.py:27 (python_import); src/aether_agent_memory/bootstrap/container.py:146 (python_import); tests/unit/test_operate_control.py:13 (python_import); tests/unit/test_operate_wiring.py:98 (python_import); docs/PHASE2_HANDOFF_20260914.md:94 (literal_path_reference); Dockerfile:14 (docker_copy_directory); Dockerfile.p3:20 (docker_copy_directory),df50e5ec01cd7887a53b8e75734cefab822243d08cd3f73c08aa25aec5cebb74,收窄清单确认；增量保护；精确同步当前必要实现；迁移剩余消费者；AKS真实门禁和本机检查。
E:/projects/codex/aether/AgentJYS-main/src/aether_agent_memory/operate/models.py,SRC-159,S02_旧B2B3记忆和调度实现,src/aether_agent_memory/operate/models.py,True,3682,3682,拟整文件删除；本次清单确认后实施,属于旧MemoryRuntime/ContextCatalog/长文本Celery/B3影子调度闭包；当前Remember/Recall/Temporal/Operate已使用另一组实现。删除需迁移有效的契约和边界断言。,旧入口/兼容导出不能再调用；当前入口和有效契约继续保留；删除前迁移消费者和测试。,src/aether_agent_memory/adapters/operate_journal.py:13 (python_import); src/aether_agent_memory/adapters/operate_scheduler.py:28 (python_import); src/aether_agent_memory/adapters/storage_control.py:10 (python_import); src/aether_agent_memory/adapters/storage_control_simulator.py:9 (python_import); src/aether_agent_memory/operate/controller.py:5 (python_import); src/aether_agent_memory/operate/policy.py:9 (python_import); src/aether_agent_memory/operate/ports.py:4 (python_import); tests/unit/test_operate_control.py:14 (python_import); tests/unit/test_operate_control.py:245 (python_import); tests/unit/test_operate_control.py:324 (python_import); tests/unit/test_operate_wiring.py:99 (python_import); docs/PHASE2_HANDOFF_20260914.md:73 (literal_path_reference); docs/PHASE2_HANDOFF_20260914.md:91 (literal_path_reference); Dockerfile:14 (docker_copy_directory); Dockerfile.p3:20 (docker_copy_directory),d7f156feda0f26655a120dd09ebc4b2977ca823d1a1da3718098ef6d5db4857d,收窄清单确认；增量保护；精确同步当前必要实现；迁移剩余消费者；AKS真实门禁和本机检查。
E:/projects/codex/aether/AgentJYS-main/src/aether_agent_memory/operate/policy.py,SRC-160,S02_旧B2B3记忆和调度实现,src/aether_agent_memory/operate/policy.py,True,7069,7069,拟整文件删除；本次清单确认后实施,属于旧MemoryRuntime/ContextCatalog/长文本Celery/B3影子调度闭包；当前Remember/Recall/Temporal/Operate已使用另一组实现。删除需迁移有效的契约和边界断言。,旧入口/兼容导出不能再调用；当前入口和有效契约继续保留；删除前迁移消费者和测试。,src/aether_agent_memory/adapters/operate_scheduler.py:40 (python_import); src/aether_agent_memory/bootstrap/container.py:147 (python_import); tests/unit/test_operate_control.py:27 (python_import); tests/unit/test_operate_wiring.py:100 (python_import); docs/PHASE2_HANDOFF_20260914.md:92 (literal_path_reference); Dockerfile:14 (docker_copy_directory); Dockerfile.p3:20 (docker_copy_directory),27698e0a6da8b2585bc04d4235da383d3eae7851fe9198481201b5554e3ae588,收窄清单确认；增量保护；精确同步当前必要实现；迁移剩余消费者；AKS真实门禁和本机检查。
E:/projects/codex/aether/AgentJYS-main/src/aether_agent_memory/operate/ports.py,SRC-161,S02_旧B2B3记忆和调度实现,src/aether_agent_memory/operate/ports.py,True,1087,1087,拟整文件删除；本次清单确认后实施,属于旧MemoryRuntime/ContextCatalog/长文本Celery/B3影子调度闭包；当前Remember/Recall/Temporal/Operate已使用另一组实现。删除需迁移有效的契约和边界断言。,旧入口/兼容导出不能再调用；当前入口和有效契约继续保留；删除前迁移消费者和测试。,src/aether_agent_memory/adapters/operate_scheduler.py:41 (python_import); src/aether_agent_memory/adapters/storage_control.py:17 (python_import); src/aether_agent_memory/bootstrap/container.py:148 (python_import); src/aether_agent_memory/operate/controller.py:13 (python_import); docs/PHASE2_HANDOFF_20260914.md:93 (literal_path_reference); Dockerfile:14 (docker_copy_directory); Dockerfile.p3:20 (docker_copy_directory),12c19484d869ee4540ea9d7af84f70e954187cf0236ca49f18773690f6c8e56d,收窄清单确认；增量保护；精确同步当前必要实现；迁移剩余消费者；AKS真实门禁和本机检查。
E:/projects/codex/aether/AgentJYS-main/src/aether_agent_memory/operate/standalone/__main__.py,SRC-162,S03_旧演示与独立B1工具,src/aether_agent_memory/operate/standalone/__main__.py,True,162,162,拟整文件删除；本次清单确认后实施,旧Mock、Sidecar仪表盘和B1/B2/B3演示工具；目标当前本机及Azure使用canonical native BGE和统一HTTP。退出这些工具的能力是明确影响。,旧入口/兼容导出不能再调用；当前入口和有效契约继续保留；删除前迁移消费者和测试。,src/aether_agent_memory/operate/standalone/README.md:14 (module_launch); src/aether_agent_memory/operate/standalone/README.md:20 (module_launch); src/aether_agent_memory/operate/standalone/README.md:26 (module_launch); src/aether_agent_memory/operate/standalone/README.md:181 (literal_path_reference); Dockerfile:14 (docker_copy_directory); Dockerfile.p3:20 (docker_copy_directory),f3803b97a9d7099bb901d4a7dae898ad77c96af66311201fa4bb99ea0360f3e8,收窄清单确认；增量保护；精确同步当前必要实现；迁移剩余消费者；AKS真实门禁和本机检查。
E:/projects/codex/aether/AgentJYS-main/src/aether_agent_memory/operate/standalone/controller.py,SRC-163,S03_旧演示与独立B1工具,src/aether_agent_memory/operate/standalone/controller.py,True,17220,17220,拟整文件删除；本次清单确认后实施,旧Mock、Sidecar仪表盘和B1/B2/B3演示工具；目标当前本机及Azure使用canonical native BGE和统一HTTP。退出这些工具的能力是明确影响。,旧入口/兼容导出不能再调用；当前入口和有效契约继续保留；删除前迁移消费者和测试。,src/aether_agent_memory/operate/standalone/demo.py:9 (python_import); src/aether_agent_memory/operate/standalone/runner.py:6 (python_import); tests/unit/test_operate_standalone.py:7 (python_import); src/aether_agent_memory/operate/standalone/README.md:178 (literal_path_reference); src/aether_agent_memory/operate/standalone/README.md:193 (literal_path_reference); Dockerfile:14 (docker_copy_directory); Dockerfile.p3:20 (docker_copy_directory),e41911a94316d5853b8e485258b0409638501738bf7e531f8cfe501f3dbe244c,收窄清单确认；增量保护；精确同步当前必要实现；迁移剩余消费者；AKS真实门禁和本机检查。
E:/projects/codex/aether/AgentJYS-main/src/aether_agent_memory/operate/standalone/demo.py,SRC-164,S03_旧演示与独立B1工具,src/aether_agent_memory/operate/standalone/demo.py,True,23372,23372,拟整文件删除；本次清单确认后实施,旧Mock、Sidecar仪表盘和B1/B2/B3演示工具；目标当前本机及Azure使用canonical native BGE和统一HTTP。退出这些工具的能力是明确影响。,旧入口/兼容导出不能再调用；当前入口和有效契约继续保留；删除前迁移消费者和测试。,src/aether_agent_memory/operate/standalone/__main__.py:5 (python_import); tests/unit/test_operate_standalone.py:8 (python_import); src/aether_agent_memory/operate/standalone/README.md:181 (literal_path_reference); src/aether_agent_memory/operate/standalone/README.md:193 (literal_path_reference); src/aether_agent_memory/operate/standalone/README.md:199 (literal_path_reference); Dockerfile:14 (docker_copy_directory); Dockerfile.p3:20 (docker_copy_directory),e2e47716f0b6882c4d7788763300f9e8e96c84ba37ed9e0e5373abe72b34bdb6,收窄清单确认；增量保护；精确同步当前必要实现；迁移剩余消费者；AKS真实门禁和本机检查。
E:/projects/codex/aether/AgentJYS-main/src/aether_agent_memory/operate/standalone/mock_p2.py,SRC-165,S03_旧演示与独立B1工具,src/aether_agent_memory/operate/standalone/mock_p2.py,True,8633,8633,拟整文件删除；本次清单确认后实施,旧Mock、Sidecar仪表盘和B1/B2/B3演示工具；目标当前本机及Azure使用canonical native BGE和统一HTTP。退出这些工具的能力是明确影响。,旧入口/兼容导出不能再调用；当前入口和有效契约继续保留；删除前迁移消费者和测试。,src/aether_agent_memory/operate/standalone/demo.py:10 (python_import); src/aether_agent_memory/operate/standalone/runner.py:7 (python_import); tests/unit/test_operate_standalone.py:9 (python_import); src/aether_agent_memory/operate/standalone/README.md:179 (literal_path_reference); Dockerfile:14 (docker_copy_directory); Dockerfile.p3:20 (docker_copy_directory),efe532b61d23853c2b82032df49dbb6e3a0c63f079a851fb245fcccaa2421983,收窄清单确认；增量保护；精确同步当前必要实现；迁移剩余消费者；AKS真实门禁和本机检查。
E:/projects/codex/aether/AgentJYS-main/src/aether_agent_memory/operate/standalone/ports.py,SRC-166,S03_旧演示与独立B1工具,src/aether_agent_memory/operate/standalone/ports.py,True,687,687,拟整文件删除；本次清单确认后实施,旧Mock、Sidecar仪表盘和B1/B2/B3演示工具；目标当前本机及Azure使用canonical native BGE和统一HTTP。退出这些工具的能力是明确影响。,旧入口/兼容导出不能再调用；当前入口和有效契约继续保留；删除前迁移消费者和测试。,src/aether_agent_memory/operate/standalone/controller.py:14 (python_import); src/aether_agent_memory/operate/standalone/mock_p2.py:12 (python_import); src/aether_agent_memory/operate/standalone/README.md:176 (literal_path_reference); Dockerfile:14 (docker_copy_directory); Dockerfile.p3:20 (docker_copy_directory),479afd164b1c783661f7ee5d0d717949becd15a1be52e3123bf1127aa7816d0f,收窄清单确认；增量保护；精确同步当前必要实现；迁移剩余消费者；AKS真实门禁和本机检查。
E:/projects/codex/aether/AgentJYS-main/src/aether_agent_memory/operate/standalone/runner.py,SRC-167,S03_旧演示与独立B1工具,src/aether_agent_memory/operate/standalone/runner.py,True,1164,1164,拟整文件删除；本次清单确认后实施,旧Mock、Sidecar仪表盘和B1/B2/B3演示工具；目标当前本机及Azure使用canonical native BGE和统一HTTP。退出这些工具的能力是明确影响。,旧入口/兼容导出不能再调用；当前入口和有效契约继续保留；删除前迁移消费者和测试。,src/aether_agent_memory/operate/standalone/demo.py:13 (python_import); tests/unit/test_operate_standalone.py:12 (python_import); src/aether_agent_memory/operate/standalone/README.md:180 (literal_path_reference); Dockerfile:14 (docker_copy_directory); Dockerfile.p3:20 (docker_copy_directory),68bd5f4f17a134ca9fa997c0baf48643b1b8d9d4732dde2d71b3d6435dd42c21,收窄清单确认；增量保护；精确同步当前必要实现；迁移剩余消费者；AKS真实门禁和本机检查。
E:/projects/codex/aether/AgentJYS-main/src/aether_agent_memory/operate/standalone/store.py,SRC-168,S03_旧演示与独立B1工具,src/aether_agent_memory/operate/standalone/store.py,True,2933,2933,拟整文件删除；本次清单确认后实施,旧Mock、Sidecar仪表盘和B1/B2/B3演示工具；目标当前本机及Azure使用canonical native BGE和统一HTTP。退出这些工具的能力是明确影响。,旧入口/兼容导出不能再调用；当前入口和有效契约继续保留；删除前迁移消费者和测试。,src/aether_agent_memory/operate/standalone/controller.py:15 (python_import); src/aether_agent_memory/operate/standalone/README.md:177 (literal_path_reference); src/aether_agent_memory/operate/standalone/README.md:193 (literal_path_reference); Dockerfile:14 (docker_copy_directory); Dockerfile.p3:20 (docker_copy_directory),5d7f2069d6dfda137dcd46cd588fbeaa5c1a3e33292a4a6876b7b35a952e9f89,收窄清单确认；增量保护；精确同步当前必要实现；迁移剩余消费者；AKS真实门禁和本机检查。
E:/projects/codex/aether/AgentJYS-main/src/aether_agent_memory/persistence/__init__.py,SRC-169,S02_旧B2B3记忆和调度实现,src/aether_agent_memory/persistence/__init__.py,True,417,417,拟整文件删除；本次清单确认后实施,属于旧MemoryRuntime/ContextCatalog/长文本Celery/B3影子调度闭包；当前Remember/Recall/Temporal/Operate已使用另一组实现。删除需迁移有效的契约和边界断言。,旧入口/兼容导出不能再调用；当前入口和有效契约继续保留；删除前迁移消费者和测试。,benchmarks/p3/b2_working_latency.py:15 (python_import); benchmarks/p3/b2_working_latency.py:15 (package_initializer); scripts/benchmark_b2_only.py:18 (python_import); scripts/benchmark_b2_only.py:18 (package_initializer); scripts/benchmark_dataset_p99.py:18 (python_import); scripts/benchmark_dataset_p99.py:18 (package_initializer); scripts/benchmark_redis_p99.py:18 (python_import); scripts/benchmark_redis_p99.py:18 (package_initializer); scripts/run_b2_dataset_replay.py:22 (python_import); scripts/run_b2_dataset_replay.py:22 (package_initializer); src/aether_agent_memory/__init__.py:32 (python_module_constant); src/aether_agent_memory/__init__.py:67 (python_module_constant); src/aether_agent_memory/application/services.py:37 (package_initializer); src/aether_agent_memory/b2/celery_app.py:39 (python_import); src/aether_agent_memory/b2/celery_app.py:39 (package_initializer),b59d059c125fff0c6d81a117f8e86d268f6a803d3e0c2fe4b143c852fd2c5b61,收窄清单确认；增量保护；精确同步当前必要实现；迁移剩余消费者；AKS真实门禁和本机检查。
E:/projects/codex/aether/AgentJYS-main/src/aether_agent_memory/persistence/concurrency.py,SRC-170,S02_旧B2B3记忆和调度实现,src/aether_agent_memory/persistence/concurrency.py,True,1883,1883,拟整文件删除；本次清单确认后实施,属于旧MemoryRuntime/ContextCatalog/长文本Celery/B3影子调度闭包；当前Remember/Recall/Temporal/Operate已使用另一组实现。删除需迁移有效的契约和边界断言。,旧入口/兼容导出不能再调用；当前入口和有效契约继续保留；删除前迁移消费者和测试。,src/aether_agent_memory/persistence/memory_store.py:12 (python_import); Dockerfile:14 (docker_copy_directory); Dockerfile.p3:20 (docker_copy_directory),997fe2c0ea9bf14cf6144a3438e2f0b67078faf163962293508563369049703a,收窄清单确认；增量保护；精确同步当前必要实现；迁移剩余消费者；AKS真实门禁和本机检查。
E:/projects/codex/aether/AgentJYS-main/src/aether_agent_memory/persistence/idempotency.py,SRC-171,S02_旧B2B3记忆和调度实现,src/aether_agent_memory/persistence/idempotency.py,True,8680,8680,拟整文件删除；本次清单确认后实施,属于旧MemoryRuntime/ContextCatalog/长文本Celery/B3影子调度闭包；当前Remember/Recall/Temporal/Operate已使用另一组实现。删除需迁移有效的契约和边界断言。,旧入口/兼容导出不能再调用；当前入口和有效契约继续保留；删除前迁移消费者和测试。,src/aether_agent_memory/application/services.py:37 (python_import); src/aether_agent_memory/bootstrap/container.py:149 (python_import); src/aether_agent_memory/bootstrap/container.py:165 (python_import); src/aether_agent_memory/persistence/__init__.py:1 (python_import); tests/unit/test_idempotency.py:9 (python_import); docs/ENGINEERING_DELIVERY.md:36 (literal_path_reference); Dockerfile:14 (docker_copy_directory); Dockerfile.p3:20 (docker_copy_directory),074c9c3f67204d7760546ecc6bfd367d0f6a4b301f3430729868e8bb0569c559,收窄清单确认；增量保护；精确同步当前必要实现；迁移剩余消费者；AKS真实门禁和本机检查。
E:/projects/codex/aether/AgentJYS-main/src/aether_agent_memory/persistence/memory_store.py,SRC-172,S02_旧B2B3记忆和调度实现,src/aether_agent_memory/persistence/memory_store.py,True,18100,18100,拟整文件删除；本次清单确认后实施,属于旧MemoryRuntime/ContextCatalog/长文本Celery/B3影子调度闭包；当前Remember/Recall/Temporal/Operate已使用另一组实现。删除需迁移有效的契约和边界断言。,旧入口/兼容导出不能再调用；当前入口和有效契约继续保留；删除前迁移消费者和测试。,src/aether_agent_memory/mocks/_base.py:12 (python_import); src/aether_agent_memory/persistence/__init__.py:5 (python_import); tests/unit/test_context_catalog_recall.py:28 (python_import); tests/unit/test_context_store_reader.py:27 (python_import); tests/unit/test_hierarchical_context_search.py:29 (python_import); tests/unit/test_projection_reconciler.py:22 (python_import); tests/unit/test_session_context.py:19 (python_import); Dockerfile:14 (docker_copy_directory); Dockerfile.p3:20 (docker_copy_directory),2a6fc31df79b60b217404351315382bc58e589336376353da06422ca2d3c6bb0,收窄清单确认；增量保护；精确同步当前必要实现；迁移剩余消费者；AKS真实门禁和本机检查。
E:/projects/codex/aether/AgentJYS-main/src/aether_agent_memory/recall/basic/milvus.py,SRC-173,S04_旧兼容路径,src/aether_agent_memory/recall/basic/milvus.py,True,183,183,拟整文件删除；本次清单确认后实施,原路径仅转导canonical实现或空supervisor；保留canonical并修全部消费者、lazy导出与旧路径参数测试。,旧入口/兼容导出不能再调用；当前入口和有效契约继续保留；删除前迁移消费者和测试。,tests/runtime/flows/test_milvus_adapter.py:13 (python_import); tests/runtime/flows/test_working_provider_wiring.py:8 (python_import); Dockerfile:14 (docker_copy_directory); Dockerfile.p3:20 (docker_copy_directory),f148530632041f43a1c04078a26dcd04e7f4d3ce6596d91a21242ca8f17eb505,收窄清单确认；增量保护；精确同步当前必要实现；迁移剩余消费者；AKS真实门禁和本机检查。
E:/projects/codex/aether/AgentJYS-main/src/aether_agent_memory/remember/basic/dispatch.py,SRC-174,S02_旧B2B3记忆和调度实现,src/aether_agent_memory/remember/basic/dispatch.py,True,3981,3981,拟整文件删除；本次清单确认后实施,属于旧MemoryRuntime/ContextCatalog/长文本Celery/B3影子调度闭包；当前Remember/Recall/Temporal/Operate已使用另一组实现。删除需迁移有效的契约和边界断言。,旧入口/兼容导出不能再调用；当前入口和有效契约继续保留；删除前迁移消费者和测试。,tests/runtime/flows/test_remember_pipeline.py:357 (python_import); Dockerfile:14 (docker_copy_directory); Dockerfile.p3:20 (docker_copy_directory),d7825afcfc2f960f14f5c2fd14451700fd1c2baf25e25ae26a812b87242b07a6,收窄清单确认；增量保护；精确同步当前必要实现；迁移剩余消费者；AKS真实门禁和本机检查。
E:/projects/codex/aether/AgentJYS-main/src/aether_agent_memory/runtime/dependencies.py,SRC-175,S01_旧HTTP与Celery装配,src/aether_agent_memory/runtime/dependencies.py,True,4217,4217,拟整文件删除；本次清单确认后实施,当前部署使用__main__→runtime/flows/cli→Service；本组由已退休app/bootstrap/旧API/独立queue workers互相引用，非现行装配。旧compose/安装导出同步退出。,旧入口/兼容导出不能再调用；当前入口和有效契约继续保留；删除前迁移消费者和测试。,src/aether_agent_memory/application/services.py:38 (python_import); src/aether_agent_memory/bootstrap/container.py:16 (python_import); src/aether_agent_memory/runtime/__init__.py:29 (python_module_constant); src/aether_agent_memory/runtime/__init__.py:32 (python_module_constant); src/aether_agent_memory/runtime/service.py:68 (python_import); tests/unit/test_access_trace.py:8 (python_import); tests/unit/test_access_trace.py:63 (python_import); tests/unit/test_b3_application_scope.py:14 (python_import); tests/unit/test_context_store_reader.py:28 (python_import); tests/unit/test_fact_first.py:26 (python_import); tests/unit/test_hierarchical_context_search.py:30 (python_import); tests/unit/test_memory_runtime.py:14 (lazy_export_requested); tests/unit/test_memory_runtime.py:14 (lazy_export_requested); tests/unit/test_operate_wiring.py:11 (python_import); tests/unit/test_operate_wiring.py:101 (python_import),dd2c4b0958d46dffc2ba5bcdd9b93892bfe751caa6211c17fd1143edcd52d720,收窄清单确认；增量保护；精确同步当前必要实现；迁移剩余消费者；AKS真实门禁和本机检查。
E:/projects/codex/aether/AgentJYS-main/src/aether_agent_memory/runtime/dtos.py,SRC-176,S01_旧HTTP与Celery装配,src/aether_agent_memory/runtime/dtos.py,True,6720,6720,拟整文件删除；本次清单确认后实施,当前部署使用__main__→runtime/flows/cli→Service；本组由已退休app/bootstrap/旧API/独立queue workers互相引用，非现行装配。旧compose/安装导出同步退出。,旧入口/兼容导出不能再调用；当前入口和有效契约继续保留；删除前迁移消费者和测试。,src/aether_agent_memory/adapters/celery.py:8 (python_import); src/aether_agent_memory/adapters/p2.py:12 (python_import); src/aether_agent_memory/api/mappers/v1.py:7 (python_import); src/aether_agent_memory/application/services.py:39 (python_import); src/aether_agent_memory/memory/formation/service.py:7 (python_import); src/aether_agent_memory/memory/retrieval/sources.py:23 (python_import); src/aether_agent_memory/runtime/__init__.py:19 (python_module_constant); src/aether_agent_memory/runtime/__init__.py:21 (python_module_constant); src/aether_agent_memory/runtime/__init__.py:22 (python_module_constant); src/aether_agent_memory/runtime/__init__.py:23 (python_module_constant); src/aether_agent_memory/runtime/__init__.py:36 (python_module_constant); src/aether_agent_memory/runtime/__init__.py:39 (python_module_constant); src/aether_agent_memory/runtime/ports.py:13 (python_import); src/aether_agent_memory/runtime/service.py:69 (python_import); tests/unit/test_access_trace.py:196 (python_import),9540812a3a9bd81f7a483aa352bd57869e64db221dcd9e287d36b176cba7b254,收窄清单确认；增量保护；精确同步当前必要实现；迁移剩余消费者；AKS真实门禁和本机检查。
E:/projects/codex/aether/AgentJYS-main/src/aether_agent_memory/runtime/errors.py,SRC-177,S01_旧HTTP与Celery装配,src/aether_agent_memory/runtime/errors.py,True,2706,2706,拟整文件删除；本次清单确认后实施,当前部署使用__main__→runtime/flows/cli→Service；本组由已退休app/bootstrap/旧API/独立queue workers互相引用，非现行装配。旧compose/安装导出同步退出。,旧入口/兼容导出不能再调用；当前入口和有效契约继续保留；删除前迁移消费者和测试。,src/aether_agent_memory/adapters/celery.py:9 (python_import); src/aether_agent_memory/adapters/context_projection_executor.py:18 (python_import); src/aether_agent_memory/adapters/operate_scheduler.py:42 (python_import); src/aether_agent_memory/adapters/projection_executor.py:18 (python_import); src/aether_agent_memory/api/dependencies.py:9 (python_import); src/aether_agent_memory/app.py:30 (lazy_export_requested); src/aether_agent_memory/application/resource.py:30 (python_import); src/aether_agent_memory/application/scope.py:4 (python_import); src/aether_agent_memory/application/services.py:45 (python_import); src/aether_agent_memory/application/skill.py:22 (python_import); src/aether_agent_memory/integration/http.py:6 (python_import); src/aether_agent_memory/runtime/__init__.py:9 (python_module_constant); src/aether_agent_memory/runtime/__init__.py:12 (python_module_constant); src/aether_agent_memory/runtime/__init__.py:13 (python_module_constant); src/aether_agent_memory/runtime/__init__.py:15 (python_module_constant),f98640dc0a11166f48a7c665bfd2112de67b7dafa2bb9313f999de9558758d14,收窄清单确认；增量保护；精确同步当前必要实现；迁移剩余消费者；AKS真实门禁和本机检查。
E:/projects/codex/aether/AgentJYS-main/src/aether_agent_memory/runtime/flows/supervisor.py,SRC-178,S04_旧兼容路径,src/aether_agent_memory/runtime/flows/supervisor.py,True,62,62,拟整文件删除；本次清单确认后实施,原路径仅转导canonical实现或空supervisor；保留canonical并修全部消费者、lazy导出与旧路径参数测试。,旧入口/兼容导出不能再调用；当前入口和有效契约继续保留；删除前迁移消费者和测试。,Dockerfile:14 (docker_copy_directory); Dockerfile.p3:20 (docker_copy_directory),dfeb3a5038baf41ebf46c9e53fd1fda85d10eb53de5468b631d0fddddcb5d23c,收窄清单确认；增量保护；精确同步当前必要实现；迁移剩余消费者；AKS真实门禁和本机检查。
E:/projects/codex/aether/AgentJYS-main/src/aether_agent_memory/runtime/health.py,SRC-179,S01_旧HTTP与Celery装配,src/aether_agent_memory/runtime/health.py,True,1379,1379,拟整文件删除；本次清单确认后实施,当前部署使用__main__→runtime/flows/cli→Service；本组由已退休app/bootstrap/旧API/独立queue workers互相引用，非现行装配。旧compose/安装导出同步退出。,旧入口/兼容导出不能再调用；当前入口和有效契约继续保留；删除前迁移消费者和测试。,src/aether_agent_memory/runtime/__init__.py:31 (python_module_constant); src/aether_agent_memory/runtime/service.py:75 (python_import); tests/unit/test_runtime_health.py:3 (lazy_export_requested); Dockerfile:14 (docker_copy_directory); Dockerfile.p3:20 (docker_copy_directory),2daa15f2ecc739b3771ee2f22cb03cd5563bc55eb11d941500b19c0753f95e3d,收窄清单确认；增量保护；精确同步当前必要实现；迁移剩余消费者；AKS真实门禁和本机检查。
E:/projects/codex/aether/AgentJYS-main/src/aether_agent_memory/runtime/legacy.py,SRC-180,S01_旧HTTP与Celery装配,src/aether_agent_memory/runtime/legacy.py,True,25948,25948,拟整文件删除；本次清单确认后实施,当前部署使用__main__→runtime/flows/cli→Service；本组由已退休app/bootstrap/旧API/独立queue workers互相引用，非现行装配。旧compose/安装导出同步退出。,旧入口/兼容导出不能再调用；当前入口和有效契约继续保留；删除前迁移消费者和测试。,src/aether_agent_memory/bootstrap/container.py:17 (python_import); src/aether_agent_memory/runtime/__init__.py:24 (python_module_constant); src/aether_agent_memory/runtime/__init__.py:25 (python_module_constant); src/aether_agent_memory/runtime/service.py:76 (python_import); tests/unit/test_operate_wiring.py:12 (python_import); docs/ENGINEERING_AUDIT.md:35 (unique_basename_reference); docs/PHASE2_HANDOFF_20260914.md:106 (literal_path_reference); docs/PHASE2_HANDOFF_20260914.md:161 (literal_path_reference); docs/p3/acceptance/reports/cleanup-manifest.json:17 (literal_path_reference); Dockerfile:14 (docker_copy_directory); Dockerfile.p3:20 (docker_copy_directory),406bd952df1fb7b683901e96768a99621d7b9afec9e333cda9eb18741f45827d,收窄清单确认；增量保护；精确同步当前必要实现；迁移剩余消费者；AKS真实门禁和本机检查。
E:/projects/codex/aether/AgentJYS-main/src/aether_agent_memory/runtime/ports.py,SRC-181,S01_旧HTTP与Celery装配,src/aether_agent_memory/runtime/ports.py,True,5141,5141,拟整文件删除；本次清单确认后实施,当前部署使用__main__→runtime/flows/cli→Service；本组由已退休app/bootstrap/旧API/独立queue workers互相引用，非现行装配。旧compose/安装导出同步退出。,旧入口/兼容导出不能再调用；当前入口和有效契约继续保留；删除前迁移消费者和测试。,src/aether_agent_memory/adapters/context_semantic_index.py:29 (python_import); src/aether_agent_memory/adapters/context_store.py:29 (python_import); src/aether_agent_memory/adapters/operate_scheduler.py:43 (python_import); src/aether_agent_memory/adapters/projection_executor.py:19 (python_import); src/aether_agent_memory/adapters/resource_context.py:29 (python_import); src/aether_agent_memory/application/resource.py:31 (python_import); src/aether_agent_memory/application/services.py:51 (python_import); src/aether_agent_memory/b2/service.py:23 (python_import); src/aether_agent_memory/bootstrap/container.py:18 (python_import); src/aether_agent_memory/interfaces/context.py:3 (python_import); src/aether_agent_memory/memory/context/builder.py:7 (python_import); src/aether_agent_memory/memory/formation/service.py:8 (python_import); src/aether_agent_memory/memory/projection.py:12 (python_import); src/aether_agent_memory/memory/retrieval/sources.py:24 (python_import); src/aether_agent_memory/runtime/dependencies.py:21 (python_import),27bccad3e69251ac300d95ed9b2936f018fef2df38756912847e7e7846e2aaab,收窄清单确认；增量保护；精确同步当前必要实现；迁移剩余消费者；AKS真实门禁和本机检查。
E:/projects/codex/aether/AgentJYS-main/src/aether_agent_memory/runtime/service.py,SRC-182,S01_旧HTTP与Celery装配,src/aether_agent_memory/runtime/service.py,True,26221,26221,拟整文件删除；本次清单确认后实施,当前部署使用__main__→runtime/flows/cli→Service；本组由已退休app/bootstrap/旧API/独立queue workers互相引用，非现行装配。旧compose/安装导出同步退出。,旧入口/兼容导出不能再调用；当前入口和有效契约继续保留；删除前迁移消费者和测试。,src/aether_agent_memory/api/dependencies.py:10 (python_import); src/aether_agent_memory/bootstrap/container.py:19 (python_import); src/aether_agent_memory/runtime/__init__.py:20 (python_module_constant); src/aether_agent_memory/workers/context_projection.py:11 (python_import); src/aether_agent_memory/workers/projection.py:11 (python_import); src/aether_agent_memory/workers/session_extraction.py:11 (python_import); tests/unit/test_access_trace.py:64 (python_import); tests/unit/test_action_log.py:19 (python_import); tests/unit/test_idempotency.py:16 (python_import); tests/unit/test_long_document_recall.py:15 (python_import); tests/unit/test_memory_runtime.py:14 (lazy_export_requested); tests/unit/test_phase_3_5_closure.py:34 (python_import); tests/unit/test_runtime_degraded.py:13 (lazy_export_requested); tests/unit/test_runtime_dependencies.py:10 (lazy_export_requested); docs/ENGINEERING_DELIVERY.md:45 (literal_path_reference),18820db894d8c739572f0ef678a8606d59872bc748e7b7e9aac0f68440bbf583,收窄清单确认；增量保护；精确同步当前必要实现；迁移剩余消费者；AKS真实门禁和本机检查。
E:/projects/codex/aether/AgentJYS-main/src/aether_agent_memory/runtime/status.py,SRC-183,S01_旧HTTP与Celery装配,src/aether_agent_memory/runtime/status.py,True,2116,2116,拟整文件删除；本次清单确认后实施,当前部署使用__main__→runtime/flows/cli→Service；本组由已退休app/bootstrap/旧API/独立queue workers互相引用，非现行装配。旧compose/安装导出同步退出。,旧入口/兼容导出不能再调用；当前入口和有效契约继续保留；删除前迁移消费者和测试。,src/aether_agent_memory/adapters/b1_client.py:8 (python_import); src/aether_agent_memory/adapters/celery.py:11 (python_import); src/aether_agent_memory/adapters/milvus.py:6 (python_import); src/aether_agent_memory/adapters/operate_scheduler.py:45 (python_import); src/aether_agent_memory/adapters/p2.py:18 (python_import); src/aether_agent_memory/adapters/redis.py:7 (python_import); src/aether_agent_memory/application/services.py:53 (python_import); src/aether_agent_memory/runtime/__init__.py:10 (python_module_constant); src/aether_agent_memory/runtime/__init__.py:11 (python_module_constant); src/aether_agent_memory/runtime/__init__.py:28 (python_module_constant); src/aether_agent_memory/runtime/__init__.py:33 (python_module_constant); src/aether_agent_memory/runtime/health.py:7 (python_import); src/aether_agent_memory/runtime/ports.py:20 (python_import); src/aether_agent_memory/runtime/service.py:78 (python_import); tests/unit/test_health_probes.py:11 (python_import),c7d06411e31676bb7bcc220f758bae9a8afaf23cc10f9a8eedbc74b7c5b71622,收窄清单确认；增量保护；精确同步当前必要实现；迁移剩余消费者；AKS真实门禁和本机检查。
E:/projects/codex/aether/AgentJYS-main/src/aether_agent_memory/semantic/__init__.py,SRC-184,S03_旧演示与独立B1工具,src/aether_agent_memory/semantic/__init__.py,True,119,119,拟整文件删除；本次清单确认后实施,旧Mock、Sidecar仪表盘和B1/B2/B3演示工具；目标当前本机及Azure使用canonical native BGE和统一HTTP。退出这些工具的能力是明确影响。,旧入口/兼容导出不能再调用；当前入口和有效契约继续保留；删除前迁移消费者和测试。,examples/minimal_loop/mock_services.py:6 (package_initializer); examples/p2_integration_smoke.py:25 (python_import); examples/p2_integration_smoke.py:25 (package_initializer); examples/p3_closed_loop.py:8 (package_initializer); scripts/benchmark_b2_only.py:19 (package_initializer); scripts/benchmark_dataset_p99.py:19 (package_initializer); scripts/run_b2_dataset_replay.py:23 (package_initializer); src/aether_agent_memory/__init__.py:56 (package_initializer); src/aether_agent_memory/context/builder.py:15 (package_initializer); src/aether_agent_memory/demo/flow.py:30 (python_import); src/aether_agent_memory/demo/flow.py:30 (package_initializer); src/aether_agent_memory/runtime/legacy.py:37 (python_import); src/aether_agent_memory/runtime/legacy.py:37 (package_initializer); tests/unit/test_b2_service.py:13 (package_initializer); tests/unit/test_context_builder.py:11 (package_initializer),73e277c7204b6349f36a4cb7629edfc7d108aa21d7dac233d5194bface92a26d,收窄清单确认；增量保护；精确同步当前必要实现；迁移剩余消费者；AKS真实门禁和本机检查。
E:/projects/codex/aether/AgentJYS-main/src/aether_agent_memory/semantic/manager.py,SRC-185,S03_旧演示与独立B1工具,src/aether_agent_memory/semantic/manager.py,True,3355,3355,拟整文件删除；本次清单确认后实施,旧Mock、Sidecar仪表盘和B1/B2/B3演示工具；目标当前本机及Azure使用canonical native BGE和统一HTTP。退出这些工具的能力是明确影响。,旧入口/兼容导出不能再调用；当前入口和有效契约继续保留；删除前迁移消费者和测试。,examples/minimal_loop/mock_services.py:6 (lazy_export_requested); examples/p3_closed_loop.py:8 (lazy_export_requested); scripts/benchmark_b2_only.py:19 (python_import); scripts/benchmark_dataset_p99.py:19 (python_import); scripts/run_b2_dataset_replay.py:23 (python_import); src/aether_agent_memory/__init__.py:56 (python_module_constant); src/aether_agent_memory/context/builder.py:15 (python_import); src/aether_agent_memory/semantic/__init__.py:1 (python_import); tests/unit/test_b2_service.py:13 (python_import); tests/unit/test_context_builder.py:11 (python_import); tests/unit/test_end_to_end.py:5 (lazy_export_requested); tests/unit/test_fact_first.py:28 (python_import); tests/unit/test_memory_store.py:11 (python_import); tests/unit/test_semantic_manager.py:7 (python_import); docs/PHASE0_HANDOFF_20260914.md:17 (literal_path_reference),e6c20909485d16d06764144f0691556c48f3a3d5b06fd3a882b712c31c71505d,收窄清单确认；增量保护；精确同步当前必要实现；迁移剩余消费者；AKS真实门禁和本机检查。
E:/projects/codex/aether/AgentJYS-main/src/aether_agent_memory/session/__init__.py,SRC-186,S02_旧B2B3记忆和调度实现,src/aether_agent_memory/session/__init__.py,True,817,817,拟整文件删除；本次清单确认后实施,属于旧MemoryRuntime/ContextCatalog/长文本Celery/B3影子调度闭包；当前Remember/Recall/Temporal/Operate已使用另一组实现。删除需迁移有效的契约和边界断言。,旧入口/兼容导出不能再调用；当前入口和有效契约继续保留；删除前迁移消费者和测试。,src/aether_agent_memory/adapters/memory_extraction.py:12 (package_initializer); src/aether_agent_memory/adapters/redis_session_extraction_queue.py:10 (package_initializer); src/aether_agent_memory/adapters/redis_session_extraction_queue.py:14 (package_initializer); src/aether_agent_memory/adapters/session_context.py:18 (package_initializer); src/aether_agent_memory/adapters/session_extraction_queue.py:8 (package_initializer); src/aether_agent_memory/adapters/session_extraction_queue.py:12 (package_initializer); src/aether_agent_memory/adapters/session_store.py:8 (package_initializer); src/aether_agent_memory/api/routers/sessions.py:11 (python_import); src/aether_agent_memory/api/routers/sessions.py:11 (package_initializer); src/aether_agent_memory/application/session.py:17 (package_initializer); src/aether_agent_memory/application/session.py:21 (package_initializer); src/aether_agent_memory/application/session.py:22 (package_initializer); src/aether_agent_memory/application/session.py:23 (package_initializer); src/aether_agent_memory/bootstrap/container.py:20 (package_initializer); src/aether_agent_memory/context_store/mapping.py:19 (package_initializer),47534edf6158a6f8ab6b3b420fda2de47182633b70d6ae84ac214253c1db3c5e,收窄清单确认；增量保护；精确同步当前必要实现；迁移剩余消费者；AKS真实门禁和本机检查。
E:/projects/codex/aether/AgentJYS-main/src/aether_agent_memory/session/extraction.py,SRC-187,S02_旧B2B3记忆和调度实现,src/aether_agent_memory/session/extraction.py,True,2170,2170,拟整文件删除；本次清单确认后实施,属于旧MemoryRuntime/ContextCatalog/长文本Celery/B3影子调度闭包；当前Remember/Recall/Temporal/Operate已使用另一组实现。删除需迁移有效的契约和边界断言。,旧入口/兼容导出不能再调用；当前入口和有效契约继续保留；删除前迁移消费者和测试。,src/aether_agent_memory/application/session.py:17 (python_import); tests/unit/test_session_extraction_policy.py:13 (python_import); Dockerfile:14 (docker_copy_directory); Dockerfile.p3:20 (docker_copy_directory),e0631394769daba78ce0566f73294aa6de9732caf86a1d8e450a817d4e5b6d20,收窄清单确认；增量保护；精确同步当前必要实现；迁移剩余消费者；AKS真实门禁和本机检查。
E:/projects/codex/aether/AgentJYS-main/src/aether_agent_memory/session/models.py,SRC-188,S02_旧B2B3记忆和调度实现,src/aether_agent_memory/session/models.py,True,3725,3725,拟整文件删除；本次清单确认后实施,属于旧MemoryRuntime/ContextCatalog/长文本Celery/B3影子调度闭包；当前Remember/Recall/Temporal/Operate已使用另一组实现。删除需迁移有效的契约和边界断言。,旧入口/兼容导出不能再调用；当前入口和有效契约继续保留；删除前迁移消费者和测试。,src/aether_agent_memory/adapters/memory_extraction.py:12 (python_import); src/aether_agent_memory/adapters/redis_session_extraction_queue.py:10 (python_import); src/aether_agent_memory/adapters/session_extraction_queue.py:8 (python_import); src/aether_agent_memory/adapters/session_store.py:8 (python_import); src/aether_agent_memory/application/session.py:21 (python_import); src/aether_agent_memory/context_store/mapping.py:19 (python_import); src/aether_agent_memory/memory/formation/extraction.py:10 (python_import); src/aether_agent_memory/session/__init__.py:1 (python_import); src/aether_agent_memory/session/extraction.py:9 (python_import); src/aether_agent_memory/session/ports.py:6 (python_import); src/aether_agent_memory/session/service.py:11 (python_import); tests/unit/test_fact_first.py:29 (python_import); tests/unit/test_import_order.py:13 (python_module_constant); tests/unit/test_memory_extraction_adapter.py:12 (python_import); tests/unit/test_queue_reliability.py:15 (python_import),bcefc6b70af9d934089b234885cd5e19f5f8adb5f0e0a0e778331ae7109ff5c5,收窄清单确认；增量保护；精确同步当前必要实现；迁移剩余消费者；AKS真实门禁和本机检查。
E:/projects/codex/aether/AgentJYS-main/src/aether_agent_memory/session/ports.py,SRC-189,S02_旧B2B3记忆和调度实现,src/aether_agent_memory/session/ports.py,True,1571,1571,拟整文件删除；本次清单确认后实施,属于旧MemoryRuntime/ContextCatalog/长文本Celery/B3影子调度闭包；当前Remember/Recall/Temporal/Operate已使用另一组实现。删除需迁移有效的契约和边界断言。,旧入口/兼容导出不能再调用；当前入口和有效契约继续保留；删除前迁移消费者和测试。,src/aether_agent_memory/adapters/redis_session_extraction_queue.py:14 (python_import); src/aether_agent_memory/adapters/session_context.py:18 (python_import); src/aether_agent_memory/adapters/session_extraction_queue.py:12 (python_import); src/aether_agent_memory/application/session.py:22 (python_import); src/aether_agent_memory/bootstrap/container.py:20 (python_import); src/aether_agent_memory/runtime/dependencies.py:36 (python_import); src/aether_agent_memory/session/__init__.py:11 (python_import); src/aether_agent_memory/session/service.py:18 (python_import); docs/PHASE1_HANDOFF_20260914.md:50 (literal_path_reference); Dockerfile:14 (docker_copy_directory); Dockerfile.p3:20 (docker_copy_directory),cb461b8bdcab6da25ffe420236a86c720ccc159efe1f06c6ac2cafea7d0a8c76,收窄清单确认；增量保护；精确同步当前必要实现；迁移剩余消费者；AKS真实门禁和本机检查。
E:/projects/codex/aether/AgentJYS-main/src/aether_agent_memory/session/service.py,SRC-190,S02_旧B2B3记忆和调度实现,src/aether_agent_memory/session/service.py,True,10716,10716,拟整文件删除；本次清单确认后实施,属于旧MemoryRuntime/ContextCatalog/长文本Celery/B3影子调度闭包；当前Remember/Recall/Temporal/Operate已使用另一组实现。删除需迁移有效的契约和边界断言。,旧入口/兼容导出不能再调用；当前入口和有效契约继续保留；删除前迁移消费者和测试。,src/aether_agent_memory/application/session.py:23 (python_import); src/aether_agent_memory/session/__init__.py:15 (python_import); tests/unit/test_fact_first.py:30 (python_import); tests/unit/test_queue_reliability.py:16 (python_import); docs/PHASE1_HANDOFF_20260914.md:51 (literal_path_reference); Dockerfile:14 (docker_copy_directory); Dockerfile.p3:20 (docker_copy_directory),e0d0abb96b30a7c8194f5131f2b711351d3e98336443c5567f35993ed4190f4e,收窄清单确认；增量保护；精确同步当前必要实现；迁移剩余消费者；AKS真实门禁和本机检查。
E:/projects/codex/aether/AgentJYS-main/src/aether_agent_memory/signal/__init__.py,SRC-191,S03_旧演示与独立B1工具,src/aether_agent_memory/signal/__init__.py,True,219,219,拟整文件删除；本次清单确认后实施,旧Mock、Sidecar仪表盘和B1/B2/B3演示工具；目标当前本机及Azure使用canonical native BGE和统一HTTP。退出这些工具的能力是明确影响。,旧入口/兼容导出不能再调用；当前入口和有效契约继续保留；删除前迁移消费者和测试。,examples/minimal_loop/mock_services.py:6 (package_initializer); examples/minimal_loop/tui_app.py:24 (package_initializer); examples/p2_integration_smoke.py:26 (python_import); examples/p2_integration_smoke.py:26 (package_initializer); examples/p3_closed_loop.py:8 (package_initializer); src/aether_agent_memory/__init__.py:45 (package_initializer); src/aether_agent_memory/__init__.py:59 (package_initializer); src/aether_agent_memory/adapters/operate_scheduler.py:46 (package_initializer); src/aether_agent_memory/adapters/operate_telemetry.py:7 (package_initializer); src/aether_agent_memory/b2/service.py:24 (package_initializer); src/aether_agent_memory/demo/flow.py:31 (python_import); src/aether_agent_memory/demo/flow.py:31 (package_initializer); src/aether_agent_memory/interfaces/signal.py:3 (package_initializer); src/aether_agent_memory/operate/policy.py:22 (package_initializer); src/aether_agent_memory/runtime/legacy.py:38 (python_import),b1fb6046d881a2cbc25a49f6fa7e1d5667011852342ee5e5eee99eccdc6d1de2,收窄清单确认；增量保护；精确同步当前必要实现；迁移剩余消费者；AKS真实门禁和本机检查。
E:/projects/codex/aether/AgentJYS-main/src/aether_agent_memory/signal/emitter.py,SRC-192,S03_旧演示与独立B1工具,src/aether_agent_memory/signal/emitter.py,True,1646,1646,拟整文件删除；本次清单确认后实施,旧Mock、Sidecar仪表盘和B1/B2/B3演示工具；目标当前本机及Azure使用canonical native BGE和统一HTTP。退出这些工具的能力是明确影响。,旧入口/兼容导出不能再调用；当前入口和有效契约继续保留；删除前迁移消费者和测试。,examples/minimal_loop/mock_services.py:6 (lazy_export_requested); examples/p3_closed_loop.py:8 (lazy_export_requested); src/aether_agent_memory/__init__.py:59 (python_module_constant); src/aether_agent_memory/signal/__init__.py:1 (python_import); tests/unit/test_b2_service.py:14 (python_import); tests/unit/test_end_to_end.py:5 (lazy_export_requested); tests/unit/test_operate_wiring.py:13 (python_import); tests/unit/test_signal_emitter.py:4 (python_import); tests/unit/test_signal_persistence.py:10 (python_import); Dockerfile:14 (docker_copy_directory); Dockerfile.p3:20 (docker_copy_directory),9d76c3371c6c710cd2e677da9d1b532aa265ce88943a40932aa809e1b5e7f42d,收窄清单确认；增量保护；精确同步当前必要实现；迁移剩余消费者；AKS真实门禁和本机检查。
E:/projects/codex/aether/AgentJYS-main/src/aether_agent_memory/signal/models.py,SRC-193,S03_旧演示与独立B1工具,src/aether_agent_memory/signal/models.py,True,916,916,拟整文件删除；本次清单确认后实施,旧Mock、Sidecar仪表盘和B1/B2/B3演示工具；目标当前本机及Azure使用canonical native BGE和统一HTTP。退出这些工具的能力是明确影响。,旧入口/兼容导出不能再调用；当前入口和有效契约继续保留；删除前迁移消费者和测试。,examples/minimal_loop/tui_app.py:24 (lazy_export_requested); src/aether_agent_memory/__init__.py:45 (python_module_constant); src/aether_agent_memory/adapters/operate_scheduler.py:46 (python_import); src/aether_agent_memory/adapters/operate_telemetry.py:7 (python_import); src/aether_agent_memory/b2/service.py:24 (python_import); src/aether_agent_memory/interfaces/signal.py:3 (python_import); src/aether_agent_memory/operate/policy.py:22 (python_import); src/aether_agent_memory/signal/__init__.py:2 (python_import); src/aether_agent_memory/signal/emitter.py:7 (python_import); tests/unit/test_end_to_end.py:5 (lazy_export_requested); tests/unit/test_signal_emitter.py:5 (python_import); tests/unit/test_signal_models.py:6 (python_import); tests/unit/test_signal_persistence.py:11 (python_import); Dockerfile:14 (docker_copy_directory); Dockerfile.p3:20 (docker_copy_directory),3d11a2ec0d64ee4fac586e83e5aec82ed42ff6462c1ef47e51c74b809708a353,收窄清单确认；增量保护；精确同步当前必要实现；迁移剩余消费者；AKS真实门禁和本机检查。
E:/projects/codex/aether/AgentJYS-main/src/aether_agent_memory/skill/__init__.py,SRC-194,S02_旧B2B3记忆和调度实现,src/aether_agent_memory/skill/__init__.py,True,240,240,拟整文件删除；本次清单确认后实施,属于旧MemoryRuntime/ContextCatalog/长文本Celery/B3影子调度闭包；当前Remember/Recall/Temporal/Operate已使用另一组实现。删除需迁移有效的契约和边界断言。,旧入口/兼容导出不能再调用；当前入口和有效契约继续保留；删除前迁移消费者和测试。,src/aether_agent_memory/adapters/skill_context.py:19 (package_initializer); src/aether_agent_memory/adapters/skill_context.py:20 (package_initializer); src/aether_agent_memory/adapters/skill_store.py:9 (package_initializer); src/aether_agent_memory/application/skill.py:24 (package_initializer); src/aether_agent_memory/application/skill.py:25 (package_initializer); src/aether_agent_memory/bootstrap/container.py:151 (package_initializer); src/aether_agent_memory/runtime/dependencies.py:40 (package_initializer); src/aether_agent_memory/runtime/service.py:90 (package_initializer); src/aether_agent_memory/skill/ports.py:6 (package_initializer); tests/unit/test_context_catalog_recall.py:32 (package_initializer); tests/unit/test_context_fact_stores.py:15 (package_initializer); tests/unit/test_skill_context.py:23 (package_initializer); Dockerfile:14 (docker_copy_directory); Dockerfile.p3:20 (docker_copy_directory),994713449c1fe2d899290fc3d8ca3e59b1129ee3d94c3dd623d88e59ee1627db,收窄清单确认；增量保护；精确同步当前必要实现；迁移剩余消费者；AKS真实门禁和本机检查。
E:/projects/codex/aether/AgentJYS-main/src/aether_agent_memory/skill/models.py,SRC-195,S02_旧B2B3记忆和调度实现,src/aether_agent_memory/skill/models.py,True,766,766,拟整文件删除；本次清单确认后实施,属于旧MemoryRuntime/ContextCatalog/长文本Celery/B3影子调度闭包；当前Remember/Recall/Temporal/Operate已使用另一组实现。删除需迁移有效的契约和边界断言。,旧入口/兼容导出不能再调用；当前入口和有效契约继续保留；删除前迁移消费者和测试。,src/aether_agent_memory/adapters/skill_context.py:19 (python_import); src/aether_agent_memory/adapters/skill_store.py:9 (python_import); src/aether_agent_memory/application/skill.py:24 (python_import); src/aether_agent_memory/runtime/service.py:90 (python_import); src/aether_agent_memory/skill/__init__.py:3 (python_import); src/aether_agent_memory/skill/ports.py:6 (python_import); tests/unit/test_context_catalog_recall.py:32 (python_import); tests/unit/test_context_fact_stores.py:15 (python_import); tests/unit/test_skill_context.py:23 (python_import); Dockerfile:14 (docker_copy_directory); Dockerfile.p3:20 (docker_copy_directory),ae2c810e3ad554b58a8c31e0af8fc0da8ba4a81acf175e39b535077d9cda6324,收窄清单确认；增量保护；精确同步当前必要实现；迁移剩余消费者；AKS真实门禁和本机检查。
E:/projects/codex/aether/AgentJYS-main/src/aether_agent_memory/skill/ports.py,SRC-196,S02_旧B2B3记忆和调度实现,src/aether_agent_memory/skill/ports.py,True,731,731,拟整文件删除；本次清单确认后实施,属于旧MemoryRuntime/ContextCatalog/长文本Celery/B3影子调度闭包；当前Remember/Recall/Temporal/Operate已使用另一组实现。删除需迁移有效的契约和边界断言。,旧入口/兼容导出不能再调用；当前入口和有效契约继续保留；删除前迁移消费者和测试。,src/aether_agent_memory/adapters/skill_context.py:20 (python_import); src/aether_agent_memory/application/skill.py:25 (python_import); src/aether_agent_memory/bootstrap/container.py:151 (python_import); src/aether_agent_memory/runtime/dependencies.py:40 (python_import); src/aether_agent_memory/skill/__init__.py:4 (python_import); Dockerfile:14 (docker_copy_directory); Dockerfile.p3:20 (docker_copy_directory),afa1a41eba80e23fafd61a9acf552226be5e4f5e3eb2c61f91908a1ae3790346,收窄清单确认；增量保护；精确同步当前必要实现；迁移剩余消费者；AKS真实门禁和本机检查。
E:/projects/codex/aether/AgentJYS-main/src/aether_agent_memory/workers/__init__.py,SRC-197,S01_旧HTTP与Celery装配,src/aether_agent_memory/workers/__init__.py,True,41,41,拟整文件删除；本次清单确认后实施,当前部署使用__main__→runtime/flows/cli→Service；本组由已退休app/bootstrap/旧API/独立queue workers互相引用，非现行装配。旧compose/安装导出同步退出。,旧入口/兼容导出不能再调用；当前入口和有效契约继续保留；删除前迁移消费者和测试。,tests/unit/test_legacy_production_gate.py:48 (package_initializer); docs/p3/acceptance/reports/cleanup-manifest.json:126 (package_initializer); docs/p3/acceptance/reports/cleanup-manifest.json:131 (package_initializer); docs/p3/acceptance/reports/cleanup-manifest.json:136 (package_initializer); pyproject.toml:126 (package_initializer); pyproject.toml:127 (package_initializer); pyproject.toml:128 (package_initializer); Dockerfile:14 (docker_copy_directory); Dockerfile.p3:20 (docker_copy_directory),cc09e5c1ce3bbec61affbab48a8bc0f5ac2d4c633ba59d3a5f19a2edcd67aae2,收窄清单确认；增量保护；精确同步当前必要实现；迁移剩余消费者；AKS真实门禁和本机检查。
E:/projects/codex/aether/AgentJYS-main/src/aether_agent_memory/workers/context_projection.py,SRC-198,S01_旧HTTP与Celery装配,src/aether_agent_memory/workers/context_projection.py,True,2324,2324,拟整文件删除；本次清单确认后实施,当前部署使用__main__→runtime/flows/cli→Service；本组由已退休app/bootstrap/旧API/独立queue workers互相引用，非现行装配。旧compose/安装导出同步退出。,旧入口/兼容导出不能再调用；当前入口和有效契约继续保留；删除前迁移消费者和测试。,tests/unit/test_legacy_production_gate.py:48 (dynamic_worker_parameter); docs/p3/acceptance/reports/cleanup-manifest.json:136 (module_literal_reference); pyproject.toml:128 (module_literal_reference); Dockerfile:14 (docker_copy_directory); Dockerfile.p3:20 (docker_copy_directory),b1d56586b05ff9e05c1fa94215953838798500375b0ec3245d038831a4ef6f4f,收窄清单确认；增量保护；精确同步当前必要实现；迁移剩余消费者；AKS真实门禁和本机检查。
E:/projects/codex/aether/AgentJYS-main/src/aether_agent_memory/workers/projection.py,SRC-199,S01_旧HTTP与Celery装配,src/aether_agent_memory/workers/projection.py,True,2255,2255,拟整文件删除；本次清单确认后实施,当前部署使用__main__→runtime/flows/cli→Service；本组由已退休app/bootstrap/旧API/独立queue workers互相引用，非现行装配。旧compose/安装导出同步退出。,旧入口/兼容导出不能再调用；当前入口和有效契约继续保留；删除前迁移消费者和测试。,tests/unit/test_legacy_production_gate.py:48 (dynamic_worker_parameter); docs/p3/acceptance/reports/cleanup-manifest.json:131 (module_literal_reference); pyproject.toml:127 (module_literal_reference); Dockerfile:14 (docker_copy_directory); Dockerfile.p3:20 (docker_copy_directory),bb8ff5b7736f8e1bbb5f9bd1bb08cef9f559671a806a6f2dcd2c18131652937c,收窄清单确认；增量保护；精确同步当前必要实现；迁移剩余消费者；AKS真实门禁和本机检查。
E:/projects/codex/aether/AgentJYS-main/src/aether_agent_memory/workers/session_extraction.py,SRC-200,S01_旧HTTP与Celery装配,src/aether_agent_memory/workers/session_extraction.py,True,2197,2197,拟整文件删除；本次清单确认后实施,当前部署使用__main__→runtime/flows/cli→Service；本组由已退休app/bootstrap/旧API/独立queue workers互相引用，非现行装配。旧compose/安装导出同步退出。,旧入口/兼容导出不能再调用；当前入口和有效契约继续保留；删除前迁移消费者和测试。,tests/unit/test_legacy_production_gate.py:48 (dynamic_worker_parameter); docs/p3/acceptance/reports/cleanup-manifest.json:126 (module_literal_reference); pyproject.toml:126 (module_literal_reference); Dockerfile:14 (docker_copy_directory); Dockerfile.p3:20 (docker_copy_directory),16dc951c898d7dea82caf82a29a2631b45b18364a14c669b5af0b49823b4c4ce,收窄清单确认；增量保护；精确同步当前必要实现；迁移剩余消费者；AKS真实门禁和本机检查。
E:/projects/codex/aether/AgentJYS-main/src/aether_agent_memory/working/__init__.py,SRC-201,S03_旧演示与独立B1工具,src/aether_agent_memory/working/__init__.py,True,116,116,拟整文件删除；本次清单确认后实施,旧Mock、Sidecar仪表盘和B1/B2/B3演示工具；目标当前本机及Azure使用canonical native BGE和统一HTTP。退出这些工具的能力是明确影响。,旧入口/兼容导出不能再调用；当前入口和有效契约继续保留；删除前迁移消费者和测试。,benchmarks/p3/b2_working_latency.py:16 (package_initializer); examples/minimal_loop/mock_services.py:6 (package_initializer); examples/p2_integration_smoke.py:27 (python_import); examples/p2_integration_smoke.py:27 (package_initializer); examples/p3_closed_loop.py:8 (package_initializer); scripts/benchmark_b2_only.py:20 (package_initializer); scripts/benchmark_redis_p99.py:19 (package_initializer); scripts/run_b2_dataset_replay.py:24 (package_initializer); src/aether_agent_memory/__init__.py:61 (package_initializer); src/aether_agent_memory/context/builder.py:16 (package_initializer); src/aether_agent_memory/demo/flow.py:32 (python_import); src/aether_agent_memory/demo/flow.py:32 (package_initializer); src/aether_agent_memory/runtime/legacy.py:39 (python_import); src/aether_agent_memory/runtime/legacy.py:39 (package_initializer); tests/unit/test_b2_service.py:15 (package_initializer),7cab3c14826b65cf4a5a243b694e30dad17ccb5b11d3da8b37307f603a2a306c,收窄清单确认；增量保护；精确同步当前必要实现；迁移剩余消费者；AKS真实门禁和本机检查。
E:/projects/codex/aether/AgentJYS-main/src/aether_agent_memory/working/manager.py,SRC-202,S03_旧演示与独立B1工具,src/aether_agent_memory/working/manager.py,True,1570,1570,拟整文件删除；本次清单确认后实施,旧Mock、Sidecar仪表盘和B1/B2/B3演示工具；目标当前本机及Azure使用canonical native BGE和统一HTTP。退出这些工具的能力是明确影响。,旧入口/兼容导出不能再调用；当前入口和有效契约继续保留；删除前迁移消费者和测试。,benchmarks/p3/b2_working_latency.py:16 (python_import); examples/minimal_loop/mock_services.py:6 (lazy_export_requested); examples/p3_closed_loop.py:8 (lazy_export_requested); scripts/benchmark_b2_only.py:20 (python_import); scripts/benchmark_redis_p99.py:19 (python_import); scripts/run_b2_dataset_replay.py:24 (python_import); src/aether_agent_memory/__init__.py:61 (python_module_constant); src/aether_agent_memory/context/builder.py:16 (python_import); src/aether_agent_memory/working/__init__.py:1 (python_import); tests/unit/test_b2_service.py:15 (python_import); tests/unit/test_context_builder.py:12 (python_import); tests/unit/test_end_to_end.py:5 (lazy_export_requested); tests/unit/test_fact_first.py:31 (python_import); tests/unit/test_memory_store.py:12 (python_import); tests/unit/test_working_manager.py:8 (python_import),bd3b777d4d343a9985a8c8811cd96f927ebe6ed12287b592cc14950d4c179132,收窄清单确认；增量保护；精确同步当前必要实现；迁移剩余消费者；AKS真实门禁和本机检查。
E:/projects/codex/aether/AgentJYS-main/Dockerfile,TOOL-001,S05_旧部署与手工入口,Dockerfile,True,891,891,拟整文件删除；本次清单确认后实施,本文件仅服务于已退役app/Celery/Sidecar/演示流程；现行Dockerfile.p3、Compose、deploy和验证工具保留。,旧部署/演示/安装指令退出；README与Makefile只指向保留的统一服务及Azure步骤。,,647283b3b4bf9f07a0ba52628015ccedc6e2497a7f6ba95707c46a51a74688a6,逐项确认；当前部署不引用；删除后修目录内当前入口；历史正式文档不删除。
E:/projects/codex/aether/AgentJYS-main/compose.yaml,TOOL-002,S05_旧部署与手工入口,compose.yaml,True,8989,8989,拟整文件删除；本次清单确认后实施,本文件仅服务于已退役app/Celery/Sidecar/演示流程；现行Dockerfile.p3、Compose、deploy和验证工具保留。,旧部署/演示/安装指令退出；README与Makefile只指向保留的统一服务及Azure步骤。,README.md:393 (literal_path_reference); compose.b1-openvino.yaml:2 (literal_path_reference); compose.production.yaml:1 (literal_path_reference); docs/ENGINEERING_AUDIT.md:5 (literal_path_reference); docs/ENGINEERING_DELIVERY.md:48 (literal_path_reference); docs/MANUAL_SCENARIO_TEST.md:7 (literal_path_reference); docs/PHASE1_HANDOFF_20260914.md:12 (literal_path_reference); docs/PHASE1_HANDOFF_20260914.md:63 (literal_path_reference); docs/PHASE2_HANDOFF_20260914.md:69 (literal_path_reference); docs/PHASE2_HANDOFF_20260914.md:111 (literal_path_reference),2c86ab3f44d4dcaee1913d3b5c9660c49f0d2ec61207cb0591544caced254cbd,逐项确认；当前部署不引用；删除后修目录内当前入口；历史正式文档不删除。
E:/projects/codex/aether/AgentJYS-main/compose.b1-openvino.yaml,TOOL-003,S05_旧部署与手工入口,compose.b1-openvino.yaml,False,0,947,目标目录不存在；不从参考来源导入,本文件仅服务于已退役app/Celery/Sidecar/演示流程；现行Dockerfile.p3、Compose、deploy和验证工具保留。,旧部署/演示/安装指令退出；README与Makefile只指向保留的统一服务及Azure步骤。,README.md:328 (literal_path_reference); docs/ENGINEERING_DELIVERY.md:3 (literal_path_reference); tests/unit/test_b1_openvino_production_binding.py:19 (literal_path_reference),,逐项确认；当前部署不引用；删除后修目录内当前入口；历史正式文档不删除。
E:/projects/codex/aether/AgentJYS-main/configs/docker.toml,TOOL-004,S05_旧部署与手工入口,configs/docker.toml,True,557,557,拟整文件删除；本次清单确认后实施,本文件仅服务于已退役app/Celery/Sidecar/演示流程；现行Dockerfile.p3、Compose、deploy和验证工具保留。,旧部署/演示/安装指令退出；README与Makefile只指向保留的统一服务及Azure步骤。,,e140e7e61169465e1e79cf635144108a61be775408b9b365a415366eb1da7e3f,逐项确认；当前部署不引用；删除后修目录内当前入口；历史正式文档不删除。
E:/projects/codex/aether/AgentJYS-main/configs/default.toml,TOOL-005,S05_旧部署与手工入口,configs/default.toml,True,598,598,拟整文件删除；本次清单确认后实施,本文件仅服务于已退役app/Celery/Sidecar/演示流程；现行Dockerfile.p3、Compose、deploy和验证工具保留。,旧部署/演示/安装指令退出；README与Makefile只指向保留的统一服务及Azure步骤。,tests/unit/test_config.py:33 (unique_basename_reference),c9b1b0e9dbd7742eaf7aaaf5e0cdc0f22aa2eba48d376dd2635093c18e279df3,逐项确认；当前部署不引用；删除后修目录内当前入口；历史正式文档不删除。
E:/projects/codex/aether/AgentJYS-main/scripts/b2_async_demo.py,TOOL-006,S05_旧部署与手工入口,scripts/b2_async_demo.py,True,1868,1868,拟整文件删除；本次清单确认后实施,本文件仅服务于已退役app/Celery/Sidecar/演示流程；现行Dockerfile.p3、Compose、deploy和验证工具保留。,旧部署/演示/安装指令退出；README与Makefile只指向保留的统一服务及Azure步骤。,docs/B2_ASYNC_MEMORY_DEMO.md:39 (literal_path_reference); Dockerfile:16 (docker_copy_directory),69e6b04cb3394e4cf5ffc60221f3e4a429ad3f966dd46ffeaba630785aa5e7ef,逐项确认；当前部署不引用；删除后修目录内当前入口；历史正式文档不删除。
E:/projects/codex/aether/AgentJYS-main/scripts/benchmark_b2_only.py,TOOL-007,S05_旧部署与手工入口,scripts/benchmark_b2_only.py,True,5000,5000,拟整文件删除；本次清单确认后实施,本文件仅服务于已退役app/Celery/Sidecar/演示流程；现行Dockerfile.p3、Compose、deploy和验证工具保留。,旧部署/演示/安装指令退出；README与Makefile只指向保留的统一服务及Azure步骤。,Dockerfile:16 (docker_copy_directory),2cc365be7d4723eadae321f7aa6af9a57af40bb30d1a24020757661be1162cac,逐项确认；当前部署不引用；删除后修目录内当前入口；历史正式文档不删除。
E:/projects/codex/aether/AgentJYS-main/scripts/benchmark_dataset_p99.py,TOOL-008,S05_旧部署与手工入口,scripts/benchmark_dataset_p99.py,True,4407,4407,拟整文件删除；本次清单确认后实施,本文件仅服务于已退役app/Celery/Sidecar/演示流程；现行Dockerfile.p3、Compose、deploy和验证工具保留。,旧部署/演示/安装指令退出；README与Makefile只指向保留的统一服务及Azure步骤。,Dockerfile:16 (docker_copy_directory),e63f3f971fd28154803abfdc3faed05fdc9bad12e15cef91552f3756f72d29fd,逐项确认；当前部署不引用；删除后修目录内当前入口；历史正式文档不删除。
E:/projects/codex/aether/AgentJYS-main/scripts/benchmark_redis_p99.py,TOOL-009,S05_旧部署与手工入口,scripts/benchmark_redis_p99.py,True,2776,2776,拟整文件删除；本次清单确认后实施,本文件仅服务于已退役app/Celery/Sidecar/演示流程；现行Dockerfile.p3、Compose、deploy和验证工具保留。,旧部署/演示/安装指令退出；README与Makefile只指向保留的统一服务及Azure步骤。,Dockerfile:16 (docker_copy_directory),a2c626fffbd5f09dba189882400214c19dc7283ddd82371e3c72e993947035fb,逐项确认；当前部署不引用；删除后修目录内当前入口；历史正式文档不删除。
E:/projects/codex/aether/AgentJYS-main/scripts/dashboard_page.py,TOOL-010,S05_旧部署与手工入口,scripts/dashboard_page.py,True,20951,20951,拟整文件删除；本次清单确认后实施,本文件仅服务于已退役app/Celery/Sidecar/演示流程；现行Dockerfile.p3、Compose、deploy和验证工具保留。,旧部署/演示/安装指令退出；README与Makefile只指向保留的统一服务及Azure步骤。,src/aether_agent_memory/api/routers/demo.py:12 (python_import); docs/adr/0001-p3-northbound-black-box.md:44 (literal_path_reference); docs/p3/acceptance/reports/cleanup-delivery.md:31 (unique_basename_reference); docs/p3/acceptance/reports/cleanup-manifest.json:57 (unique_basename_reference); docs/p3/acceptance/reports/cleanup-manifest.json:79 (literal_path_reference); docs/p3/development/08_旧代码清理与保留边界.md:24 (literal_path_reference); Dockerfile:16 (docker_copy_directory),d3c3ecfb7c12bf5c1690f8c3da153e498095a688792fe1c4d1e610b6a2683904,逐项确认；当前部署不引用；删除后修目录内当前入口；历史正式文档不删除。
E:/projects/codex/aether/AgentJYS-main/scripts/dev.ps1,TOOL-011,S05_旧部署与手工入口,scripts/dev.ps1,True,705,705,拟整文件删除；本次清单确认后实施,本文件仅服务于已退役app/Celery/Sidecar/演示流程；现行Dockerfile.p3、Compose、deploy和验证工具保留。,旧部署/演示/安装指令退出；README与Makefile只指向保留的统一服务及Azure步骤。,Dockerfile:16 (docker_copy_directory),bf09a846feea9b6c68ad7ee6897e34684054c2c8c45a5b02b9cf9319bf8e15af,逐项确认；当前部署不引用；删除后修目录内当前入口；历史正式文档不删除。
E:/projects/codex/aether/AgentJYS-main/scripts/install_b1.ps1,TOOL-012,S05_旧部署与手工入口,scripts/install_b1.ps1,True,3065,3065,拟整文件删除；本次清单确认后实施,本文件仅服务于已退役app/Celery/Sidecar/演示流程；现行Dockerfile.p3、Compose、deploy和验证工具保留。,旧部署/演示/安装指令退出；README与Makefile只指向保留的统一服务及Azure步骤。,docs/B1_ONE_CLICK_INSTALL_WINDOWS.md:4 (literal_path_reference); docs/B1_ONE_CLICK_INSTALL_WINDOWS.md:26 (literal_path_reference); docs/B1_ONE_CLICK_INSTALL_WINDOWS.md:36 (literal_path_reference); docs/B1_ONE_CLICK_INSTALL_WINDOWS.md:39 (literal_path_reference); docs/B1_ONE_CLICK_INSTALL_WINDOWS.md:42 (literal_path_reference); docs/B1_ONE_CLICK_INSTALL_WINDOWS.md:45 (literal_path_reference); scripts/start_b1_dashboard.ps1:12 (literal_path_reference); scripts/start_b1_sidecar.ps1:18 (literal_path_reference); Dockerfile:16 (docker_copy_directory),937489702f3a73c344c35f2cb981ca90ead07216d2ad69333b975d8f897106b5,逐项确认；当前部署不引用；删除后修目录内当前入口；历史正式文档不删除。
E:/projects/codex/aether/AgentJYS-main/scripts/p3_service.py,TOOL-013,S05_旧部署与手工入口,scripts/p3_service.py,True,2567,2567,拟整文件删除；本次清单确认后实施,本文件仅服务于已退役app/Celery/Sidecar/演示流程；现行Dockerfile.p3、Compose、deploy和验证工具保留。,旧部署/演示/安装指令退出；README与Makefile只指向保留的统一服务及Azure步骤。,docs/B1-docker验证.md:613 (literal_path_reference); docs/B1_MANUAL_INSTALL_WINDOWS.md:516 (literal_path_reference); docs/B1_ONE_CLICK_INSTALL_WINDOWS.md:156 (literal_path_reference); docs/B2_LOCAL_TEST_REPORT_20260814.md:37 (unique_basename_reference); docs/ENGINEERING_AUDIT.md:4 (literal_path_reference); docs/ENGINEERING_AUDIT.md:12 (literal_path_reference); docs/ENGINEERING_AUDIT.md:13 (unique_basename_reference); docs/ENGINEERING_AUDIT.md:30 (unique_basename_reference); docs/ENGINEERING_DELIVERY.md:28 (literal_path_reference); docs/ENGINEERING_DELIVERY.md:43 (literal_path_reference),8d211f60beeeb8481f27a653663cac502dfffee740b385c2512682bc435a97ac,逐项确认；当前部署不引用；删除后修目录内当前入口；历史正式文档不删除。
E:/projects/codex/aether/AgentJYS-main/scripts/prepare_beam_dataset.py,TOOL-014,S05_旧部署与手工入口,scripts/prepare_beam_dataset.py,True,6171,6171,拟整文件删除；本次清单确认后实施,本文件仅服务于已退役app/Celery/Sidecar/演示流程；现行Dockerfile.p3、Compose、deploy和验证工具保留。,旧部署/演示/安装指令退出；README与Makefile只指向保留的统一服务及Azure步骤。,docs/B2_BEAM_SERVER_TEST.md:37 (literal_path_reference); docs/B2_FULL_TEST_GUIDE.md:28 (unique_basename_reference); docs/B2_FULL_TEST_GUIDE.md:65 (literal_path_reference); docs/B2_FULL_TEST_GUIDE.md:115 (literal_path_reference); scripts/run_b2_dataset_replay.py:122 (literal_path_reference); Dockerfile:16 (docker_copy_directory),b3eb4448f6ae8e403a27ba18e3b52116f8baa43128c2cb3f1b2fabe0af23f979,逐项确认；当前部署不引用；删除后修目录内当前入口；历史正式文档不删除。
E:/projects/codex/aether/AgentJYS-main/scripts/prepare_local_b2_dataset.py,TOOL-015,S05_旧部署与手工入口,scripts/prepare_local_b2_dataset.py,True,4079,4079,拟整文件删除；本次清单确认后实施,本文件仅服务于已退役app/Celery/Sidecar/演示流程；现行Dockerfile.p3、Compose、deploy和验证工具保留。,旧部署/演示/安装指令退出；README与Makefile只指向保留的统一服务及Azure步骤。,Dockerfile:16 (docker_copy_directory),c2c694b06d093a703d75977b5ac74d87d89872e2432dffc50f2c0f5d027f5914,逐项确认；当前部署不引用；删除后修目录内当前入口；历史正式文档不删除。
E:/projects/codex/aether/AgentJYS-main/scripts/profile_b1_results.py,TOOL-016,S05_旧部署与手工入口,scripts/profile_b1_results.py,True,8262,8262,拟整文件删除；本次清单确认后实施,本文件仅服务于已退役app/Celery/Sidecar/演示流程；现行Dockerfile.p3、Compose、deploy和验证工具保留。,旧部署/演示/安装指令退出；README与Makefile只指向保留的统一服务及Azure步骤。,Dockerfile:16 (docker_copy_directory),e8251832acefc4ae987fb18845e7354aea1b3aa7f23ea9fc8c2c555887d241b0,逐项确认；当前部署不引用；删除后修目录内当前入口；历史正式文档不删除。
E:/projects/codex/aether/AgentJYS-main/scripts/run_b1_openvino_smoke.py,TOOL-017,S05_旧部署与手工入口,scripts/run_b1_openvino_smoke.py,True,9633,9633,拟整文件删除；本次清单确认后实施,本文件仅服务于已退役app/Celery/Sidecar/演示流程；现行Dockerfile.p3、Compose、deploy和验证工具保留。,旧部署/演示/安装指令退出；README与Makefile只指向保留的统一服务及Azure步骤。,Dockerfile:16 (docker_copy_directory),efe6862bf0362bb79779f702f7198c245d1fa7cfa5ba32778756d52b8eb30a50,逐项确认；当前部署不引用；删除后修目录内当前入口；历史正式文档不删除。
E:/projects/codex/aether/AgentJYS-main/scripts/run_b2_dataset_replay.py,TOOL-018,S05_旧部署与手工入口,scripts/run_b2_dataset_replay.py,True,7426,7426,拟整文件删除；本次清单确认后实施,本文件仅服务于已退役app/Celery/Sidecar/演示流程；现行Dockerfile.p3、Compose、deploy和验证工具保留。,旧部署/演示/安装指令退出；README与Makefile只指向保留的统一服务及Azure步骤。,docs/B2_BEAM_SERVER_TEST.md:58 (literal_path_reference); docs/B2_BEAM_SERVER_TEST.md:68 (literal_path_reference); docs/B2_FULL_TEST_GUIDE.md:29 (unique_basename_reference); docs/B2_FULL_TEST_GUIDE.md:66 (literal_path_reference); docs/B2_FULL_TEST_GUIDE.md:164 (literal_path_reference); docs/B2_FULL_TEST_GUIDE.md:181 (literal_path_reference); docs/P3-B2_Agent记忆管理器技术方案_v0.2_B3结构版.md:868 (literal_path_reference); docs/SERVER_TEST_HANDOFF_20260814.md:139 (literal_path_reference); scripts/run_server_B1B2_acceptance.sh:264 (literal_path_reference); scripts/run_server_acceptance.sh:197 (literal_path_reference),5da79fecdb0f2d60f356f6d01e4c8c73c035af3e10964ffe7817376427ee843c,逐项确认；当前部署不引用；删除后修目录内当前入口；历史正式文档不删除。
E:/projects/codex/aether/AgentJYS-main/scripts/run_compose_smoke.py,TOOL-019,S05_旧部署与手工入口,scripts/run_compose_smoke.py,True,2596,2596,拟整文件删除；本次清单确认后实施,本文件仅服务于已退役app/Celery/Sidecar/演示流程；现行Dockerfile.p3、Compose、deploy和验证工具保留。,旧部署/演示/安装指令退出；README与Makefile只指向保留的统一服务及Azure步骤。,compose.yaml:229 (literal_path_reference); docs/B2_LOCAL_TEST_REPORT_20260814.md:37 (unique_basename_reference); docs/SERVER_TEST_HANDOFF_20260814.md:189 (literal_path_reference); scripts/run_server_B1B2_acceptance.sh:247 (literal_path_reference); scripts/run_server_acceptance.sh:193 (literal_path_reference); tests/unit/test_compose_smoke_contract.py:19 (unique_basename_reference); Dockerfile:16 (docker_copy_directory),91e22b17d9c0c9bc02f7b54a067b4c69ffd76afa62ce47534b9a72fbdf565d17,逐项确认；当前部署不引用；删除后修目录内当前入口；历史正式文档不删除。
E:/projects/codex/aether/AgentJYS-main/scripts/run_server_acceptance.sh,TOOL-020,S05_旧部署与手工入口,scripts/run_server_acceptance.sh,True,9673,9673,拟整文件删除；本次清单确认后实施,本文件仅服务于已退役app/Celery/Sidecar/演示流程；现行Dockerfile.p3、Compose、deploy和验证工具保留。,旧部署/演示/安装指令退出；README与Makefile只指向保留的统一服务及Azure步骤。,docs/SERVER_ONE_COMMAND_TEST.md:19 (literal_path_reference); docs/SERVER_ONE_COMMAND_TEST.md:29 (literal_path_reference); docs/SERVER_ONE_COMMAND_TEST.md:35 (literal_path_reference); docs/adr/0006-contract-testing-acceptance.md:42 (literal_path_reference); scripts/run_server_B1B2_acceptance.sh:41 (literal_path_reference); Dockerfile:16 (docker_copy_directory),19886b7845e76511f8b1c7e33d6ce73305afa38520a993b533ac999d8c988382,逐项确认；当前部署不引用；删除后修目录内当前入口；历史正式文档不删除。
E:/projects/codex/aether/AgentJYS-main/scripts/run_server_B1B2_acceptance.sh,TOOL-021,S05_旧部署与手工入口,scripts/run_server_B1B2_acceptance.sh,True,14560,14560,拟整文件删除；本次清单确认后实施,本文件仅服务于已退役app/Celery/Sidecar/演示流程；现行Dockerfile.p3、Compose、deploy和验证工具保留。,旧部署/演示/安装指令退出；README与Makefile只指向保留的统一服务及Azure步骤。,Dockerfile:16 (docker_copy_directory),add7a34c4203560d1c6829ccee43c966e6924162d92082a8510a86817af4d293,逐项确认；当前部署不引用；删除后修目录内当前入口；历史正式文档不删除。
E:/projects/codex/aether/AgentJYS-main/scripts/start_b1_dashboard.ps1,TOOL-022,S05_旧部署与手工入口,scripts/start_b1_dashboard.ps1,True,684,684,拟整文件删除；本次清单确认后实施,本文件仅服务于已退役app/Celery/Sidecar/演示流程；现行Dockerfile.p3、Compose、deploy和验证工具保留。,旧部署/演示/安装指令退出；README与Makefile只指向保留的统一服务及Azure步骤。,docs/B1_MANUAL_INSTALL_WINDOWS.md:390 (literal_path_reference); docs/B1_ONE_CLICK_INSTALL_WINDOWS.md:66 (literal_path_reference); docs/B1_ONE_CLICK_INSTALL_WINDOWS.md:132 (literal_path_reference); scripts/install_b1.ps1:85 (literal_path_reference); Dockerfile:16 (docker_copy_directory),967b5e22f83f359041a1dfe54913704da47c7b1b7869497de55a33fb0bc28243,逐项确认；当前部署不引用；删除后修目录内当前入口；历史正式文档不删除。
E:/projects/codex/aether/AgentJYS-main/scripts/start_b1_sidecar.ps1,TOOL-023,S05_旧部署与手工入口,scripts/start_b1_sidecar.ps1,True,1544,1544,拟整文件删除；本次清单确认后实施,本文件仅服务于已退役app/Celery/Sidecar/演示流程；现行Dockerfile.p3、Compose、deploy和验证工具保留。,旧部署/演示/安装指令退出；README与Makefile只指向保留的统一服务及Azure步骤。,docs/B1_MANUAL_INSTALL_WINDOWS.md:240 (literal_path_reference); docs/B1_ONE_CLICK_INSTALL_WINDOWS.md:59 (literal_path_reference); docs/B1_ONE_CLICK_INSTALL_WINDOWS.md:131 (literal_path_reference); scripts/install_b1.ps1:84 (literal_path_reference); Dockerfile:16 (docker_copy_directory),d4a11e9cdebb3e8f906725c98d5a13e0943394553454feb5c441449f97ab25ec,逐项确认；当前部署不引用；删除后修目录内当前入口；历史正式文档不删除。
E:/projects/codex/aether/AgentJYS-main/scripts/summarize_b1_b2_acceptance.py,TOOL-024,S05_旧部署与手工入口,scripts/summarize_b1_b2_acceptance.py,True,6819,6819,拟整文件删除；本次清单确认后实施,本文件仅服务于已退役app/Celery/Sidecar/演示流程；现行Dockerfile.p3、Compose、deploy和验证工具保留。,旧部署/演示/安装指令退出；README与Makefile只指向保留的统一服务及Azure步骤。,docs/ENGINEERING_AUDIT.md:37 (unique_basename_reference); docs/ENGINEERING_DELIVERY.md:47 (literal_path_reference); scripts/run_server_B1B2_acceptance.sh:285 (literal_path_reference); tests/unit/test_summarize_acceptance.py:11 (unique_basename_reference); Dockerfile:16 (docker_copy_directory),08848789fa11d177888eb459c67ca886f7c1c4055905b59b9a88c83ef28eec6d,逐项确认；当前部署不引用；删除后修目录内当前入口；历史正式文档不删除。
E:/projects/codex/aether/AgentJYS-main/scripts/test_b1_openvino_basic.py,TOOL-025,S05_旧部署与手工入口,scripts/test_b1_openvino_basic.py,True,7853,7853,拟整文件删除；本次清单确认后实施,本文件仅服务于已退役app/Celery/Sidecar/演示流程；现行Dockerfile.p3、Compose、deploy和验证工具保留。,旧部署/演示/安装指令退出；README与Makefile只指向保留的统一服务及Azure步骤。,Dockerfile:16 (docker_copy_directory),41b199f4ba4efdc20fb4669f6ad596a4948b3c3054f2dab862c28d3e152296f8,逐项确认；当前部署不引用；删除后修目录内当前入口；历史正式文档不删除。
E:/projects/codex/aether/AgentJYS-main/scripts/test_b1_openvino_int8_acceptance.sh,TOOL-026,S05_旧部署与手工入口,scripts/test_b1_openvino_int8_acceptance.sh,True,55176,55176,拟整文件删除；本次清单确认后实施,本文件仅服务于已退役app/Celery/Sidecar/演示流程；现行Dockerfile.p3、Compose、deploy和验证工具保留。,旧部署/演示/安装指令退出；README与Makefile只指向保留的统一服务及Azure步骤。,Dockerfile:16 (docker_copy_directory),6676e4df470ef4a4006448b858d7474329889d3fdc5d80cae37f45ba81a6c402,逐项确认；当前部署不引用；删除后修目录内当前入口；历史正式文档不删除。
E:/projects/codex/aether/AgentJYS-main/scripts/test_b2_only.py,TOOL-027,S05_旧部署与手工入口,scripts/test_b2_only.py,True,8505,8505,拟整文件删除；本次清单确认后实施,本文件仅服务于已退役app/Celery/Sidecar/演示流程；现行Dockerfile.p3、Compose、deploy和验证工具保留。,旧部署/演示/安装指令退出；README与Makefile只指向保留的统一服务及Azure步骤。,Dockerfile:16 (docker_copy_directory),02c8efdd912cc5d502a4fde39b29171cbc9f151a5d8a17f1d25f84a86899d368,逐项确认；当前部署不引用；删除后修目录内当前入口；历史正式文档不删除。
E:/projects/codex/aether/AgentJYS-main/examples/unified_demo.py,TOOL-028,S05_旧部署与手工入口,examples/unified_demo.py,True,588,588,拟整文件删除；本次清单确认后实施,本文件仅服务于已退役app/Celery/Sidecar/演示流程；现行Dockerfile.p3、Compose、deploy和验证工具保留。,旧部署/演示/安装指令退出；README与Makefile只指向保留的统一服务及Azure步骤。,Makefile:24 (literal_path_reference); scripts/dev.ps1:14 (literal_path_reference); Dockerfile:15 (docker_copy_directory),48747976fbe43e29e2bb6f1acb008342ccef56d4585e323c2e2e4da8300b50e8,逐项确认；当前部署不引用；删除后修目录内当前入口；历史正式文档不删除。
E:/projects/codex/aether/AgentJYS-main/examples/unified_demo_tui.py,TOOL-029,S05_旧部署与手工入口,examples/unified_demo_tui.py,True,3206,3206,拟整文件删除；本次清单确认后实施,本文件仅服务于已退役app/Celery/Sidecar/演示流程；现行Dockerfile.p3、Compose、deploy和验证工具保留。,旧部署/演示/安装指令退出；README与Makefile只指向保留的统一服务及Azure步骤。,Makefile:27 (literal_path_reference); scripts/dev.ps1:15 (literal_path_reference); Dockerfile:15 (docker_copy_directory),058a9c352a7588a6350d9d0e35d5076fa9e5a73035ca9333d8a78bc93b9847a2,逐项确认；当前部署不引用；删除后修目录内当前入口；历史正式文档不删除。
E:/projects/codex/aether/AgentJYS-main/examples/p3_closed_loop.py,TOOL-030,S05_旧部署与手工入口,examples/p3_closed_loop.py,True,6184,6184,拟整文件删除；本次清单确认后实施,本文件仅服务于已退役app/Celery/Sidecar/演示流程；现行Dockerfile.p3、Compose、deploy和验证工具保留。,旧部署/演示/安装指令退出；README与Makefile只指向保留的统一服务及Azure步骤。,tests/integration/test_p3_closed_loop.py:2 (python_import); docs/p3_mvp_status_and_roadmap.md:82 (literal_path_reference); docs/p3_mvp_status_and_roadmap.md:93 (literal_path_reference); docs/p3_mvp_status_and_roadmap.md:102 (literal_path_reference); docs/p3_project_progress.md:152 (literal_path_reference); docs/p3_project_progress.md:155 (literal_path_reference); Dockerfile:15 (docker_copy_directory),6aadb6874757d24cf55074dad6f6081359894477cb982cae2f4de5b3706d6388,逐项确认；当前部署不引用；删除后修目录内当前入口；历史正式文档不删除。
E:/projects/codex/aether/AgentJYS-main/examples/b1_intercept_sample.py,TOOL-031,S05_旧部署与手工入口,examples/b1_intercept_sample.py,True,2323,2323,拟整文件删除；本次清单确认后实施,本文件仅服务于已退役app/Celery/Sidecar/演示流程；现行Dockerfile.p3、Compose、deploy和验证工具保留。,旧部署/演示/安装指令退出；README与Makefile只指向保留的统一服务及Azure步骤。,docs/B1_MANUAL_INSTALL_WINDOWS.md:63 (unique_basename_reference); docs/B1_MANUAL_INSTALL_WINDOWS.md:261 (literal_path_reference); docs/B1_MANUAL_INSTALL_WINDOWS.md:268 (literal_path_reference); docs/B1_ONE_CLICK_INSTALL_WINDOWS.md:75 (literal_path_reference); Dockerfile:15 (docker_copy_directory),9f2e28bcf8ed87c7033acbcf65d914e0fccd0a50375a17f266f568b66044b20a,逐项确认；当前部署不引用；删除后修目录内当前入口；历史正式文档不删除。
E:/projects/codex/aether/AgentJYS-main/examples/generate_b1_edge_dataset.py,TOOL-032,S05_旧部署与手工入口,examples/generate_b1_edge_dataset.py,True,4546,4546,拟整文件删除；本次清单确认后实施,本文件仅服务于已退役app/Celery/Sidecar/演示流程；现行Dockerfile.p3、Compose、deploy和验证工具保留。,旧部署/演示/安装指令退出；README与Makefile只指向保留的统一服务及Azure步骤。,docs/B1_ONE_CLICK_INSTALL_WINDOWS.md:90 (literal_path_reference); Dockerfile:15 (docker_copy_directory),07eb1c2a895e6dda583a463929f7d5b2f76d820f5382f482086d33cb54061d1e,逐项确认；当前部署不引用；删除后修目录内当前入口；历史正式文档不删除。
E:/projects/codex/aether/AgentJYS-main/examples/p2_integration_smoke.py,TOOL-033,S05_旧部署与手工入口,examples/p2_integration_smoke.py,True,10608,10608,拟整文件删除；本次清单确认后实施,本文件仅服务于已退役app/Celery/Sidecar/演示流程；现行Dockerfile.p3、Compose、deploy和验证工具保留。,旧部署/演示/安装指令退出；README与Makefile只指向保留的统一服务及Azure步骤。,Dockerfile:15 (docker_copy_directory),504315e24a668007883ae95c20fd5e4f46ba4c4ea19f8e92990034c6f0cdf8e4,逐项确认；当前部署不引用；删除后修目录内当前入口；历史正式文档不删除。
E:/projects/codex/aether/AgentJYS-main/examples/minimal_loop/__init__.py,TOOL-034,S05_旧部署与手工入口,examples/minimal_loop/__init__.py,True,47,47,拟整文件删除；本次清单确认后实施,本文件仅服务于已退役app/Celery/Sidecar/演示流程；现行Dockerfile.p3、Compose、deploy和验证工具保留。,旧部署/演示/安装指令退出；README与Makefile只指向保留的统一服务及Azure步骤。,examples/minimal_loop/main.py:26 (package_initializer); examples/minimal_loop/tui_app.py:6 (package_initializer); tests/integration/test_tui_four_scenarios.py:5 (package_initializer); Dockerfile:15 (docker_copy_directory),de225f557f050a32bdb7c831b8f9d5a1521960f7b2d9ead24b114e92b304259e,逐项确认；当前部署不引用；删除后修目录内当前入口；历史正式文档不删除。
E:/projects/codex/aether/AgentJYS-main/examples/minimal_loop/main.py,TOOL-035,S05_旧部署与手工入口,examples/minimal_loop/main.py,True,1356,1356,拟整文件删除；本次清单确认后实施,本文件仅服务于已退役app/Celery/Sidecar/演示流程；现行Dockerfile.p3、Compose、deploy和验证工具保留。,旧部署/演示/安装指令退出；README与Makefile只指向保留的统一服务及Azure步骤。,docs/p3_mvp_status_and_roadmap.md:110 (literal_path_reference); docs/p3_project_progress.md:158 (literal_path_reference); Dockerfile:15 (docker_copy_directory),d40d03e05859afc74aaaa49eed3a9ddb43a58d77126fc24ea06b297360c6f497,逐项确认；当前部署不引用；删除后修目录内当前入口；历史正式文档不删除。
E:/projects/codex/aether/AgentJYS-main/examples/minimal_loop/mock_services.py,TOOL-036,S05_旧部署与手工入口,examples/minimal_loop/mock_services.py,True,4882,4882,拟整文件删除；本次清单确认后实施,本文件仅服务于已退役app/Celery/Sidecar/演示流程；现行Dockerfile.p3、Compose、deploy和验证工具保留。,旧部署/演示/安装指令退出；README与Makefile只指向保留的统一服务及Azure步骤。,examples/minimal_loop/tui_app.py:6 (python_import); Dockerfile:15 (docker_copy_directory),480500d5177b9def376ce061cc887264c22607b2d28df64819283a10983b4710,逐项确认；当前部署不引用；删除后修目录内当前入口；历史正式文档不删除。
E:/projects/codex/aether/AgentJYS-main/examples/minimal_loop/tui_app.py,TOOL-037,S05_旧部署与手工入口,examples/minimal_loop/tui_app.py,True,37205,37205,拟整文件删除；本次清单确认后实施,本文件仅服务于已退役app/Celery/Sidecar/演示流程；现行Dockerfile.p3、Compose、deploy和验证工具保留。,旧部署/演示/安装指令退出；README与Makefile只指向保留的统一服务及Azure步骤。,examples/minimal_loop/main.py:26 (python_import); tests/integration/test_tui_four_scenarios.py:5 (python_import); Dockerfile:15 (docker_copy_directory),2347f7984b655cbde3b25465dc8f4b3268d21ee2711b80e2ba3004e1c9bacc6e,逐项确认；当前部署不引用；删除后修目录内当前入口；历史正式文档不删除。
E:/projects/codex/aether/AgentJYS-main/src/aether_agent_memory/runtime/request_context.py,EXIT-001,S04_旧兼容路径,src/aether_agent_memory/runtime/request_context.py,True,5672,5672,拟整文件删除；本次清单确认后实施,剩余消费者属于旧服务和其测试；canonical Recall 的 scope/project 断言转到已有 runtime.contract_types.Scope 后可退出。,旧 RequestContext/public runtime 导出退出；保留 canonical Scope/TrustedContext/P2 模型。,见限定调整清单和逐文件测试迁移表,00947b1d762e8e57c56fc27b9998adbc4b46bca3a1d04ed39248331d7496eb25,迁移 tests/unit/recall/test_contracts.py 与 request-context 回归；修 runtime/__init__.py；不得删正式 P2/canonical 字段。
E:/projects/codex/aether/AgentJYS-main/src/aether_agent_memory/runtime/ids.py,EXIT-002,S04_旧兼容路径,src/aether_agent_memory/runtime/ids.py,True,429,429,拟整文件删除；本次清单确认后实施,剩余消费者属于旧服务和其测试；canonical Recall 的 scope/project 断言转到已有 runtime.contract_types.Scope 后可退出。,旧 RequestContext/public runtime 导出退出；保留 canonical Scope/TrustedContext/P2 模型。,见限定调整清单和逐文件测试迁移表,64809932ae81425aa113f098997051e850af6443820ad02d75231c92427b0443,迁移 tests/unit/recall/test_contracts.py 与 request-context 回归；修 runtime/__init__.py；不得删正式 P2/canonical 字段。
E:/projects/codex/aether/AgentJYS-main/src/aether_agent_memory/runtime/foundation/storage.py,EXIT-003,S06_退出可写参考后端,src/aether_agent_memory/runtime/foundation/storage.py,True,13032,8311,拟整文件删除；本次清单确认后实施,SQLiteTransaction/SQLiteUnitOfWork；其中 _active、business_write_guard、native 和 Metadata* 通用边界移入保留模块。,退出可写 SQLite/本地替身和隐式回退；本机现部署的 Azure PG/Ceph/Redis/Milvus/native 绑定继续保留。,见限定调整清单和逐文件测试迁移表,d426414828b1846adbbe226f3b973a4f4cdf75dc17916efb91fc71b744cf2475,把运行消费者的 Metadata* 导入改为 runtime/storage/ports.py；ContextVar 和 native 守卫放 foundation/transactions.py，保留事务语义。
E:/projects/codex/aether/AgentJYS-main/src/aether_agent_memory/remember/basic/sqlite_p2.py,EXIT-004,S06_退出可写参考后端,src/aether_agent_memory/remember/basic/sqlite_p2.py,True,3800,3800,拟整文件删除；本次清单确认后实施,仅 SQLiteP2 可写对象替身；现行 Azure 使用 CephObjects/P2 接口。,退出可写 SQLite/本地替身和隐式回退；本机现部署的 Azure PG/Ceph/Redis/Milvus/native 绑定继续保留。,见限定调整清单和逐文件测试迁移表,be4890b4cf696468fae99a54f2b8bf10559a26926929789364e56e4397b4fa03,RememberFactory 必须显式注入对象 provider；迁移 routes.py 的本地类型判断，测试使用真实 Ceph 或明确的故障注入。
E:/projects/codex/aether/AgentJYS-main/src/aether_agent_memory/operate/basic/executor.py,EXIT-005,S06_退出可写参考后端,src/aether_agent_memory/operate/basic/executor.py,True,18888,22029,拟整文件删除；本次清单确认后实施,LocalCacheExecutor 使用本地目录和 SQLite；CacheCapacityError 为真实 Redis 共用类型。,退出可写 SQLite/本地替身和隐式回退；本机现部署的 Azure PG/Ceph/Redis/Milvus/native 绑定继续保留。,见限定调整清单和逐文件测试迁移表,b48e21842064b011f293d4702f3957603d4cea7a006605ae9ad25ea5576a9460,CacheCapacityError 移至保留的 operate/basic/cache_port.py；ThreeFlows 必须显式注入缓存执行器；真实 Redis 门禁保留。
E:/projects/codex/aether/AgentJYS-main/src/aether_agent_memory/recall/basic/generation_search.py,EXIT-006,S06_退出可写参考后端,src/aether_agent_memory/recall/basic/generation_search.py,True,5837,5715,拟整文件删除；本次清单确认后实施,只有 SQLiteGenerationSearch 参考扫描；现行 Azure 的 generation search 为真实 Milvus。,退出可写 SQLite/本地替身和隐式回退；本机现部署的 Azure PG/Ceph/Redis/Milvus/native 绑定继续保留。,见限定调整清单和逐文件测试迁移表,f83e541aea90b0adc29493678b32878969ab706a6d09259a11361e082c972daa,ThreeFlows.enable_generation_recall 必须有显式 search provider；分页、来源隔离、预算断言迁到真实 Milvus 用例。
E:/projects/codex/aether/AgentJYS-main/src/aether_agent_memory/recall/basic/adapters.py,EXIT-007,S06_退出可写参考后端,src/aether_agent_memory/recall/basic/adapters.py,True,2137,2137,拟整文件删除；本次清单确认后实施,LexicalEmbedding 是参考编码且带旧导出；部署配置已经要求 native。,退出可写 SQLite/本地替身和隐式回退；本机现部署的 Azure PG/Ceph/Redis/Milvus/native 绑定继续保留。,见限定调整清单和逐文件测试迁移表,56647bd0984582a82821c163517cf64c50fe369e7b37819a90279e76a4e78625,部署 ThreeFlows/RememberFactory 不再默认 lexical；契约测试所需确定性向量只在 tests 的受控夹具中，真实业务验收必须真实 BGE。
E:/projects/codex/aether/AgentJYS-main/benchmarks/p3/__init__.py,EXIT-008,S05_旧部署与手工入口,benchmarks/p3/__init__.py,True,90,90,拟整文件删除；本次清单确认后实施,已核对：本组只供退休 B1 Sidecar / B2 compressor / MockWorking 和旧 server acceptance 调用；common/__init__ 在其退出后没有现行消费者。,旧吞吐/数据集测量入口退出；原合同目标与历史测量资料保留，不能据此宣称当前性能通过。,见限定调整清单和逐文件测试迁移表,0bb6da771ef43003c28b70904bbeb3bd5a01edf523ae68bed04c9fd5870a6760,不删除 benchmarks/b1 独立原生算法、engine、输入数据或已形成报告；以后当前性能门禁另按有效指标执行。
E:/projects/codex/aether/AgentJYS-main/benchmarks/p3/b1_cluster_throughput.py,EXIT-009,S05_旧部署与手工入口,benchmarks/p3/b1_cluster_throughput.py,True,14028,14028,拟整文件删除；本次清单确认后实施,已核对：本组只供退休 B1 Sidecar / B2 compressor / MockWorking 和旧 server acceptance 调用；common/__init__ 在其退出后没有现行消费者。,旧吞吐/数据集测量入口退出；原合同目标与历史测量资料保留，不能据此宣称当前性能通过。,见限定调整清单和逐文件测试迁移表,7a93dac69b74cf30552239c0367eaeeed41463aadeb168b63d7be4497f4c81e0,不删除 benchmarks/b1 独立原生算法、engine、输入数据或已形成报告；以后当前性能门禁另按有效指标执行。
E:/projects/codex/aether/AgentJYS-main/benchmarks/p3/b1_throughput.py,EXIT-010,S05_旧部署与手工入口,benchmarks/p3/b1_throughput.py,True,22203,22203,拟整文件删除；本次清单确认后实施,已核对：本组只供退休 B1 Sidecar / B2 compressor / MockWorking 和旧 server acceptance 调用；common/__init__ 在其退出后没有现行消费者。,旧吞吐/数据集测量入口退出；原合同目标与历史测量资料保留，不能据此宣称当前性能通过。,见限定调整清单和逐文件测试迁移表,415c138226b8442521df8f27b4a5741f49a1b967dbb18ef0c1477b72bd7c7137,不删除 benchmarks/b1 独立原生算法、engine、输入数据或已形成报告；以后当前性能门禁另按有效指标执行。
E:/projects/codex/aether/AgentJYS-main/benchmarks/p3/b2_compression.py,EXIT-011,S05_旧部署与手工入口,benchmarks/p3/b2_compression.py,True,7203,7203,拟整文件删除；本次清单确认后实施,已核对：本组只供退休 B1 Sidecar / B2 compressor / MockWorking 和旧 server acceptance 调用；common/__init__ 在其退出后没有现行消费者。,旧吞吐/数据集测量入口退出；原合同目标与历史测量资料保留，不能据此宣称当前性能通过。,见限定调整清单和逐文件测试迁移表,882ecc1911fe3df4e4a2d9a98d09cd3ccab7428071f45a2f766e8ac87b9e0e01,不删除 benchmarks/b1 独立原生算法、engine、输入数据或已形成报告；以后当前性能门禁另按有效指标执行。
E:/projects/codex/aether/AgentJYS-main/benchmarks/p3/b2_compression_dataset.py,EXIT-012,S05_旧部署与手工入口,benchmarks/p3/b2_compression_dataset.py,True,7466,7466,拟整文件删除；本次清单确认后实施,已核对：本组只供退休 B1 Sidecar / B2 compressor / MockWorking 和旧 server acceptance 调用；common/__init__ 在其退出后没有现行消费者。,旧吞吐/数据集测量入口退出；原合同目标与历史测量资料保留，不能据此宣称当前性能通过。,见限定调整清单和逐文件测试迁移表,571c42183b5a2a23006078aaffae5d61afad301f0545514bd0a1d1d00e878fc0,不删除 benchmarks/b1 独立原生算法、engine、输入数据或已形成报告；以后当前性能门禁另按有效指标执行。
E:/projects/codex/aether/AgentJYS-main/benchmarks/p3/b2_working_latency.py,EXIT-013,S05_旧部署与手工入口,benchmarks/p3/b2_working_latency.py,True,7261,7261,拟整文件删除；本次清单确认后实施,已核对：本组只供退休 B1 Sidecar / B2 compressor / MockWorking 和旧 server acceptance 调用；common/__init__ 在其退出后没有现行消费者。,旧吞吐/数据集测量入口退出；原合同目标与历史测量资料保留，不能据此宣称当前性能通过。,见限定调整清单和逐文件测试迁移表,67c615ad90b318e61c8a8a06d53fb1527301e86aaf3e0ab764156a9e385ceeda,不删除 benchmarks/b1 独立原生算法、engine、输入数据或已形成报告；以后当前性能门禁另按有效指标执行。
E:/projects/codex/aether/AgentJYS-main/benchmarks/p3/common.py,EXIT-014,S05_旧部署与手工入口,benchmarks/p3/common.py,True,8179,8179,拟整文件删除；本次清单确认后实施,已核对：本组只供退休 B1 Sidecar / B2 compressor / MockWorking 和旧 server acceptance 调用；common/__init__ 在其退出后没有现行消费者。,旧吞吐/数据集测量入口退出；原合同目标与历史测量资料保留，不能据此宣称当前性能通过。,见限定调整清单和逐文件测试迁移表,dc68db3df4ab759f667474dfad5ed9b55e0d78ad3a98cba0b672da57e45177e7,不删除 benchmarks/b1 独立原生算法、engine、输入数据或已形成报告；以后当前性能门禁另按有效指标执行。
