absolute_target,path,decision,basis,deletion_or_migration_impact,home_present,active_present,home_sha256,required_version_sync
E:/projects/codex/aether/AgentJYS-main/.github/PULL_REQUEST_TEMPLATE.md,.github/PULL_REQUEST_TEMPLATE.md,必须保留：当前依赖或暂不退役,源码内说明/架构/安装/历史验收证据；本次未授权删除历史原件。,如仅含旧入口，按清单修引用；不删除用户资料,True,True,9c04189eee02e35476f302b79c19138d3a20efaad80cbbdfc48c816e38179f14,无此309路径差异；实施前仍检查新改动
E:/projects/codex/aether/AgentJYS-main/.github/workflows/ci.yml,.github/workflows/ci.yml,必须保留共享能力；按清单清除废弃成员/引用,Ruff/Mypy/Web/engine检查及现行Temporal/P3有效回归；保留失败/退出状态,旧全量pytest服务容器/本地reference装配入口,True,True,f43b6b61631fe74e6e1e1c07f688c14d4cf6f95b0592d1b834cca7223354a201,参考当前实现做限定合并/清理调整；按限定修改表，不整文件覆盖
E:/projects/codex/aether/AgentJYS-main/.github/workflows/p3-collaboration.yml,.github/workflows/p3-collaboration.yml,必须保留：当前依赖或暂不退役,构建/发布/部署/配置/可复现命令与研究证据；有入口、用途或未结束契约。,如仅含旧入口，按清单修引用；不删除用户资料,True,True,a7e18b767e889f8dfc6439be5f9d1fa175282c2e0d8d88f5a347306541783fbf,无此309路径差异；实施前仍检查新改动
E:/projects/codex/aether/AgentJYS-main/.github/workflows/p3-contracts.yml,.github/workflows/p3-contracts.yml,必须保留：当前依赖或暂不退役,构建/发布/部署/配置/可复现命令与研究证据；有入口、用途或未结束契约。,如仅含旧入口，按清单修引用；不删除用户资料,True,True,48a4038e0bc9b4223a2ff83d8b97115755f1458e793f449be9d57d84fdd55279,无此309路径差异；实施前仍检查新改动
E:/projects/codex/aether/AgentJYS-main/.github/workflows/p3-flows.yml,.github/workflows/p3-flows.yml,必须保留共享能力；按清单清除废弃成员/引用,Ruff/Mypy/Web/engine检查及现行Temporal/P3有效回归；保留失败/退出状态,旧全量pytest服务容器/本地reference装配入口,True,True,8dfd7f3a575d3c7e0475ccff8edbe10bcfa04f211d52ca48a16f3092b25a5812,参考当前实现做限定合并/清理调整；按限定修改表，不整文件覆盖
E:/projects/codex/aether/AgentJYS-main/.github/workflows/p3-foundation.yml,.github/workflows/p3-foundation.yml,必须保留：当前依赖或暂不退役,构建/发布/部署/配置/可复现命令与研究证据；有入口、用途或未结束契约。,如仅含旧入口，按清单修引用；不删除用户资料,True,True,ecae0d8ef13f8fb63023e9e0ba81864310b927f10efff4891fe2c14cf348c884,无此309路径差异；实施前仍检查新改动
E:/projects/codex/aether/AgentJYS-main/.github/workflows/p3-native.yml,.github/workflows/p3-native.yml,必须保留：当前依赖或暂不退役,构建/发布/部署/配置/可复现命令与研究证据；有入口、用途或未结束契约。,如仅含旧入口，按清单修引用；不删除用户资料,True,True,a9e8679eed1aa61f3541d64addc9a773c63fe3b007ee3b8b4bd3cfc05d377c2a,无此309路径差异；实施前仍检查新改动
E:/projects/codex/aether/AgentJYS-main/.github/workflows/p3-temporal.yml,.github/workflows/p3-temporal.yml,必须保留共享能力；按清单清除废弃成员/引用,Ruff/Mypy/Web/engine检查及现行Temporal/P3有效回归；保留失败/退出状态,旧全量pytest服务容器/本地reference装配入口,True,True,d29029d2e4091b144a35ba1122ea11b4dcfbddd7f1dafe444faa5ab914d4b0c6,参考当前实现做限定合并/清理调整；按限定修改表，不整文件覆盖
E:/projects/codex/aether/AgentJYS-main/Dockerfile,Dockerfile,需要确认：清单内整文件退役,本文件仅服务于已退役app/Celery/Sidecar/演示流程；现行Dockerfile.p3、Compose、deploy和验证工具保留。,旧部署/演示/安装指令退出；README与Makefile只指向保留的统一服务及Azure步骤。,True,True,647283b3b4bf9f07a0ba52628015ccedc6e2497a7f6ba95707c46a51a74688a6,无此309路径差异；实施前仍检查新改动
E:/projects/codex/aether/AgentJYS-main/Dockerfile.p3,Dockerfile.p3,必须保留：当前依赖或暂不退役,构建/发布/部署/配置/可复现命令与研究证据；有入口、用途或未结束契约。,如仅含旧入口，按清单修引用；不删除用户资料,True,True,caa911e2e4bf8d4a16cc6f15e6a8c8096500368475ca9a8c549a69f958afd6f7,纳入当前运行/Azure必需差异；实施前hash复核与限定同步
E:/projects/codex/aether/AgentJYS-main/Makefile,Makefile,必须保留共享能力；按清单清除废弃成员/引用,proto/engine和当前P3构建；测试入口派发AKS正式门禁,旧demo/demo-tui/up/dashboard/down默认compose入口,True,True,0e62e0d4777df05baf3f10f634246c10a4039fc58081a4e0b46e4c99853b15fb,无此309路径差异；实施前仍检查新改动
E:/projects/codex/aether/AgentJYS-main/README.md,README.md,必须保留共享能力；按清单清除废弃成员/引用,当前源码说明、本机/Azure配置分界、数据库迁移/恢复、有效接口合同链接,旧app/Celery/Sidecar/旧compose有效入口,True,True,268abbe13424ba1e9720371c82b5b88019f43452472cf2311f29b8d07c48a42c,参考当前实现做限定合并/清理调整；按限定修改表，不整文件覆盖
E:/projects/codex/aether/AgentJYS-main/benchmarks/b1/numpy_single_core.py,benchmarks/b1/numpy_single_core.py,必须保留：当前依赖或暂不退役,构建/发布/部署/配置/可复现命令与研究证据；有入口、用途或未结束契约。,如仅含旧入口，按清单修引用；不删除用户资料,True,True,6291350ec608c609ea78148f8a54446919b16b5f8fcbf03aa43402df09fb41ef,无此309路径差异；实施前仍检查新改动
E:/projects/codex/aether/AgentJYS-main/benchmarks/b1/rust_matmul/Cargo.lock,benchmarks/b1/rust_matmul/Cargo.lock,必须保留：当前依赖或暂不退役,构建/发布/部署/配置/可复现命令与研究证据；有入口、用途或未结束契约。,如仅含旧入口，按清单修引用；不删除用户资料,True,True,32b1c77de0e68a617578699024751a8006651e7ef7a1630f631e988a5892c985,无此309路径差异；实施前仍检查新改动
E:/projects/codex/aether/AgentJYS-main/benchmarks/b1/rust_matmul/Cargo.toml,benchmarks/b1/rust_matmul/Cargo.toml,必须保留：当前依赖或暂不退役,构建/发布/部署/配置/可复现命令与研究证据；有入口、用途或未结束契约。,如仅含旧入口，按清单修引用；不删除用户资料,True,True,27df36ce4ec568fb7656ed569bac30e1b073907cbccd883506e357fee7eae1e5,无此309路径差异；实施前仍检查新改动
E:/projects/codex/aether/AgentJYS-main/benchmarks/b1/rust_matmul/src/main.rs,benchmarks/b1/rust_matmul/src/main.rs,必须保留：当前依赖或暂不退役,构建/发布/部署/配置/可复现命令与研究证据；有入口、用途或未结束契约。,如仅含旧入口，按清单修引用；不删除用户资料,True,True,4eded16bab5022958f2466f8a9adaff091f0b0b192c2961c18876e99d831652b,无此309路径差异；实施前仍检查新改动
E:/projects/codex/aether/AgentJYS-main/benchmarks/b1/sidecar_benchmark.py,benchmarks/b1/sidecar_benchmark.py,必须保留：当前依赖或暂不退役,构建/发布/部署/配置/可复现命令与研究证据；有入口、用途或未结束契约。,如仅含旧入口，按清单修引用；不删除用户资料,True,True,6bceb2a0ae24b09cfc58dcdef0cec2e3c4838a554efaf290ba78dd603979a702,无此309路径差异；实施前仍检查新改动
E:/projects/codex/aether/AgentJYS-main/benchmarks/p3/__init__.py,benchmarks/p3/__init__.py,需要确认：清单内整文件退役,已核对：本组只供退休 B1 Sidecar / B2 compressor / MockWorking 和旧 server acceptance 调用；common/__init__ 在其退出后没有现行消费者。,旧吞吐/数据集测量入口退出；原合同目标与历史测量资料保留，不能据此宣称当前性能通过。,True,True,0bb6da771ef43003c28b70904bbeb3bd5a01edf523ae68bed04c9fd5870a6760,无此309路径差异；实施前仍检查新改动
E:/projects/codex/aether/AgentJYS-main/benchmarks/p3/b1_cluster_throughput.py,benchmarks/p3/b1_cluster_throughput.py,需要确认：清单内整文件退役,已核对：本组只供退休 B1 Sidecar / B2 compressor / MockWorking 和旧 server acceptance 调用；common/__init__ 在其退出后没有现行消费者。,旧吞吐/数据集测量入口退出；原合同目标与历史测量资料保留，不能据此宣称当前性能通过。,True,True,7a93dac69b74cf30552239c0367eaeeed41463aadeb168b63d7be4497f4c81e0,无此309路径差异；实施前仍检查新改动
E:/projects/codex/aether/AgentJYS-main/benchmarks/p3/b1_throughput.py,benchmarks/p3/b1_throughput.py,需要确认：清单内整文件退役,已核对：本组只供退休 B1 Sidecar / B2 compressor / MockWorking 和旧 server acceptance 调用；common/__init__ 在其退出后没有现行消费者。,旧吞吐/数据集测量入口退出；原合同目标与历史测量资料保留，不能据此宣称当前性能通过。,True,True,415c138226b8442521df8f27b4a5741f49a1b967dbb18ef0c1477b72bd7c7137,无此309路径差异；实施前仍检查新改动
E:/projects/codex/aether/AgentJYS-main/benchmarks/p3/b2_compression.py,benchmarks/p3/b2_compression.py,需要确认：清单内整文件退役,已核对：本组只供退休 B1 Sidecar / B2 compressor / MockWorking 和旧 server acceptance 调用；common/__init__ 在其退出后没有现行消费者。,旧吞吐/数据集测量入口退出；原合同目标与历史测量资料保留，不能据此宣称当前性能通过。,True,True,882ecc1911fe3df4e4a2d9a98d09cd3ccab7428071f45a2f766e8ac87b9e0e01,无此309路径差异；实施前仍检查新改动
E:/projects/codex/aether/AgentJYS-main/benchmarks/p3/b2_compression_dataset.py,benchmarks/p3/b2_compression_dataset.py,需要确认：清单内整文件退役,已核对：本组只供退休 B1 Sidecar / B2 compressor / MockWorking 和旧 server acceptance 调用；common/__init__ 在其退出后没有现行消费者。,旧吞吐/数据集测量入口退出；原合同目标与历史测量资料保留，不能据此宣称当前性能通过。,True,True,571c42183b5a2a23006078aaffae5d61afad301f0545514bd0a1d1d00e878fc0,无此309路径差异；实施前仍检查新改动
E:/projects/codex/aether/AgentJYS-main/benchmarks/p3/b2_working_latency.py,benchmarks/p3/b2_working_latency.py,需要确认：清单内整文件退役,已核对：本组只供退休 B1 Sidecar / B2 compressor / MockWorking 和旧 server acceptance 调用；common/__init__ 在其退出后没有现行消费者。,旧吞吐/数据集测量入口退出；原合同目标与历史测量资料保留，不能据此宣称当前性能通过。,True,True,67c615ad90b318e61c8a8a06d53fb1527301e86aaf3e0ab764156a9e385ceeda,无此309路径差异；实施前仍检查新改动
E:/projects/codex/aether/AgentJYS-main/benchmarks/p3/common.py,benchmarks/p3/common.py,需要确认：清单内整文件退役,已核对：本组只供退休 B1 Sidecar / B2 compressor / MockWorking 和旧 server acceptance 调用；common/__init__ 在其退出后没有现行消费者。,旧吞吐/数据集测量入口退出；原合同目标与历史测量资料保留，不能据此宣称当前性能通过。,True,True,dc68db3df4ab759f667474dfad5ed9b55e0d78ad3a98cba0b672da57e45177e7,无此309路径差异；实施前仍检查新改动
E:/projects/codex/aether/AgentJYS-main/compose.b1-openvino.yaml,compose.b1-openvino.yaml,需要确认：清单内整文件退役,本文件仅服务于已退役app/Celery/Sidecar/演示流程；现行Dockerfile.p3、Compose、deploy和验证工具保留。,旧部署/演示/安装指令退出；README与Makefile只指向保留的统一服务及Azure步骤。,False,True,,废弃项不从参考来源导入；目标现有文件按删除清单处理
E:/projects/codex/aether/AgentJYS-main/compose.p3.yaml,compose.p3.yaml,必须保留共享能力；按清单清除废弃成员/引用,P3/Web/current P2 engine所需模板；已存在运行volume完全不操作,现行模板内temporal-dev参考SQLite service/profile及其新建参考volume声明,True,True,142f7b511d75e2705fd3a22cb8ea7a71f8a350845469fccab694b551b1133ddc,参考当前实现做限定合并/清理调整；按限定修改表，不整文件覆盖
E:/projects/codex/aether/AgentJYS-main/compose.p4-demo.yaml,compose.p4-demo.yaml,必须保留：当前依赖或暂不退役,构建/发布/部署/配置/可复现命令与研究证据；有入口、用途或未结束契约。,如仅含旧入口，按清单修引用；不删除用户资料,False,True,,纳入当前运行/Azure必需差异；实施前hash复核与限定同步
E:/projects/codex/aether/AgentJYS-main/compose.production.yaml,compose.production.yaml,必须保留共享能力；按清单清除废弃成员/引用,standalone统一服务、secret注入、只读deployment和digest约束,仅清除旧根compose评论引用,True,True,55b1a3095407bd64a2101927f71cee57e7dbc4ce6aab5621007b9040d409a03d,参考当前实现做限定合并/清理调整；按限定修改表，不整文件覆盖
E:/projects/codex/aether/AgentJYS-main/compose.yaml,compose.yaml,需要确认：清单内整文件退役,本文件仅服务于已退役app/Celery/Sidecar/演示流程；现行Dockerfile.p3、Compose、deploy和验证工具保留。,旧部署/演示/安装指令退出；README与Makefile只指向保留的统一服务及Azure步骤。,True,True,2c86ab3f44d4dcaee1913d3b5c9660c49f0d2ec61207cb0591544caced254cbd,无此309路径差异；实施前仍检查新改动
E:/projects/codex/aether/AgentJYS-main/configs/default.toml,configs/default.toml,需要确认：清单内整文件退役,本文件仅服务于已退役app/Celery/Sidecar/演示流程；现行Dockerfile.p3、Compose、deploy和验证工具保留。,旧部署/演示/安装指令退出；README与Makefile只指向保留的统一服务及Azure步骤。,True,True,c9b1b0e9dbd7742eaf7aaaf5e0cdc0f22aa2eba48d376dd2635093c18e279df3,无此309路径差异；实施前仍检查新改动
E:/projects/codex/aether/AgentJYS-main/configs/docker.toml,configs/docker.toml,需要确认：清单内整文件退役,本文件仅服务于已退役app/Celery/Sidecar/演示流程；现行Dockerfile.p3、Compose、deploy和验证工具保留。,旧部署/演示/安装指令退出；README与Makefile只指向保留的统一服务及Azure步骤。,True,True,e140e7e61169465e1e79cf635144108a61be775408b9b365a415366eb1da7e3f,无此309路径差异；实施前仍检查新改动
E:/projects/codex/aether/AgentJYS-main/configs/embedding.azure.example.json,configs/embedding.azure.example.json,必须保留：当前依赖或暂不退役,构建/发布/部署/配置/可复现命令与研究证据；有入口、用途或未结束契约。,如仅含旧入口，按清单修引用；不删除用户资料,False,True,,纳入当前运行/Azure必需差异；实施前hash复核与限定同步
E:/projects/codex/aether/AgentJYS-main/configs/identities.jwt.example.yaml,configs/identities.jwt.example.yaml,必须保留：当前依赖或暂不退役,构建/发布/部署/配置/可复现命令与研究证据；有入口、用途或未结束契约。,如仅含旧入口，按清单修引用；不删除用户资料,True,True,d007642e108fe08985f9619e4029b28baca4654f08d5716bdb6e88b2a700c71d,无此309路径差异；实施前仍检查新改动
E:/projects/codex/aether/AgentJYS-main/configs/identities.keycloak-organizations.example.yaml,configs/identities.keycloak-organizations.example.yaml,必须保留：当前依赖或暂不退役,构建/发布/部署/配置/可复现命令与研究证据；有入口、用途或未结束契约。,如仅含旧入口，按清单修引用；不删除用户资料,True,True,c167471c3c555e7bc02aebda38a29dff73948ef6fed1a05d33be91bc6a1373c9,无此309路径差异；实施前仍检查新改动
E:/projects/codex/aether/AgentJYS-main/configs/p3.azure.example.yaml,configs/p3.azure.example.yaml,必须保留：当前依赖或暂不退役,构建/发布/部署/配置/可复现命令与研究证据；有入口、用途或未结束契约。,如仅含旧入口，按清单修引用；不删除用户资料,False,True,,纳入当前运行/Azure必需差异；实施前hash复核与限定同步
E:/projects/codex/aether/AgentJYS-main/configs/p3.development.example.yaml,configs/p3.development.example.yaml,必须保留：当前依赖或暂不退役,构建/发布/部署/配置/可复现命令与研究证据；有入口、用途或未结束契约。,如仅含旧入口，按清单修引用；不删除用户资料,False,True,,纳入当前运行/Azure必需差异；实施前hash复核与限定同步
E:/projects/codex/aether/AgentJYS-main/configs/p3.postgres.example.yaml,configs/p3.postgres.example.yaml,必须保留：当前依赖或暂不退役,active 是四行 retired sentinel；home 仍有旧配置内容。,如仅含旧入口，按清单修引用；不删除用户资料,True,True,741a134bbf84af866f80617202f6ccc8fca5466b6fb830d2eb120b579d333ca4,纳入当前运行/Azure必需差异；实施前hash复核与限定同步
E:/projects/codex/aether/AgentJYS-main/configs/p3.production.example.yaml,configs/p3.production.example.yaml,必须保留：当前依赖或暂不退役,构建/发布/部署/配置/可复现命令与研究证据；有入口、用途或未结束契约。,如仅含旧入口，按清单修引用；不删除用户资料,True,True,a929940317d67739688aa52c46981c86f8d14b95b33f0c6c0d0dd6309ce7180e,纳入当前运行/Azure必需差异；实施前hash复核与限定同步
E:/projects/codex/aether/AgentJYS-main/configs/p3.staging.example.yaml,configs/p3.staging.example.yaml,必须保留：当前依赖或暂不退役,构建/发布/部署/配置/可复现命令与研究证据；有入口、用途或未结束契约。,如仅含旧入口，按清单修引用；不删除用户资料,False,True,,纳入当前运行/Azure必需差异；实施前hash复核与限定同步
E:/projects/codex/aether/AgentJYS-main/configs/p3.temporal.example.yaml,configs/p3.temporal.example.yaml,必须保留：当前依赖或暂不退役,构建/发布/部署/配置/可复现命令与研究证据；有入口、用途或未结束契约。,如仅含旧入口，按清单修引用；不删除用户资料,True,True,7eb8a796d67ef171e6bdff45efdc0b56c6d9cb792ac585b86dd6764eb0e1545b,纳入当前运行/Azure必需差异；实施前hash复核与限定同步
E:/projects/codex/aether/AgentJYS-main/configs/p3.test.example.yaml,configs/p3.test.example.yaml,必须保留：当前依赖或暂不退役,构建/发布/部署/配置/可复现命令与研究证据；有入口、用途或未结束契约。,如仅含旧入口，按清单修引用；不删除用户资料,False,True,,纳入当前运行/Azure必需差异；实施前hash复核与限定同步
E:/projects/codex/aether/AgentJYS-main/configs/recall.azure.json,configs/recall.azure.json,必须保留：当前依赖或暂不退役,构建/发布/部署/配置/可复现命令与研究证据；有入口、用途或未结束契约。,如仅含旧入口，按清单修引用；不删除用户资料,False,True,,纳入当前运行/Azure必需差异；实施前hash复核与限定同步
E:/projects/codex/aether/AgentJYS-main/configs/recall.local.json,configs/recall.local.json,必须保留：当前依赖或暂不退役,构建/发布/部署/配置/可复现命令与研究证据；有入口、用途或未结束契约。,如仅含旧入口，按清单修引用；不删除用户资料,True,True,a613d5ada22e836257ce8ed98de57b367cfde013ee15176f5510354e1fbfd524,无此309路径差异；实施前仍检查新改动
E:/projects/codex/aether/AgentJYS-main/configs/recall.milvus-lite.json,configs/recall.milvus-lite.json,必须保留：当前依赖或暂不退役,构建/发布/部署/配置/可复现命令与研究证据；有入口、用途或未结束契约。,如仅含旧入口，按清单修引用；不删除用户资料,True,True,dda55d1ebec8e22acfe2547aa00d68da2d2356971b12362b617035db4e5f5b5f,无此309路径差异；实施前仍检查新改动
E:/projects/codex/aether/AgentJYS-main/configs/recall.milvus.json,configs/recall.milvus.json,必须保留：当前依赖或暂不退役,构建/发布/部署/配置/可复现命令与研究证据；有入口、用途或未结束契约。,如仅含旧入口，按清单修引用；不删除用户资料,True,True,8aa1460969d423cdcb62e8d7e61c019cae4f650bc29cfb3490a627c688a6fe14,纳入当前运行/Azure必需差异；实施前hash复核与限定同步
E:/projects/codex/aether/AgentJYS-main/configs/recall.p2.json,configs/recall.p2.json,必须保留：当前依赖或暂不退役,构建/发布/部署/配置/可复现命令与研究证据；有入口、用途或未结束契约。,如仅含旧入口，按清单修引用；不删除用户资料,False,True,,纳入当前运行/Azure必需差异；实施前hash复核与限定同步
E:/projects/codex/aether/AgentJYS-main/configs/recall.rerank.local.json,configs/recall.rerank.local.json,必须保留：当前依赖或暂不退役,构建/发布/部署/配置/可复现命令与研究证据；有入口、用途或未结束契约。,如仅含旧入口，按清单修引用；不删除用户资料,True,True,6a0f38c2e183a8e43444671dd09193e31a510444bacf2dfd55df16dc89b0b006,无此309路径差异；实施前仍检查新改动
E:/projects/codex/aether/AgentJYS-main/deploy/azure/initialize-temporal.sh,deploy/azure/initialize-temporal.sh,必须保留：当前依赖或暂不退役,构建/发布/部署/配置/可复现命令与研究证据；有入口、用途或未结束契约。,如仅含旧入口，按清单修引用；不删除用户资料,False,True,,纳入当前运行/Azure必需差异；实施前hash复核与限定同步
E:/projects/codex/aether/AgentJYS-main/deploy/azure/temporal-schema-job.yaml,deploy/azure/temporal-schema-job.yaml,必须保留：当前依赖或暂不退役,构建/发布/部署/配置/可复现命令与研究证据；有入口、用途或未结束契约。,如仅含旧入口，按清单修引用；不删除用户资料,False,True,,纳入当前运行/Azure必需差异；实施前hash复核与限定同步
E:/projects/codex/aether/AgentJYS-main/deploy/azure/temporal.yaml,deploy/azure/temporal.yaml,必须保留：当前依赖或暂不退役,构建/发布/部署/配置/可复现命令与研究证据；有入口、用途或未结束契约。,如仅含旧入口，按清单修引用；不删除用户资料,False,True,,纳入当前运行/Azure必需差异；实施前hash复核与限定同步
E:/projects/codex/aether/AgentJYS-main/deploy/vm/Caddyfile,deploy/vm/Caddyfile,必须保留：当前依赖或暂不退役,构建/发布/部署/配置/可复现命令与研究证据；有入口、用途或未结束契约。,如仅含旧入口，按清单修引用；不删除用户资料,False,True,,纳入当前运行/Azure必需差异；实施前hash复核与限定同步
E:/projects/codex/aether/AgentJYS-main/deploy/vm/Dockerfile.temporal,deploy/vm/Dockerfile.temporal,必须保留：当前依赖或暂不退役,构建/发布/部署/配置/可复现命令与研究证据；有入口、用途或未结束契约。,如仅含旧入口，按清单修引用；不删除用户资料,False,True,,纳入当前运行/Azure必需差异；实施前hash复核与限定同步
E:/projects/codex/aether/AgentJYS-main/deploy/vm/activate-release.sh,deploy/vm/activate-release.sh,必须保留：当前依赖或暂不退役,构建/发布/部署/配置/可复现命令与研究证据；有入口、用途或未结束契约。,如仅含旧入口，按清单修引用；不删除用户资料,False,True,,纳入当前运行/Azure必需差异；实施前hash复核与限定同步
E:/projects/codex/aether/AgentJYS-main/deploy/vm/compose.yaml,deploy/vm/compose.yaml,必须保留：当前依赖或暂不退役,构建/发布/部署/配置/可复现命令与研究证据；有入口、用途或未结束契约。,如仅含旧入口，按清单修引用；不删除用户资料,False,True,,纳入当前运行/Azure必需差异；实施前hash复核与限定同步
E:/projects/codex/aether/AgentJYS-main/deploy/vm/install-release.sh,deploy/vm/install-release.sh,必须保留：当前依赖或暂不退役,构建/发布/部署/配置/可复现命令与研究证据；有入口、用途或未结束契约。,如仅含旧入口，按清单修引用；不删除用户资料,False,True,,纳入当前运行/Azure必需差异；实施前hash复核与限定同步
E:/projects/codex/aether/AgentJYS-main/pyproject.toml,pyproject.toml,必须保留共享能力；按清单清除废弃成员/引用,Python3.13、Temporal SDK pin、真实PG/Redis/Milvus/Ceph、native模型、dev工具,celery与退休aether-workers/b1-sidecar/dashboard/install/dataset scripts、仅旧工具使用的extras,True,True,ddd968a283947d74999020af6ae4a62cb79f40f12928cd2fa5fbf219fe5869d6,无此309路径差异；实施前仍检查新改动
E:/projects/codex/aether/AgentJYS-main/scripts/__init__.py,scripts/__init__.py,必须保留：当前依赖或暂不退役,兼容入口、动态导出、测试或保留脚本消费；不满足孤立闭包删除条件。,如仅含旧入口，按清单修引用；不删除用户资料,True,True,a42d43ac8088cb1e8efb3969cf0bb489c8f3b821630812fd159b39e5b373eb48,无此309路径差异；实施前仍检查新改动
E:/projects/codex/aether/AgentJYS-main/scripts/b2_async_demo.py,scripts/b2_async_demo.py,需要确认：清单内整文件退役,本文件仅服务于已退役app/Celery/Sidecar/演示流程；现行Dockerfile.p3、Compose、deploy和验证工具保留。,旧部署/演示/安装指令退出；README与Makefile只指向保留的统一服务及Azure步骤。,True,True,69e6b04cb3394e4cf5ffc60221f3e4a429ad3f966dd46ffeaba630785aa5e7ef,无此309路径差异；实施前仍检查新改动
E:/projects/codex/aether/AgentJYS-main/scripts/benchmark_b2_only.py,scripts/benchmark_b2_only.py,需要确认：清单内整文件退役,本文件仅服务于已退役app/Celery/Sidecar/演示流程；现行Dockerfile.p3、Compose、deploy和验证工具保留。,旧部署/演示/安装指令退出；README与Makefile只指向保留的统一服务及Azure步骤。,True,True,2cc365be7d4723eadae321f7aa6af9a57af40bb30d1a24020757661be1162cac,无此309路径差异；实施前仍检查新改动
E:/projects/codex/aether/AgentJYS-main/scripts/benchmark_dataset_p99.py,scripts/benchmark_dataset_p99.py,需要确认：清单内整文件退役,本文件仅服务于已退役app/Celery/Sidecar/演示流程；现行Dockerfile.p3、Compose、deploy和验证工具保留。,旧部署/演示/安装指令退出；README与Makefile只指向保留的统一服务及Azure步骤。,True,True,e63f3f971fd28154803abfdc3faed05fdc9bad12e15cef91552f3756f72d29fd,无此309路径差异；实施前仍检查新改动
E:/projects/codex/aether/AgentJYS-main/scripts/benchmark_redis_p99.py,scripts/benchmark_redis_p99.py,需要确认：清单内整文件退役,本文件仅服务于已退役app/Celery/Sidecar/演示流程；现行Dockerfile.p3、Compose、deploy和验证工具保留。,旧部署/演示/安装指令退出；README与Makefile只指向保留的统一服务及Azure步骤。,True,True,a2c626fffbd5f09dba189882400214c19dc7283ddd82371e3c72e993947035fb,无此309路径差异；实施前仍检查新改动
E:/projects/codex/aether/AgentJYS-main/scripts/dashboard_page.py,scripts/dashboard_page.py,需要确认：清单内整文件退役,本文件仅服务于已退役app/Celery/Sidecar/演示流程；现行Dockerfile.p3、Compose、deploy和验证工具保留。,旧部署/演示/安装指令退出；README与Makefile只指向保留的统一服务及Azure步骤。,True,True,d3c3ecfb7c12bf5c1690f8c3da153e498095a688792fe1c4d1e610b6a2683904,无此309路径差异；实施前仍检查新改动
E:/projects/codex/aether/AgentJYS-main/scripts/dev.ps1,scripts/dev.ps1,需要确认：清单内整文件退役,本文件仅服务于已退役app/Celery/Sidecar/演示流程；现行Dockerfile.p3、Compose、deploy和验证工具保留。,旧部署/演示/安装指令退出；README与Makefile只指向保留的统一服务及Azure步骤。,True,True,bf09a846feea9b6c68ad7ee6897e34684054c2c8c45a5b02b9cf9319bf8e15af,无此309路径差异；实施前仍检查新改动
E:/projects/codex/aether/AgentJYS-main/scripts/generate_proto.py,scripts/generate_proto.py,必须保留：当前依赖或暂不退役,兼容入口、动态导出、测试或保留脚本消费；不满足孤立闭包删除条件。,如仅含旧入口，按清单修引用；不删除用户资料,True,True,eb333d2013b4420ea01287f7faf5716566050fa0b4921856bc228b7a34375fa9,无此309路径差异；实施前仍检查新改动
E:/projects/codex/aether/AgentJYS-main/scripts/install_b1.ps1,scripts/install_b1.ps1,需要确认：清单内整文件退役,本文件仅服务于已退役app/Celery/Sidecar/演示流程；现行Dockerfile.p3、Compose、deploy和验证工具保留。,旧部署/演示/安装指令退出；README与Makefile只指向保留的统一服务及Azure步骤。,True,True,937489702f3a73c344c35f2cb981ca90ead07216d2ad69333b975d8f897106b5,无此309路径差异；实施前仍检查新改动
E:/projects/codex/aether/AgentJYS-main/scripts/p3/catalog.py,scripts/p3/catalog.py,必须保留：当前依赖或暂不退役,兼容入口、动态导出、测试或保留脚本消费；不满足孤立闭包删除条件。,如仅含旧入口，按清单修引用；不删除用户资料,True,True,7f732fb33fce6bdd6d030d572d0791e4b333a28e99ce2089a126caab11568133,无此309路径差异；实施前仍检查新改动
E:/projects/codex/aether/AgentJYS-main/scripts/p3/ci_temporal_gate.py,scripts/p3/ci_temporal_gate.py,必须保留：当前依赖或暂不退役,兼容入口、动态导出、测试或保留脚本消费；不满足孤立闭包删除条件。,如仅含旧入口，按清单修引用；不删除用户资料,True,True,64bbcc5ed3dece8a55f4b4bfa6372558aaafd69104ebddb309c412539b34430f,无此309路径差异；实施前仍检查新改动
E:/projects/codex/aether/AgentJYS-main/scripts/p3/demo_flows.py,scripts/p3/demo_flows.py,必须保留：当前依赖或暂不退役,兼容入口、动态导出、测试或保留脚本消费；不满足孤立闭包删除条件。,如仅含旧入口，按清单修引用；不删除用户资料,True,True,6a790fcc96edb5de8580b46e9eab76ea49156222c1562525c6c9f11828c221b6,纳入当前运行/Azure必需差异；实施前hash复核与限定同步
E:/projects/codex/aether/AgentJYS-main/scripts/p3/demo_foundation.py,scripts/p3/demo_foundation.py,必须保留共享能力；按清单清除废弃成员/引用,有效场景、报告/恢复约束和显式测试入口,验证/demo工具的reference默认装配,True,True,70df40c7a31e893b5486d71d5ab0fcdadf14ced56fc59e235c4d2da672e842b7,无此309路径差异；实施前仍检查新改动
E:/projects/codex/aether/AgentJYS-main/scripts/p3/demo_remember_summary.py,scripts/p3/demo_remember_summary.py,必须保留：当前依赖或暂不退役,兼容入口、动态导出、测试或保留脚本消费；不满足孤立闭包删除条件。,如仅含旧入口，按清单修引用；不删除用户资料,True,True,7303e4a65a50aab6b4dfbe109f641ef4cbfdad84b36fbdf00b67931ffdafd43f,纳入当前运行/Azure必需差异；实施前hash复核与限定同步
E:/projects/codex/aether/AgentJYS-main/scripts/p3/demo_support.py,scripts/p3/demo_support.py,必须保留：当前依赖或暂不退役,兼容入口、动态导出、测试或保留脚本消费；不满足孤立闭包删除条件。,如仅含旧入口，按清单修引用；不删除用户资料,False,True,,纳入当前运行/Azure必需差异；实施前hash复核与限定同步
E:/projects/codex/aether/AgentJYS-main/scripts/p3/dialogue_demo.py,scripts/p3/dialogue_demo.py,必须保留：当前依赖或暂不退役,兼容入口、动态导出、测试或保留脚本消费；不满足孤立闭包删除条件。,如仅含旧入口，按清单修引用；不删除用户资料,True,True,3239eacad7b758cdf798e51d0cf8d623318bbd3b86b80dd486cc8957801e6598,无此309路径差异；实施前仍检查新改动
E:/projects/codex/aether/AgentJYS-main/scripts/p3/event_contract.py,scripts/p3/event_contract.py,必须保留：当前依赖或暂不退役,兼容入口、动态导出、测试或保留脚本消费；不满足孤立闭包删除条件。,如仅含旧入口，按清单修引用；不删除用户资料,True,True,c0d0c8ccc62344127f6823c338e716fd50275793cad9ee0f960a9f561bfb254a,无此309路径差异；实施前仍检查新改动
E:/projects/codex/aether/AgentJYS-main/scripts/p3/generate_schemas.py,scripts/p3/generate_schemas.py,必须保留：当前依赖或暂不退役,兼容入口、动态导出、测试或保留脚本消费；不满足孤立闭包删除条件。,如仅含旧入口，按清单修引用；不删除用户资料,True,True,8379f2ad02ceb4770dd8a755d230e8fc03668ec27a68aa2ffbe021f173215783,无此309路径差异；实施前仍检查新改动
E:/projects/codex/aether/AgentJYS-main/scripts/p3/install_temporal_cli.py,scripts/p3/install_temporal_cli.py,必须保留：当前依赖或暂不退役,兼容入口、动态导出、测试或保留脚本消费；不满足孤立闭包删除条件。,如仅含旧入口，按清单修引用；不删除用户资料,True,True,c49c1abb00f80d894f256b259d445d6a06d85da3e0cee3edfff4dcbec544c8e7,无此309路径差异；实施前仍检查新改动
E:/projects/codex/aether/AgentJYS-main/scripts/p3/keycloak_demo.py,scripts/p3/keycloak_demo.py,必须保留：当前依赖或暂不退役,兼容入口、动态导出、测试或保留脚本消费；不满足孤立闭包删除条件。,如仅含旧入口，按清单修引用；不删除用户资料,True,True,a8bef7077b8bae09efe5fc49991a3a95d2ecb844c00012a7e5b3b2aaadf31975,无此309路径差异；实施前仍检查新改动
E:/projects/codex/aether/AgentJYS-main/scripts/p3/keycloak_organizations_demo.py,scripts/p3/keycloak_organizations_demo.py,必须保留：当前依赖或暂不退役,兼容入口、动态导出、测试或保留脚本消费；不满足孤立闭包删除条件。,如仅含旧入口，按清单修引用；不删除用户资料,True,True,37a2f683c983f9af11f44cf7753da78b772ab46764d4038677dcc0853c040960,无此309路径差异；实施前仍检查新改动
E:/projects/codex/aether/AgentJYS-main/scripts/p3/keycloak_self_service.py,scripts/p3/keycloak_self_service.py,必须保留：当前依赖或暂不退役,兼容入口、动态导出、测试或保留脚本消费；不满足孤立闭包删除条件。,如仅含旧入口，按清单修引用；不删除用户资料,True,True,2a119cc740e78272009701fd03a5686ed571e60452b788265104820109d8a95b,无此309路径差异；实施前仍检查新改动
E:/projects/codex/aether/AgentJYS-main/scripts/p3/migrate_remember_postgres.py,scripts/p3/migrate_remember_postgres.py,必须保留：当前依赖或暂不退役,兼容入口、动态导出、测试或保留脚本消费；不满足孤立闭包删除条件。,如仅含旧入口，按清单修引用；不删除用户资料,True,True,323cffedf77e8c6babe9869f8360a72c486c358dee5a4ae20e172b582b6f31af,无此309路径差异；实施前仍检查新改动
E:/projects/codex/aether/AgentJYS-main/scripts/p3/migrate_temporal.py,scripts/p3/migrate_temporal.py,必须保留：当前依赖或暂不退役,兼容入口、动态导出、测试或保留脚本消费；不满足孤立闭包删除条件。,如仅含旧入口，按清单修引用；不删除用户资料,True,True,af3718b00bfae879998b018d00a63d698f25f20e0ff52f0f6d75516c4cf2cafd,无此309路径差异；实施前仍检查新改动
E:/projects/codex/aether/AgentJYS-main/scripts/p3/monitor_demo.py,scripts/p3/monitor_demo.py,必须保留：当前依赖或暂不退役,兼容入口、动态导出、测试或保留脚本消费；不满足孤立闭包删除条件。,如仅含旧入口，按清单修引用；不删除用户资料,True,True,adf30ced8a79de8f7a93a943ca0cd9f3c8b1a6ea93476f18cefbfc6454a0febc,无此309路径差异；实施前仍检查新改动
E:/projects/codex/aether/AgentJYS-main/scripts/p3/mypy.ini,scripts/p3/mypy.ini,必须保留：当前依赖或暂不退役,构建/发布/部署/配置/可复现命令与研究证据；有入口、用途或未结束契约。,如仅含旧入口，按清单修引用；不删除用户资料,True,True,67aab64ab1bf4963de15469aac90cfe8aad9d9b0f7d45f76e6ec2dcaf72aaada,无此309路径差异；实施前仍检查新改动
E:/projects/codex/aether/AgentJYS-main/scripts/p3/requirements-ci.txt,scripts/p3/requirements-ci.txt,必须保留：当前依赖或暂不退役,构建/发布/部署/配置/可复现命令与研究证据；有入口、用途或未结束契约。,如仅含旧入口，按清单修引用；不删除用户资料,True,True,a72e389603ff164fdd99f55a0f393330a36fb9fcfb7f2be024f353dadc3b5772,无此309路径差异；实施前仍检查新改动
E:/projects/codex/aether/AgentJYS-main/scripts/p3/requirements-collaboration.txt,scripts/p3/requirements-collaboration.txt,必须保留：当前依赖或暂不退役,构建/发布/部署/配置/可复现命令与研究证据；有入口、用途或未结束契约。,如仅含旧入口，按清单修引用；不删除用户资料,True,True,7155f2d3a1579b12455356584a589b5723958ab05cbfb52135be8157e19f17c0,无此309路径差异；实施前仍检查新改动
E:/projects/codex/aether/AgentJYS-main/scripts/p3/requirements-flows.txt,scripts/p3/requirements-flows.txt,必须保留：当前依赖或暂不退役,构建/发布/部署/配置/可复现命令与研究证据；有入口、用途或未结束契约。,如仅含旧入口，按清单修引用；不删除用户资料,True,True,1d85e4513c088b1fea0bbcee86f98d16fcb875a534ec3cd28fc41d357347ffb1,无此309路径差异；实施前仍检查新改动
E:/projects/codex/aether/AgentJYS-main/scripts/p3/requirements-milvus-local.txt,scripts/p3/requirements-milvus-local.txt,必须保留：当前依赖或暂不退役,构建/发布/部署/配置/可复现命令与研究证据；有入口、用途或未结束契约。,如仅含旧入口，按清单修引用；不删除用户资料,True,True,e285444d0f4794f7c14ff2ac4aee32148306a023cd775222b0688f947a6332cf,无此309路径差异；实施前仍检查新改动
E:/projects/codex/aether/AgentJYS-main/scripts/p3/requirements-native.txt,scripts/p3/requirements-native.txt,必须保留：当前依赖或暂不退役,构建/发布/部署/配置/可复现命令与研究证据；有入口、用途或未结束契约。,如仅含旧入口，按清单修引用；不删除用户资料,True,True,6ae7cd49e3407054db808823851c8dc1fa1c6b15753979e31e2d7956e0a092ae,无此309路径差异；实施前仍检查新改动
E:/projects/codex/aether/AgentJYS-main/scripts/p3/requirements-recall.txt,scripts/p3/requirements-recall.txt,必须保留：当前依赖或暂不退役,构建/发布/部署/配置/可复现命令与研究证据；有入口、用途或未结束契约。,如仅含旧入口，按清单修引用；不删除用户资料,True,True,e7c53704e0ec9cd4c8b97493a60b5e47862bce6dc28091ac654f3e7246085943,无此309路径差异；实施前仍检查新改动
E:/projects/codex/aether/AgentJYS-main/scripts/p3/requirements-temporal.txt,scripts/p3/requirements-temporal.txt,必须保留：当前依赖或暂不退役,构建/发布/部署/配置/可复现命令与研究证据；有入口、用途或未结束契约。,如仅含旧入口，按清单修引用；不删除用户资料,True,True,ab209814b0f3aee3f564f9578bc28f986c3f7aa8aa4d9d632c11cb7c52646ad8,无此309路径差异；实施前仍检查新改动
E:/projects/codex/aether/AgentJYS-main/scripts/p3/requirements.txt,scripts/p3/requirements.txt,必须保留：当前依赖或暂不退役,构建/发布/部署/配置/可复现命令与研究证据；有入口、用途或未结束契约。,如仅含旧入口，按清单修引用；不删除用户资料,True,True,bf7e600194bd8c17262239a66c6f28fded12ab14d2c273b170224c615b7f8908,无此309路径差异；实施前仍检查新改动
E:/projects/codex/aether/AgentJYS-main/scripts/p3/smoke_service.py,scripts/p3/smoke_service.py,必须保留：当前依赖或暂不退役,兼容入口、动态导出、测试或保留脚本消费；不满足孤立闭包删除条件。,如仅含旧入口，按清单修引用；不删除用户资料,True,True,77b2615629b46d6bb1e963b095d0268b26c92bf13795ea46bfef0e7a620c5fd0,无此309路径差异；实施前仍检查新改动
E:/projects/codex/aether/AgentJYS-main/scripts/p3/temporal_dev.py,scripts/p3/temporal_dev.py,必须保留：当前依赖或暂不退役,兼容入口、动态导出、测试或保留脚本消费；不满足孤立闭包删除条件。,如仅含旧入口，按清单修引用；不删除用户资料,True,True,d07529ba32b3862e24e1cfa0863546b3fbcdab0a450fad89378ae8b6aaa4d65c,无此309路径差异；实施前仍检查新改动
E:/projects/codex/aether/AgentJYS-main/scripts/p3/validate_collaboration.py,scripts/p3/validate_collaboration.py,必须保留：当前依赖或暂不退役,兼容入口、动态导出、测试或保留脚本消费；不满足孤立闭包删除条件。,如仅含旧入口，按清单修引用；不删除用户资料,True,True,732c16077f3ffe540232c39670ecc5db8ace1087ee71148a8b62eec4ffd6d704,无此309路径差异；实施前仍检查新改动
E:/projects/codex/aether/AgentJYS-main/scripts/p3/validate_contracts.py,scripts/p3/validate_contracts.py,必须保留：当前依赖或暂不退役,兼容入口、动态导出、测试或保留脚本消费；不满足孤立闭包删除条件。,如仅含旧入口，按清单修引用；不删除用户资料,True,True,32cb72c5fd36befdcb346b797b629e6ae9c9f74f30c00e408408460e56c45f10,无此309路径差异；实施前仍检查新改动
E:/projects/codex/aether/AgentJYS-main/scripts/p3/validate_demo_interfaces.py,scripts/p3/validate_demo_interfaces.py,必须保留：当前依赖或暂不退役,兼容入口、动态导出、测试或保留脚本消费；不满足孤立闭包删除条件。,如仅含旧入口，按清单修引用；不删除用户资料,True,True,12eb509b2d0de9d4c90ede8f338c84bacda5e7b35990589f7fb1ded14a89bd31,纳入当前运行/Azure必需差异；实施前hash复核与限定同步
E:/projects/codex/aether/AgentJYS-main/scripts/p3/validate_flows.py,scripts/p3/validate_flows.py,必须保留：当前依赖或暂不退役,兼容入口、动态导出、测试或保留脚本消费；不满足孤立闭包删除条件。,如仅含旧入口，按清单修引用；不删除用户资料,True,True,9545b784ab9e98ad64090f7357be42200205eed6381aa889552d11c7bdf88417,纳入当前运行/Azure必需差异；实施前hash复核与限定同步
E:/projects/codex/aether/AgentJYS-main/scripts/p3/validate_foundation.py,scripts/p3/validate_foundation.py,必须保留：当前依赖或暂不退役,兼容入口、动态导出、测试或保留脚本消费；不满足孤立闭包删除条件。,如仅含旧入口，按清单修引用；不删除用户资料,True,True,dc173289376eaed87356013d6b276042c4c09b66f503e5c4af0fa40a8092820e,无此309路径差异；实施前仍检查新改动
E:/projects/codex/aether/AgentJYS-main/scripts/p3/validate_native_flows.py,scripts/p3/validate_native_flows.py,必须保留：当前依赖或暂不退役,兼容入口、动态导出、测试或保留脚本消费；不满足孤立闭包删除条件。,如仅含旧入口，按清单修引用；不删除用户资料,True,True,bc546fc2e332bec74718dd8478882465d77b713bab7338ca1ae560959cd1004d,纳入当前运行/Azure必需差异；实施前hash复核与限定同步
E:/projects/codex/aether/AgentJYS-main/scripts/p3/validate_native_http.py,scripts/p3/validate_native_http.py,必须保留共享能力；按清单清除废弃成员/引用,有效场景、报告/恢复约束和显式测试入口,验证/demo工具的reference默认装配,True,True,cf11304e339fab7a9f9969136257a579da568cccbb8d70a76c51db490268ceb0,无此309路径差异；实施前仍检查新改动
E:/projects/codex/aether/AgentJYS-main/scripts/p3/validate_postgres.py,scripts/p3/validate_postgres.py,必须保留：当前依赖或暂不退役,兼容入口、动态导出、测试或保留脚本消费；不满足孤立闭包删除条件。,如仅含旧入口，按清单修引用；不删除用户资料,True,True,2298c5d7498d7181cbdc427b2b5faa749e5676bbfb84f4f8e637f8897e8f0a74,无此309路径差异；实施前仍检查新改动
E:/projects/codex/aether/AgentJYS-main/scripts/p3/validate_recall.py,scripts/p3/validate_recall.py,必须保留：当前依赖或暂不退役,兼容入口、动态导出、测试或保留脚本消费；不满足孤立闭包删除条件。,如仅含旧入口，按清单修引用；不删除用户资料,True,True,5d63b8c69f62df5e343355115a6f5a1e463c58655bb5727413cd8c34542af653,纳入当前运行/Azure必需差异；实施前hash复核与限定同步
E:/projects/codex/aether/AgentJYS-main/scripts/p3/validate_temporal.py,scripts/p3/validate_temporal.py,必须保留：当前依赖或暂不退役,兼容入口、动态导出、测试或保留脚本消费；不满足孤立闭包删除条件。,如仅含旧入口，按清单修引用；不删除用户资料,True,True,c8947844384a1d807b6e3d06a3f13f2fa8f3dcf85f43399603e716f982aa3156,无此309路径差异；实施前仍检查新改动
E:/projects/codex/aether/AgentJYS-main/scripts/p3/validate_working_milvus.py,scripts/p3/validate_working_milvus.py,必须保留：当前依赖或暂不退役,兼容入口、动态导出、测试或保留脚本消费；不满足孤立闭包删除条件。,如仅含旧入口，按清单修引用；不删除用户资料,True,True,ecc9ebb14a8d6c72b4d85b6f998f887940bbba070f2e24ec6a2e63c2a285d028,无此309路径差异；实施前仍检查新改动
E:/projects/codex/aether/AgentJYS-main/scripts/p3/verify_keycloak.py,scripts/p3/verify_keycloak.py,必须保留：当前依赖或暂不退役,兼容入口、动态导出、测试或保留脚本消费；不满足孤立闭包删除条件。,如仅含旧入口，按清单修引用；不删除用户资料,True,True,61a8058ae01056bf122bbff5761698e18c4a451705f79c68ab3f8cc3597e60cc,无此309路径差异；实施前仍检查新改动
E:/projects/codex/aether/AgentJYS-main/scripts/p3/verify_keycloak_organizations.py,scripts/p3/verify_keycloak_organizations.py,必须保留：当前依赖或暂不退役,兼容入口、动态导出、测试或保留脚本消费；不满足孤立闭包删除条件。,如仅含旧入口，按清单修引用；不删除用户资料,True,True,4fb423ea4814f4f89b02ba47a09587af2bdc51df441dcdf9f7cca2d0a8e9f181,无此309路径差异；实施前仍检查新改动
E:/projects/codex/aether/AgentJYS-main/scripts/p3/verify_keycloak_self_service.py,scripts/p3/verify_keycloak_self_service.py,必须保留：当前依赖或暂不退役,兼容入口、动态导出、测试或保留脚本消费；不满足孤立闭包删除条件。,如仅含旧入口，按清单修引用；不删除用户资料,True,True,ea01437fd03f44152cf789123da632f2c049c933a7a00f2760dc361ebb079793,无此309路径差异；实施前仍检查新改动
E:/projects/codex/aether/AgentJYS-main/scripts/p3_service.py,scripts/p3_service.py,需要确认：清单内整文件退役,本文件仅服务于已退役app/Celery/Sidecar/演示流程；现行Dockerfile.p3、Compose、deploy和验证工具保留。,旧部署/演示/安装指令退出；README与Makefile只指向保留的统一服务及Azure步骤。,True,True,8d211f60beeeb8481f27a653663cac502dfffee740b385c2512682bc435a97ac,无此309路径差异；实施前仍检查新改动
E:/projects/codex/aether/AgentJYS-main/scripts/p4_simulator.py,scripts/p4_simulator.py,必须保留：当前依赖或暂不退役,兼容入口、动态导出、测试或保留脚本消费；不满足孤立闭包删除条件。,如仅含旧入口，按清单修引用；不删除用户资料,True,True,4c0bf439915720beec3e88035018f67c5f60de70858829a67fcb8591683e692d,无此309路径差异；实施前仍检查新改动
E:/projects/codex/aether/AgentJYS-main/scripts/prepare_beam_dataset.py,scripts/prepare_beam_dataset.py,需要确认：清单内整文件退役,本文件仅服务于已退役app/Celery/Sidecar/演示流程；现行Dockerfile.p3、Compose、deploy和验证工具保留。,旧部署/演示/安装指令退出；README与Makefile只指向保留的统一服务及Azure步骤。,True,True,b3eb4448f6ae8e403a27ba18e3b52116f8baa43128c2cb3f1b2fabe0af23f979,无此309路径差异；实施前仍检查新改动
E:/projects/codex/aether/AgentJYS-main/scripts/prepare_local_b2_dataset.py,scripts/prepare_local_b2_dataset.py,需要确认：清单内整文件退役,本文件仅服务于已退役app/Celery/Sidecar/演示流程；现行Dockerfile.p3、Compose、deploy和验证工具保留。,旧部署/演示/安装指令退出；README与Makefile只指向保留的统一服务及Azure步骤。,True,True,c2c694b06d093a703d75977b5ac74d87d89872e2432dffc50f2c0f5d027f5914,无此309路径差异；实施前仍检查新改动
E:/projects/codex/aether/AgentJYS-main/scripts/profile_b1_results.py,scripts/profile_b1_results.py,需要确认：清单内整文件退役,本文件仅服务于已退役app/Celery/Sidecar/演示流程；现行Dockerfile.p3、Compose、deploy和验证工具保留。,旧部署/演示/安装指令退出；README与Makefile只指向保留的统一服务及Azure步骤。,True,True,e8251832acefc4ae987fb18845e7354aea1b3aa7f23ea9fc8c2c555887d241b0,无此309路径差异；实施前仍检查新改动
E:/projects/codex/aether/AgentJYS-main/scripts/run_b1_openvino_smoke.py,scripts/run_b1_openvino_smoke.py,需要确认：清单内整文件退役,本文件仅服务于已退役app/Celery/Sidecar/演示流程；现行Dockerfile.p3、Compose、deploy和验证工具保留。,旧部署/演示/安装指令退出；README与Makefile只指向保留的统一服务及Azure步骤。,True,True,efe6862bf0362bb79779f702f7198c245d1fa7cfa5ba32778756d52b8eb30a50,无此309路径差异；实施前仍检查新改动
E:/projects/codex/aether/AgentJYS-main/scripts/run_b2_dataset_replay.py,scripts/run_b2_dataset_replay.py,需要确认：清单内整文件退役,本文件仅服务于已退役app/Celery/Sidecar/演示流程；现行Dockerfile.p3、Compose、deploy和验证工具保留。,旧部署/演示/安装指令退出；README与Makefile只指向保留的统一服务及Azure步骤。,True,True,5da79fecdb0f2d60f356f6d01e4c8c73c035af3e10964ffe7817376427ee843c,无此309路径差异；实施前仍检查新改动
E:/projects/codex/aether/AgentJYS-main/scripts/run_compose_smoke.py,scripts/run_compose_smoke.py,需要确认：清单内整文件退役,本文件仅服务于已退役app/Celery/Sidecar/演示流程；现行Dockerfile.p3、Compose、deploy和验证工具保留。,旧部署/演示/安装指令退出；README与Makefile只指向保留的统一服务及Azure步骤。,True,True,91e22b17d9c0c9bc02f7b54a067b4c69ffd76afa62ce47534b9a72fbdf565d17,无此309路径差异；实施前仍检查新改动
E:/projects/codex/aether/AgentJYS-main/scripts/run_server_B1B2_acceptance.sh,scripts/run_server_B1B2_acceptance.sh,需要确认：清单内整文件退役,本文件仅服务于已退役app/Celery/Sidecar/演示流程；现行Dockerfile.p3、Compose、deploy和验证工具保留。,旧部署/演示/安装指令退出；README与Makefile只指向保留的统一服务及Azure步骤。,True,True,add7a34c4203560d1c6829ccee43c966e6924162d92082a8510a86817af4d293,无此309路径差异；实施前仍检查新改动
E:/projects/codex/aether/AgentJYS-main/scripts/run_server_acceptance.sh,scripts/run_server_acceptance.sh,需要确认：清单内整文件退役,本文件仅服务于已退役app/Celery/Sidecar/演示流程；现行Dockerfile.p3、Compose、deploy和验证工具保留。,旧部署/演示/安装指令退出；README与Makefile只指向保留的统一服务及Azure步骤。,True,True,19886b7845e76511f8b1c7e33d6ce73305afa38520a993b533ac999d8c988382,无此309路径差异；实施前仍检查新改动
E:/projects/codex/aether/AgentJYS-main/scripts/start_b1_dashboard.ps1,scripts/start_b1_dashboard.ps1,需要确认：清单内整文件退役,本文件仅服务于已退役app/Celery/Sidecar/演示流程；现行Dockerfile.p3、Compose、deploy和验证工具保留。,旧部署/演示/安装指令退出；README与Makefile只指向保留的统一服务及Azure步骤。,True,True,967b5e22f83f359041a1dfe54913704da47c7b1b7869497de55a33fb0bc28243,无此309路径差异；实施前仍检查新改动
E:/projects/codex/aether/AgentJYS-main/scripts/start_b1_sidecar.ps1,scripts/start_b1_sidecar.ps1,需要确认：清单内整文件退役,本文件仅服务于已退役app/Celery/Sidecar/演示流程；现行Dockerfile.p3、Compose、deploy和验证工具保留。,旧部署/演示/安装指令退出；README与Makefile只指向保留的统一服务及Azure步骤。,True,True,d4a11e9cdebb3e8f906725c98d5a13e0943394553454feb5c441449f97ab25ec,无此309路径差异；实施前仍检查新改动
E:/projects/codex/aether/AgentJYS-main/scripts/summarize_b1_b2_acceptance.py,scripts/summarize_b1_b2_acceptance.py,需要确认：清单内整文件退役,本文件仅服务于已退役app/Celery/Sidecar/演示流程；现行Dockerfile.p3、Compose、deploy和验证工具保留。,旧部署/演示/安装指令退出；README与Makefile只指向保留的统一服务及Azure步骤。,True,True,08848789fa11d177888eb459c67ca886f7c1c4055905b59b9a88c83ef28eec6d,无此309路径差异；实施前仍检查新改动
E:/projects/codex/aether/AgentJYS-main/scripts/test_b1_openvino_basic.py,scripts/test_b1_openvino_basic.py,需要确认：清单内整文件退役,本文件仅服务于已退役app/Celery/Sidecar/演示流程；现行Dockerfile.p3、Compose、deploy和验证工具保留。,旧部署/演示/安装指令退出；README与Makefile只指向保留的统一服务及Azure步骤。,True,True,41b199f4ba4efdc20fb4669f6ad596a4948b3c3054f2dab862c28d3e152296f8,无此309路径差异；实施前仍检查新改动
E:/projects/codex/aether/AgentJYS-main/scripts/test_b1_openvino_int8_acceptance.sh,scripts/test_b1_openvino_int8_acceptance.sh,需要确认：清单内整文件退役,本文件仅服务于已退役app/Celery/Sidecar/演示流程；现行Dockerfile.p3、Compose、deploy和验证工具保留。,旧部署/演示/安装指令退出；README与Makefile只指向保留的统一服务及Azure步骤。,True,True,6676e4df470ef4a4006448b858d7474329889d3fdc5d80cae37f45ba81a6c402,无此309路径差异；实施前仍检查新改动
E:/projects/codex/aether/AgentJYS-main/scripts/test_b2_only.py,scripts/test_b2_only.py,需要确认：清单内整文件退役,本文件仅服务于已退役app/Celery/Sidecar/演示流程；现行Dockerfile.p3、Compose、deploy和验证工具保留。,旧部署/演示/安装指令退出；README与Makefile只指向保留的统一服务及Azure步骤。,True,True,02c8efdd912cc5d502a4fde39b29171cbc9f151a5d8a17f1d25f84a86899d368,无此309路径差异；实施前仍检查新改动
E:/projects/codex/aether/AgentJYS-main/src/aether_agent_memory/__init__.py,src/aether_agent_memory/__init__.py,必须保留共享能力；按清单清除废弃成员/引用,仍被P2/core/contracts使用的模型；只保留有真实消费者的导出,所有退休b1 pipeline/b2/b3/Context/Mock/Settings lazy导出,True,True,2f37a2f850dd9052bd5bed67664bc7870ee5701cd75a2e5fb5fbbf468c735522,无此309路径差异；实施前仍检查新改动
E:/projects/codex/aether/AgentJYS-main/src/aether_agent_memory/__main__.py,src/aether_agent_memory/__main__.py,必须保留：当前依赖或暂不退役,统一 P3 入口静态 import 闭包（含 TYPE_CHECKING/可选路径，非运行证明）。,如仅含旧入口，按清单修引用；不删除用户资料,True,True,b8b619d0764b27975df78ab129d81cea0ca7707b845f6b5f501f0091e6530b72,无此309路径差异；实施前仍检查新改动
E:/projects/codex/aether/AgentJYS-main/src/aether_agent_memory/adapters/__init__.py,src/aether_agent_memory/adapters/__init__.py,需要确认：清单内整文件退役,当前部署使用__main__→runtime/flows/cli→Service；本组由已退休app/bootstrap/旧API/独立queue workers互相引用，非现行装配。旧compose/安装导出同步退出。,旧入口/兼容导出不能再调用；当前入口和有效契约继续保留；删除前迁移消费者和测试。,True,True,e239304f4d329c62e4cea31083c7f6f8e2b0872d889217943272eb293e8701f0,无此309路径差异；实施前仍检查新改动
E:/projects/codex/aether/AgentJYS-main/src/aether_agent_memory/adapters/access_trace.py,src/aether_agent_memory/adapters/access_trace.py,需要确认：清单内整文件退役,当前部署使用__main__→runtime/flows/cli→Service；本组由已退休app/bootstrap/旧API/独立queue workers互相引用，非现行装配。旧compose/安装导出同步退出。,旧入口/兼容导出不能再调用；当前入口和有效契约继续保留；删除前迁移消费者和测试。,True,True,c99051a663fc16eb2bdd041044a612aef625bda855e100d4bb8fdc879bb70420,无此309路径差异；实施前仍检查新改动
E:/projects/codex/aether/AgentJYS-main/src/aether_agent_memory/adapters/b1_client.py,src/aether_agent_memory/adapters/b1_client.py,需要确认：清单内整文件退役,当前部署使用__main__→runtime/flows/cli→Service；本组由已退休app/bootstrap/旧API/独立queue workers互相引用，非现行装配。旧compose/安装导出同步退出。,旧入口/兼容导出不能再调用；当前入口和有效契约继续保留；删除前迁移消费者和测试。,True,True,a74d8c23042464c9505f1ff2b25f1f56a194f836e06497efb9df05f0d4298232,无此309路径差异；实施前仍检查新改动
E:/projects/codex/aether/AgentJYS-main/src/aether_agent_memory/adapters/celery.py,src/aether_agent_memory/adapters/celery.py,需要确认：清单内整文件退役,当前部署使用__main__→runtime/flows/cli→Service；本组由已退休app/bootstrap/旧API/独立queue workers互相引用，非现行装配。旧compose/安装导出同步退出。,旧入口/兼容导出不能再调用；当前入口和有效契约继续保留；删除前迁移消费者和测试。,True,True,db7f4867adb084e2e80822299344d4f06380e63ea12b2ea40fdbd421e67d84be,无此309路径差异；实施前仍检查新改动
E:/projects/codex/aether/AgentJYS-main/src/aether_agent_memory/adapters/context_catalog.py,src/aether_agent_memory/adapters/context_catalog.py,需要确认：清单内整文件退役,当前部署使用__main__→runtime/flows/cli→Service；本组由已退休app/bootstrap/旧API/独立queue workers互相引用，非现行装配。旧compose/安装导出同步退出。,旧入口/兼容导出不能再调用；当前入口和有效契约继续保留；删除前迁移消费者和测试。,True,True,dd8cd9efec2275d5bfc5b1ee81c68da4fb1870bdb1134fe913e0017767e662ee,无此309路径差异；实施前仍检查新改动
E:/projects/codex/aether/AgentJYS-main/src/aether_agent_memory/adapters/context_index_tombstone.py,src/aether_agent_memory/adapters/context_index_tombstone.py,需要确认：清单内整文件退役,当前部署使用__main__→runtime/flows/cli→Service；本组由已退休app/bootstrap/旧API/独立queue workers互相引用，非现行装配。旧compose/安装导出同步退出。,旧入口/兼容导出不能再调用；当前入口和有效契约继续保留；删除前迁移消费者和测试。,True,True,e18bd9930366535e4b4adba0fb8c22df8bfccc6b23ce2aad69e52afc3e709ab8,无此309路径差异；实施前仍检查新改动
E:/projects/codex/aether/AgentJYS-main/src/aether_agent_memory/adapters/context_projection_executor.py,src/aether_agent_memory/adapters/context_projection_executor.py,需要确认：清单内整文件退役,当前部署使用__main__→runtime/flows/cli→Service；本组由已退休app/bootstrap/旧API/独立queue workers互相引用，非现行装配。旧compose/安装导出同步退出。,旧入口/兼容导出不能再调用；当前入口和有效契约继续保留；删除前迁移消费者和测试。,True,True,a7a156f6fe3fb04b4ef4b5493231a984dc54b91d3c8e1019fea44529082af5da,无此309路径差异；实施前仍检查新改动
E:/projects/codex/aether/AgentJYS-main/src/aether_agent_memory/adapters/context_projection_queue.py,src/aether_agent_memory/adapters/context_projection_queue.py,需要确认：清单内整文件退役,当前部署使用__main__→runtime/flows/cli→Service；本组由已退休app/bootstrap/旧API/独立queue workers互相引用，非现行装配。旧compose/安装导出同步退出。,旧入口/兼容导出不能再调用；当前入口和有效契约继续保留；删除前迁移消费者和测试。,True,True,7edf7cde2e874bb7b3a344faa70821446c072421aaebebd1de1e0353094695bf,无此309路径差异；实施前仍检查新改动
E:/projects/codex/aether/AgentJYS-main/src/aether_agent_memory/adapters/context_semantic_index.py,src/aether_agent_memory/adapters/context_semantic_index.py,需要确认：清单内整文件退役,当前部署使用__main__→runtime/flows/cli→Service；本组由已退休app/bootstrap/旧API/独立queue workers互相引用，非现行装配。旧compose/安装导出同步退出。,旧入口/兼容导出不能再调用；当前入口和有效契约继续保留；删除前迁移消费者和测试。,True,True,5611997e70f288cd6b58532d1ffac9ba88cc1c9508550eb0474c80087054ed78,无此309路径差异；实施前仍检查新改动
E:/projects/codex/aether/AgentJYS-main/src/aether_agent_memory/adapters/context_store.py,src/aether_agent_memory/adapters/context_store.py,需要确认：清单内整文件退役,当前部署使用__main__→runtime/flows/cli→Service；本组由已退休app/bootstrap/旧API/独立queue workers互相引用，非现行装配。旧compose/安装导出同步退出。,旧入口/兼容导出不能再调用；当前入口和有效契约继续保留；删除前迁移消费者和测试。,True,True,9a9a25d59d53d933ef0c5582c63d8daaf6d4f1e64dc2d7dfe5601ab9afcbeab9,无此309路径差异；实施前仍检查新改动
E:/projects/codex/aether/AgentJYS-main/src/aether_agent_memory/adapters/memory_extraction.py,src/aether_agent_memory/adapters/memory_extraction.py,需要确认：清单内整文件退役,当前部署使用__main__→runtime/flows/cli→Service；本组由已退休app/bootstrap/旧API/独立queue workers互相引用，非现行装配。旧compose/安装导出同步退出。,旧入口/兼容导出不能再调用；当前入口和有效契约继续保留；删除前迁移消费者和测试。,True,True,eaee843283894373cdc505a7e41ee6984404aeeb8584c5b06af2cdaa6cfc5764,无此309路径差异；实施前仍检查新改动
E:/projects/codex/aether/AgentJYS-main/src/aether_agent_memory/adapters/memory_service.py,src/aether_agent_memory/adapters/memory_service.py,需要确认：清单内整文件退役,当前部署使用__main__→runtime/flows/cli→Service；本组由已退休app/bootstrap/旧API/独立queue workers互相引用，非现行装配。旧compose/安装导出同步退出。,旧入口/兼容导出不能再调用；当前入口和有效契约继续保留；删除前迁移消费者和测试。,True,True,8f3f032e349e2fea316d4db1e8bff1ea7e7730699f36d59c64cba47673e8de7d,无此309路径差异；实施前仍检查新改动
E:/projects/codex/aether/AgentJYS-main/src/aether_agent_memory/adapters/milvus.py,src/aether_agent_memory/adapters/milvus.py,需要确认：清单内整文件退役,当前部署使用__main__→runtime/flows/cli→Service；本组由已退休app/bootstrap/旧API/独立queue workers互相引用，非现行装配。旧compose/安装导出同步退出。,旧入口/兼容导出不能再调用；当前入口和有效契约继续保留；删除前迁移消费者和测试。,True,True,6d457d250548f02be4bf7eab2913a75529d856a646d7f3209e653ca845d994e5,无此309路径差异；实施前仍检查新改动
E:/projects/codex/aether/AgentJYS-main/src/aether_agent_memory/adapters/operate_journal.py,src/aether_agent_memory/adapters/operate_journal.py,需要确认：清单内整文件退役,当前部署使用__main__→runtime/flows/cli→Service；本组由已退休app/bootstrap/旧API/独立queue workers互相引用，非现行装配。旧compose/安装导出同步退出。,旧入口/兼容导出不能再调用；当前入口和有效契约继续保留；删除前迁移消费者和测试。,True,True,6d5c6eae9836b391588547661d5d85198ef8ba752c0ef536b37a7f2b0e356c60,无此309路径差异；实施前仍检查新改动
E:/projects/codex/aether/AgentJYS-main/src/aether_agent_memory/adapters/operate_scheduler.py,src/aether_agent_memory/adapters/operate_scheduler.py,需要确认：清单内整文件退役,当前部署使用__main__→runtime/flows/cli→Service；本组由已退休app/bootstrap/旧API/独立queue workers互相引用，非现行装配。旧compose/安装导出同步退出。,旧入口/兼容导出不能再调用；当前入口和有效契约继续保留；删除前迁移消费者和测试。,True,True,794ce156a3de9acf5702985ca4fa12efc9bb0c14d6caddddf87fd4838abacb0b,无此309路径差异；实施前仍检查新改动
E:/projects/codex/aether/AgentJYS-main/src/aether_agent_memory/adapters/operate_telemetry.py,src/aether_agent_memory/adapters/operate_telemetry.py,需要确认：清单内整文件退役,当前部署使用__main__→runtime/flows/cli→Service；本组由已退休app/bootstrap/旧API/独立queue workers互相引用，非现行装配。旧compose/安装导出同步退出。,旧入口/兼容导出不能再调用；当前入口和有效契约继续保留；删除前迁移消费者和测试。,True,True,fb6fe1990d42ca26652293a2367612c8259e6245317669b249e2f96194a98783,无此309路径差异；实施前仍检查新改动
E:/projects/codex/aether/AgentJYS-main/src/aether_agent_memory/adapters/p2.py,src/aether_agent_memory/adapters/p2.py,需要确认：清单内整文件退役,当前部署使用__main__→runtime/flows/cli→Service；本组由已退休app/bootstrap/旧API/独立queue workers互相引用，非现行装配。旧compose/安装导出同步退出。,旧入口/兼容导出不能再调用；当前入口和有效契约继续保留；删除前迁移消费者和测试。,True,True,e8564f304bab751d31e1666983a3dbf68a627a1e5fb7e4c2f2eb8768d79362a2,无此309路径差异；实施前仍检查新改动
E:/projects/codex/aether/AgentJYS-main/src/aether_agent_memory/adapters/projection_executor.py,src/aether_agent_memory/adapters/projection_executor.py,需要确认：清单内整文件退役,当前部署使用__main__→runtime/flows/cli→Service；本组由已退休app/bootstrap/旧API/独立queue workers互相引用，非现行装配。旧compose/安装导出同步退出。,旧入口/兼容导出不能再调用；当前入口和有效契约继续保留；删除前迁移消费者和测试。,True,True,90c7ba66dc5c5086b506ada9ece15b4c230c2efbaecfcf1fad66e8887305c2ac,无此309路径差异；实施前仍检查新改动
E:/projects/codex/aether/AgentJYS-main/src/aether_agent_memory/adapters/projection_queue.py,src/aether_agent_memory/adapters/projection_queue.py,需要确认：清单内整文件退役,当前部署使用__main__→runtime/flows/cli→Service；本组由已退休app/bootstrap/旧API/独立queue workers互相引用，非现行装配。旧compose/安装导出同步退出。,旧入口/兼容导出不能再调用；当前入口和有效契约继续保留；删除前迁移消费者和测试。,True,True,0296416c9d1b430f00687c4141e63856c4f741a8103ae179580b1baf1c83182f,无此309路径差异；实施前仍检查新改动
E:/projects/codex/aether/AgentJYS-main/src/aether_agent_memory/adapters/redis.py,src/aether_agent_memory/adapters/redis.py,需要确认：清单内整文件退役,当前部署使用__main__→runtime/flows/cli→Service；本组由已退休app/bootstrap/旧API/独立queue workers互相引用，非现行装配。旧compose/安装导出同步退出。,旧入口/兼容导出不能再调用；当前入口和有效契约继续保留；删除前迁移消费者和测试。,True,True,6a7cb55451e78fd939b5e5727b5f0c6b7c3fa1987c4b35d59606552085dd4274,无此309路径差异；实施前仍检查新改动
E:/projects/codex/aether/AgentJYS-main/src/aether_agent_memory/adapters/redis_context_projection_queue.py,src/aether_agent_memory/adapters/redis_context_projection_queue.py,需要确认：清单内整文件退役,当前部署使用__main__→runtime/flows/cli→Service；本组由已退休app/bootstrap/旧API/独立queue workers互相引用，非现行装配。旧compose/安装导出同步退出。,旧入口/兼容导出不能再调用；当前入口和有效契约继续保留；删除前迁移消费者和测试。,True,True,9f64df6a8acbd29968dfa97e2adfc869adbb312ac0ba45dcb28e078e948bd916,无此309路径差异；实施前仍检查新改动
E:/projects/codex/aether/AgentJYS-main/src/aether_agent_memory/adapters/redis_projection_queue.py,src/aether_agent_memory/adapters/redis_projection_queue.py,需要确认：清单内整文件退役,当前部署使用__main__→runtime/flows/cli→Service；本组由已退休app/bootstrap/旧API/独立queue workers互相引用，非现行装配。旧compose/安装导出同步退出。,旧入口/兼容导出不能再调用；当前入口和有效契约继续保留；删除前迁移消费者和测试。,True,True,7717f802bdc6d3405dcb95cb60ac9660d834ded318d5d26095bd373c4cf18558,无此309路径差异；实施前仍检查新改动
E:/projects/codex/aether/AgentJYS-main/src/aether_agent_memory/adapters/redis_session_extraction_queue.py,src/aether_agent_memory/adapters/redis_session_extraction_queue.py,需要确认：清单内整文件退役,当前部署使用__main__→runtime/flows/cli→Service；本组由已退休app/bootstrap/旧API/独立queue workers互相引用，非现行装配。旧compose/安装导出同步退出。,旧入口/兼容导出不能再调用；当前入口和有效契约继续保留；删除前迁移消费者和测试。,True,True,a424fa6c53e10b6b3afcb4ba20f9061cfb74ef7fc2e89439b9618d9ad92214a2,无此309路径差异；实施前仍检查新改动
E:/projects/codex/aether/AgentJYS-main/src/aether_agent_memory/adapters/resource_context.py,src/aether_agent_memory/adapters/resource_context.py,需要确认：清单内整文件退役,当前部署使用__main__→runtime/flows/cli→Service；本组由已退休app/bootstrap/旧API/独立queue workers互相引用，非现行装配。旧compose/安装导出同步退出。,旧入口/兼容导出不能再调用；当前入口和有效契约继续保留；删除前迁移消费者和测试。,True,True,35ac06c15d6272eb315ce66354d4cdc9240278eb599989e32cf60d272a116bd8,无此309路径差异；实施前仍检查新改动
E:/projects/codex/aether/AgentJYS-main/src/aether_agent_memory/adapters/resource_store.py,src/aether_agent_memory/adapters/resource_store.py,需要确认：清单内整文件退役,当前部署使用__main__→runtime/flows/cli→Service；本组由已退休app/bootstrap/旧API/独立queue workers互相引用，非现行装配。旧compose/安装导出同步退出。,旧入口/兼容导出不能再调用；当前入口和有效契约继续保留；删除前迁移消费者和测试。,True,True,cf889ae47aec549cb3ed820dd51ceff4b2a179920557e6ba97123d15587c16a0,无此309路径差异；实施前仍检查新改动
E:/projects/codex/aether/AgentJYS-main/src/aether_agent_memory/adapters/retrieval_trace.py,src/aether_agent_memory/adapters/retrieval_trace.py,需要确认：清单内整文件退役,当前部署使用__main__→runtime/flows/cli→Service；本组由已退休app/bootstrap/旧API/独立queue workers互相引用，非现行装配。旧compose/安装导出同步退出。,旧入口/兼容导出不能再调用；当前入口和有效契约继续保留；删除前迁移消费者和测试。,True,True,715110f0ab76e870580d8ab629cd312d8a9a41b262e98a76931fb168ade05b71,无此309路径差异；实施前仍检查新改动
E:/projects/codex/aether/AgentJYS-main/src/aether_agent_memory/adapters/session_context.py,src/aether_agent_memory/adapters/session_context.py,需要确认：清单内整文件退役,当前部署使用__main__→runtime/flows/cli→Service；本组由已退休app/bootstrap/旧API/独立queue workers互相引用，非现行装配。旧compose/安装导出同步退出。,旧入口/兼容导出不能再调用；当前入口和有效契约继续保留；删除前迁移消费者和测试。,True,True,b309e3163dcec73b21910f77a99659c71c478eec324d99143408fc0d15e20568,无此309路径差异；实施前仍检查新改动
E:/projects/codex/aether/AgentJYS-main/src/aether_agent_memory/adapters/session_extraction_queue.py,src/aether_agent_memory/adapters/session_extraction_queue.py,需要确认：清单内整文件退役,当前部署使用__main__→runtime/flows/cli→Service；本组由已退休app/bootstrap/旧API/独立queue workers互相引用，非现行装配。旧compose/安装导出同步退出。,旧入口/兼容导出不能再调用；当前入口和有效契约继续保留；删除前迁移消费者和测试。,True,True,e3b0a7cb50eedac2e8c799e9672f5d54a570154ef89f5792328069a18be4c4ca,无此309路径差异；实施前仍检查新改动
E:/projects/codex/aether/AgentJYS-main/src/aether_agent_memory/adapters/session_store.py,src/aether_agent_memory/adapters/session_store.py,需要确认：清单内整文件退役,当前部署使用__main__→runtime/flows/cli→Service；本组由已退休app/bootstrap/旧API/独立queue workers互相引用，非现行装配。旧compose/安装导出同步退出。,旧入口/兼容导出不能再调用；当前入口和有效契约继续保留；删除前迁移消费者和测试。,True,True,a97e7efdb92228dcad34c72c873226d8238d2d55a06268ed8f5e11b839591469,无此309路径差异；实施前仍检查新改动
E:/projects/codex/aether/AgentJYS-main/src/aether_agent_memory/adapters/skill_context.py,src/aether_agent_memory/adapters/skill_context.py,需要确认：清单内整文件退役,当前部署使用__main__→runtime/flows/cli→Service；本组由已退休app/bootstrap/旧API/独立queue workers互相引用，非现行装配。旧compose/安装导出同步退出。,旧入口/兼容导出不能再调用；当前入口和有效契约继续保留；删除前迁移消费者和测试。,True,True,e678ec1e2f4b823cb153cee21bb4cd1878db39f5c1709a93a958ea4fe15d788c,无此309路径差异；实施前仍检查新改动
E:/projects/codex/aether/AgentJYS-main/src/aether_agent_memory/adapters/skill_store.py,src/aether_agent_memory/adapters/skill_store.py,需要确认：清单内整文件退役,当前部署使用__main__→runtime/flows/cli→Service；本组由已退休app/bootstrap/旧API/独立queue workers互相引用，非现行装配。旧compose/安装导出同步退出。,旧入口/兼容导出不能再调用；当前入口和有效契约继续保留；删除前迁移消费者和测试。,True,True,74c57f2717627a84cc4b78a834eb43becd574b052b61a2e327ead1e128892531,无此309路径差异；实施前仍检查新改动
E:/projects/codex/aether/AgentJYS-main/src/aether_agent_memory/adapters/storage_control.py,src/aether_agent_memory/adapters/storage_control.py,需要确认：清单内整文件退役,当前部署使用__main__→runtime/flows/cli→Service；本组由已退休app/bootstrap/旧API/独立queue workers互相引用，非现行装配。旧compose/安装导出同步退出。,旧入口/兼容导出不能再调用；当前入口和有效契约继续保留；删除前迁移消费者和测试。,True,True,d3aa3deb9ed8f5cbc2e03c8746d84cbbad70bc2c4375d500fe7563f222f1d5b4,无此309路径差异；实施前仍检查新改动
E:/projects/codex/aether/AgentJYS-main/src/aether_agent_memory/adapters/storage_control_simulator.py,src/aether_agent_memory/adapters/storage_control_simulator.py,需要确认：清单内整文件退役,当前部署使用__main__→runtime/flows/cli→Service；本组由已退休app/bootstrap/旧API/独立queue workers互相引用，非现行装配。旧compose/安装导出同步退出。,旧入口/兼容导出不能再调用；当前入口和有效契约继续保留；删除前迁移消费者和测试。,True,True,fbfb3efb95c8ad0c067afb4be71d28a3f495685b86926ba524753eb51e459019,无此309路径差异；实施前仍检查新改动
E:/projects/codex/aether/AgentJYS-main/src/aether_agent_memory/api/__init__.py,src/aether_agent_memory/api/__init__.py,需要确认：清单内整文件退役,当前部署使用__main__→runtime/flows/cli→Service；本组由已退休app/bootstrap/旧API/独立queue workers互相引用，非现行装配。旧compose/安装导出同步退出。,旧入口/兼容导出不能再调用；当前入口和有效契约继续保留；删除前迁移消费者和测试。,True,True,2359bb462ad819cac654ad1cf5e6eec9ee228405ae5ee32811d22958e56b2446,无此309路径差异；实施前仍检查新改动
E:/projects/codex/aether/AgentJYS-main/src/aether_agent_memory/api/dependencies.py,src/aether_agent_memory/api/dependencies.py,需要确认：清单内整文件退役,当前部署使用__main__→runtime/flows/cli→Service；本组由已退休app/bootstrap/旧API/独立queue workers互相引用，非现行装配。旧compose/安装导出同步退出。,旧入口/兼容导出不能再调用；当前入口和有效契约继续保留；删除前迁移消费者和测试。,True,True,f225f7895684cbf4e00ff804ee7b7360547843ecad5efc8ee91a36d7efa0993d,无此309路径差异；实施前仍检查新改动
E:/projects/codex/aether/AgentJYS-main/src/aether_agent_memory/api/mappers/__init__.py,src/aether_agent_memory/api/mappers/__init__.py,需要确认：清单内整文件退役,当前部署使用__main__→runtime/flows/cli→Service；本组由已退休app/bootstrap/旧API/独立queue workers互相引用，非现行装配。旧compose/安装导出同步退出。,旧入口/兼容导出不能再调用；当前入口和有效契约继续保留；删除前迁移消费者和测试。,True,True,44556edf88286d9f3b05d5a705a9b5df1e60e8c72a29a42fad9488f40e216770,无此309路径差异；实施前仍检查新改动
E:/projects/codex/aether/AgentJYS-main/src/aether_agent_memory/api/mappers/v1.py,src/aether_agent_memory/api/mappers/v1.py,需要确认：清单内整文件退役,当前部署使用__main__→runtime/flows/cli→Service；本组由已退休app/bootstrap/旧API/独立queue workers互相引用，非现行装配。旧compose/安装导出同步退出。,旧入口/兼容导出不能再调用；当前入口和有效契约继续保留；删除前迁移消费者和测试。,True,True,8a05acd05472d00640034c9639838446f57bc77801fcee2782180220406b61bf,无此309路径差异；实施前仍检查新改动
E:/projects/codex/aether/AgentJYS-main/src/aether_agent_memory/api/routers/__init__.py,src/aether_agent_memory/api/routers/__init__.py,需要确认：清单内整文件退役,当前部署使用__main__→runtime/flows/cli→Service；本组由已退休app/bootstrap/旧API/独立queue workers互相引用，非现行装配。旧compose/安装导出同步退出。,旧入口/兼容导出不能再调用；当前入口和有效契约继续保留；删除前迁移消费者和测试。,True,True,c15c83cef24943cdc5c4af833d400d281cbde53c4faef4d54bfaab3c061251dd,无此309路径差异；实施前仍检查新改动
E:/projects/codex/aether/AgentJYS-main/src/aether_agent_memory/api/routers/catalog.py,src/aether_agent_memory/api/routers/catalog.py,需要确认：清单内整文件退役,当前部署使用__main__→runtime/flows/cli→Service；本组由已退休app/bootstrap/旧API/独立queue workers互相引用，非现行装配。旧compose/安装导出同步退出。,旧入口/兼容导出不能再调用；当前入口和有效契约继续保留；删除前迁移消费者和测试。,True,True,fffe2454e6a502d0130576616d8e702e6ae17cefaf66d447b2e86d8d0fb8a409,无此309路径差异；实施前仍检查新改动
E:/projects/codex/aether/AgentJYS-main/src/aether_agent_memory/api/routers/context.py,src/aether_agent_memory/api/routers/context.py,需要确认：清单内整文件退役,当前部署使用__main__→runtime/flows/cli→Service；本组由已退休app/bootstrap/旧API/独立queue workers互相引用，非现行装配。旧compose/安装导出同步退出。,旧入口/兼容导出不能再调用；当前入口和有效契约继续保留；删除前迁移消费者和测试。,True,True,47539770e61fdd024a2bec787e257cd5ffbcb452213eaa5999e9539a252bcb2f,无此309路径差异；实施前仍检查新改动
E:/projects/codex/aether/AgentJYS-main/src/aether_agent_memory/api/routers/demo.py,src/aether_agent_memory/api/routers/demo.py,需要确认：清单内整文件退役,当前部署使用__main__→runtime/flows/cli→Service；本组由已退休app/bootstrap/旧API/独立queue workers互相引用，非现行装配。旧compose/安装导出同步退出。,旧入口/兼容导出不能再调用；当前入口和有效契约继续保留；删除前迁移消费者和测试。,True,True,672bb24ea071a0fb798c52db88387947fc17eb829ba282b54f25a36b06f60973,无此309路径差异；实施前仍检查新改动
E:/projects/codex/aether/AgentJYS-main/src/aether_agent_memory/api/routers/embedding.py,src/aether_agent_memory/api/routers/embedding.py,需要确认：清单内整文件退役,当前部署使用__main__→runtime/flows/cli→Service；本组由已退休app/bootstrap/旧API/独立queue workers互相引用，非现行装配。旧compose/安装导出同步退出。,旧入口/兼容导出不能再调用；当前入口和有效契约继续保留；删除前迁移消费者和测试。,True,True,5e625101271ab344d30bb19621c4aa794f7119f9a591ff585bf0a5874c094060,无此309路径差异；实施前仍检查新改动
E:/projects/codex/aether/AgentJYS-main/src/aether_agent_memory/api/routers/health.py,src/aether_agent_memory/api/routers/health.py,需要确认：清单内整文件退役,当前部署使用__main__→runtime/flows/cli→Service；本组由已退休app/bootstrap/旧API/独立queue workers互相引用，非现行装配。旧compose/安装导出同步退出。,旧入口/兼容导出不能再调用；当前入口和有效契约继续保留；删除前迁移消费者和测试。,True,True,d6fda7e3c8560e4fb6365d0131c142446df7625a449d88a0dae58df1df9f8dff,无此309路径差异；实施前仍检查新改动
E:/projects/codex/aether/AgentJYS-main/src/aether_agent_memory/api/routers/memory.py,src/aether_agent_memory/api/routers/memory.py,需要确认：清单内整文件退役,当前部署使用__main__→runtime/flows/cli→Service；本组由已退休app/bootstrap/旧API/独立queue workers互相引用，非现行装配。旧compose/安装导出同步退出。,旧入口/兼容导出不能再调用；当前入口和有效契约继续保留；删除前迁移消费者和测试。,True,True,9e4b621b795b8a4983468d1cc3327b845170d581ede04c49b8e118c7779ca22d,无此309路径差异；实施前仍检查新改动
E:/projects/codex/aether/AgentJYS-main/src/aether_agent_memory/api/routers/projections.py,src/aether_agent_memory/api/routers/projections.py,需要确认：清单内整文件退役,当前部署使用__main__→runtime/flows/cli→Service；本组由已退休app/bootstrap/旧API/独立queue workers互相引用，非现行装配。旧compose/安装导出同步退出。,旧入口/兼容导出不能再调用；当前入口和有效契约继续保留；删除前迁移消费者和测试。,True,True,13affd971e2c6029c7447889b9c4eef88ae3ec898a0cfff6f7cccae5225cd3f3,无此309路径差异；实施前仍检查新改动
E:/projects/codex/aether/AgentJYS-main/src/aether_agent_memory/api/routers/resources.py,src/aether_agent_memory/api/routers/resources.py,需要确认：清单内整文件退役,当前部署使用__main__→runtime/flows/cli→Service；本组由已退休app/bootstrap/旧API/独立queue workers互相引用，非现行装配。旧compose/安装导出同步退出。,旧入口/兼容导出不能再调用；当前入口和有效契约继续保留；删除前迁移消费者和测试。,True,True,c5b8eef2b188c27781d8266b57afe7a5ac5d8d3213077ef10ec0e39fa1699e69,无此309路径差异；实施前仍检查新改动
E:/projects/codex/aether/AgentJYS-main/src/aether_agent_memory/api/routers/scheduling.py,src/aether_agent_memory/api/routers/scheduling.py,需要确认：清单内整文件退役,当前部署使用__main__→runtime/flows/cli→Service；本组由已退休app/bootstrap/旧API/独立queue workers互相引用，非现行装配。旧compose/安装导出同步退出。,旧入口/兼容导出不能再调用；当前入口和有效契约继续保留；删除前迁移消费者和测试。,True,True,7e3868102b59c910668157426b51c16cec6ca36267dc5e909ef16431a4b7113f,无此309路径差异；实施前仍检查新改动
E:/projects/codex/aether/AgentJYS-main/src/aether_agent_memory/api/routers/sessions.py,src/aether_agent_memory/api/routers/sessions.py,需要确认：清单内整文件退役,当前部署使用__main__→runtime/flows/cli→Service；本组由已退休app/bootstrap/旧API/独立queue workers互相引用，非现行装配。旧compose/安装导出同步退出。,旧入口/兼容导出不能再调用；当前入口和有效契约继续保留；删除前迁移消费者和测试。,True,True,53a10921d07ee3d0483b2507be5d0c9294d5476196ceadec12eaaf0dce94d1bf,无此309路径差异；实施前仍检查新改动
E:/projects/codex/aether/AgentJYS-main/src/aether_agent_memory/api/routers/skills.py,src/aether_agent_memory/api/routers/skills.py,需要确认：清单内整文件退役,当前部署使用__main__→runtime/flows/cli→Service；本组由已退休app/bootstrap/旧API/独立queue workers互相引用，非现行装配。旧compose/安装导出同步退出。,旧入口/兼容导出不能再调用；当前入口和有效契约继续保留；删除前迁移消费者和测试。,True,True,06137cff4c6094baec3b73f1b5e0f8bf82ca25791c5f1257e46f287138cd978b,无此309路径差异；实施前仍检查新改动
E:/projects/codex/aether/AgentJYS-main/src/aether_agent_memory/api/routers/tasks.py,src/aether_agent_memory/api/routers/tasks.py,需要确认：清单内整文件退役,当前部署使用__main__→runtime/flows/cli→Service；本组由已退休app/bootstrap/旧API/独立queue workers互相引用，非现行装配。旧compose/安装导出同步退出。,旧入口/兼容导出不能再调用；当前入口和有效契约继续保留；删除前迁移消费者和测试。,True,True,558d74f45df5ace245a39835d9e0b47a50ebd94b68b18d879ea444e1de027dd3,无此309路径差异；实施前仍检查新改动
E:/projects/codex/aether/AgentJYS-main/src/aether_agent_memory/app.py,src/aether_agent_memory/app.py,需要确认：清单内整文件退役,当前部署使用__main__→runtime/flows/cli→Service；本组由已退休app/bootstrap/旧API/独立queue workers互相引用，非现行装配。旧compose/安装导出同步退出。,旧入口/兼容导出不能再调用；当前入口和有效契约继续保留；删除前迁移消费者和测试。,True,True,b7451c1321d98a9125fac5656b30b71118be7dd12bfee9d3f4f432e9bead4a80,无此309路径差异；实施前仍检查新改动
E:/projects/codex/aether/AgentJYS-main/src/aether_agent_memory/application/__init__.py,src/aether_agent_memory/application/__init__.py,需要确认：清单内整文件退役,当前部署使用__main__→runtime/flows/cli→Service；本组由已退休app/bootstrap/旧API/独立queue workers互相引用，非现行装配。旧compose/安装导出同步退出。,旧入口/兼容导出不能再调用；当前入口和有效契约继续保留；删除前迁移消费者和测试。,True,True,dbb75bc5e4885a317bc25ded3d7a3c3afae7795ba806291a5ac21b063b1a04ba,无此309路径差异；实施前仍检查新改动
E:/projects/codex/aether/AgentJYS-main/src/aether_agent_memory/application/context_projection.py,src/aether_agent_memory/application/context_projection.py,需要确认：清单内整文件退役,当前部署使用__main__→runtime/flows/cli→Service；本组由已退休app/bootstrap/旧API/独立queue workers互相引用，非现行装配。旧compose/安装导出同步退出。,旧入口/兼容导出不能再调用；当前入口和有效契约继续保留；删除前迁移消费者和测试。,True,True,57dac6273b9a40bc6dd245cc8489be71d3d91b22fe18e9e12a4ec315c67062e2,无此309路径差异；实施前仍检查新改动
E:/projects/codex/aether/AgentJYS-main/src/aether_agent_memory/application/projection.py,src/aether_agent_memory/application/projection.py,需要确认：清单内整文件退役,当前部署使用__main__→runtime/flows/cli→Service；本组由已退休app/bootstrap/旧API/独立queue workers互相引用，非现行装配。旧compose/安装导出同步退出。,旧入口/兼容导出不能再调用；当前入口和有效契约继续保留；删除前迁移消费者和测试。,True,True,9fa29afcf2e9a4e2e598430df1f30b082d1a916c9397321cbb11c5313564f256,无此309路径差异；实施前仍检查新改动
E:/projects/codex/aether/AgentJYS-main/src/aether_agent_memory/application/resource.py,src/aether_agent_memory/application/resource.py,需要确认：清单内整文件退役,当前部署使用__main__→runtime/flows/cli→Service；本组由已退休app/bootstrap/旧API/独立queue workers互相引用，非现行装配。旧compose/安装导出同步退出。,旧入口/兼容导出不能再调用；当前入口和有效契约继续保留；删除前迁移消费者和测试。,True,True,5af82dbb7550513e1fb800a303bf0ec89ff851ca872a542087ae1cae9d6d81e3,无此309路径差异；实施前仍检查新改动
E:/projects/codex/aether/AgentJYS-main/src/aether_agent_memory/application/scope.py,src/aether_agent_memory/application/scope.py,需要确认：清单内整文件退役,当前部署使用__main__→runtime/flows/cli→Service；本组由已退休app/bootstrap/旧API/独立queue workers互相引用，非现行装配。旧compose/安装导出同步退出。,旧入口/兼容导出不能再调用；当前入口和有效契约继续保留；删除前迁移消费者和测试。,True,True,ece4329d0d13cf3f6d3108060933a8ff7dfc3fb43ba60ff2c72b22dcb1c48bfc,无此309路径差异；实施前仍检查新改动
E:/projects/codex/aether/AgentJYS-main/src/aether_agent_memory/application/services.py,src/aether_agent_memory/application/services.py,需要确认：清单内整文件退役,当前部署使用__main__→runtime/flows/cli→Service；本组由已退休app/bootstrap/旧API/独立queue workers互相引用，非现行装配。旧compose/安装导出同步退出。,旧入口/兼容导出不能再调用；当前入口和有效契约继续保留；删除前迁移消费者和测试。,True,True,2d6a17956903f1de049a48abf3e66dfcf3fcfdd25c145663b8e020685d170061,无此309路径差异；实施前仍检查新改动
E:/projects/codex/aether/AgentJYS-main/src/aether_agent_memory/application/session.py,src/aether_agent_memory/application/session.py,需要确认：清单内整文件退役,当前部署使用__main__→runtime/flows/cli→Service；本组由已退休app/bootstrap/旧API/独立queue workers互相引用，非现行装配。旧compose/安装导出同步退出。,旧入口/兼容导出不能再调用；当前入口和有效契约继续保留；删除前迁移消费者和测试。,True,True,4619cd603f5ee35ab0408493e0234cbc154d1116a5d18efb84d9dd2cf5cb9c3b,无此309路径差异；实施前仍检查新改动
E:/projects/codex/aether/AgentJYS-main/src/aether_agent_memory/application/skill.py,src/aether_agent_memory/application/skill.py,需要确认：清单内整文件退役,当前部署使用__main__→runtime/flows/cli→Service；本组由已退休app/bootstrap/旧API/独立queue workers互相引用，非现行装配。旧compose/安装导出同步退出。,旧入口/兼容导出不能再调用；当前入口和有效契约继续保留；删除前迁移消费者和测试。,True,True,548ca3c384138cbbe432e91908c5804e0d62a7910e40b3aaaeee24293ffa1ae6,无此309路径差异；实施前仍检查新改动
E:/projects/codex/aether/AgentJYS-main/src/aether_agent_memory/b1/__init__.py,src/aether_agent_memory/b1/__init__.py,必须保留共享能力；按清单清除废弃成员/引用,EmbeddingRecord等仍有效的P2合同模型,pipeline/FastEmbedClient eager导入,True,True,56018e2b10cbad91c45f20750b686cbbadc8bb96c5abb70c405fc7f03d732a1f,无此309路径差异；实施前仍检查新改动
E:/projects/codex/aether/AgentJYS-main/src/aether_agent_memory/b1/backends.py,src/aether_agent_memory/b1/backends.py,需要确认：清单内整文件退役,原路径仅转导canonical实现或空supervisor；保留canonical并修全部消费者、lazy导出与旧路径参数测试。,旧入口/兼容导出不能再调用；当前入口和有效契约继续保留；删除前迁移消费者和测试。,True,True,e913cc1f610da33ef1cb2ff74747422140c12e8ac593b9f17cfd884caba5fb7c,无此309路径差异；实施前仍检查新改动
E:/projects/codex/aether/AgentJYS-main/src/aether_agent_memory/b1/batching.py,src/aether_agent_memory/b1/batching.py,需要确认：清单内整文件退役,旧Mock、Sidecar仪表盘和B1/B2/B3演示工具；目标当前本机及Azure使用canonical native BGE和统一HTTP。退出这些工具的能力是明确影响。,旧入口/兼容导出不能再调用；当前入口和有效契约继续保留；删除前迁移消费者和测试。,True,True,ac8fd790dc6f5b12f124d4b6c6467d149eb539205e70833b3caa2c9998649f58,无此309路径差异；实施前仍检查新改动
E:/projects/codex/aether/AgentJYS-main/src/aether_agent_memory/b1/capabilities.py,src/aether_agent_memory/b1/capabilities.py,需要确认：清单内整文件退役,旧Mock、Sidecar仪表盘和B1/B2/B3演示工具；目标当前本机及Azure使用canonical native BGE和统一HTTP。退出这些工具的能力是明确影响。,旧入口/兼容导出不能再调用；当前入口和有效契约继续保留；删除前迁移消费者和测试。,True,True,fdd7e3e2da5cb993a4104188b39f4133fad6bb541796ccd71c1dc6285373b24b,无此309路径差异；实施前仍检查新改动
E:/projects/codex/aether/AgentJYS-main/src/aether_agent_memory/b1/dashboard.py,src/aether_agent_memory/b1/dashboard.py,需要确认：清单内整文件退役,旧Mock、Sidecar仪表盘和B1/B2/B3演示工具；目标当前本机及Azure使用canonical native BGE和统一HTTP。退出这些工具的能力是明确影响。,旧入口/兼容导出不能再调用；当前入口和有效契约继续保留；删除前迁移消费者和测试。,True,True,66c4b93a8322147f91b3398496e18ae028bacd50b5b1baea7343eeb71c70d517,无此309路径差异；实施前仍检查新改动
E:/projects/codex/aether/AgentJYS-main/src/aether_agent_memory/b1/dataset_runner.py,src/aether_agent_memory/b1/dataset_runner.py,需要确认：清单内整文件退役,旧Mock、Sidecar仪表盘和B1/B2/B3演示工具；目标当前本机及Azure使用canonical native BGE和统一HTTP。退出这些工具的能力是明确影响。,旧入口/兼容导出不能再调用；当前入口和有效契约继续保留；删除前迁移消费者和测试。,True,True,e5b1d2aa92c998e5f2f4ec4f9213ff87630590b835c6794a8d666f3c2e120eab,无此309路径差异；实施前仍检查新改动
E:/projects/codex/aether/AgentJYS-main/src/aether_agent_memory/b1/fastembed_client.py,src/aether_agent_memory/b1/fastembed_client.py,需要确认：清单内整文件退役,原路径仅转导canonical实现或空supervisor；保留canonical并修全部消费者、lazy导出与旧路径参数测试。,旧入口/兼容导出不能再调用；当前入口和有效契约继续保留；删除前迁移消费者和测试。,True,True,d850e733696e334b7ad27076fd10635020297bc7ebf6aeae54652039966cfe38,无此309路径差异；实施前仍检查新改动
E:/projects/codex/aether/AgentJYS-main/src/aether_agent_memory/b1/model_download.py,src/aether_agent_memory/b1/model_download.py,需要确认：清单内整文件退役,旧Mock、Sidecar仪表盘和B1/B2/B3演示工具；目标当前本机及Azure使用canonical native BGE和统一HTTP。退出这些工具的能力是明确影响。,旧入口/兼容导出不能再调用；当前入口和有效契约继续保留；删除前迁移消费者和测试。,True,True,5185bcea3e26d2bbb7a176fb58f77bfb38f8623a26de360c71197305cc441274,无此309路径差异；实施前仍检查新改动
E:/projects/codex/aether/AgentJYS-main/src/aether_agent_memory/b1/models.py,src/aether_agent_memory/b1/models.py,必须保留：当前依赖或暂不退役,统一 P3 入口静态 import 闭包（含 TYPE_CHECKING/可选路径，非运行证明）。,如仅含旧入口，按清单修引用；不删除用户资料,True,True,41e8e66579c92d1e9c270b7e3002bf2143e49998999ebf1d15f27e4e3c80bf30,无此309路径差异；实施前仍检查新改动
E:/projects/codex/aether/AgentJYS-main/src/aether_agent_memory/b1/pipeline.py,src/aether_agent_memory/b1/pipeline.py,需要确认：清单内整文件退役,旧Mock、Sidecar仪表盘和B1/B2/B3演示工具；目标当前本机及Azure使用canonical native BGE和统一HTTP。退出这些工具的能力是明确影响。,旧入口/兼容导出不能再调用；当前入口和有效契约继续保留；删除前迁移消费者和测试。,True,True,ed7c1e1f37a20d71011323ff5f88fdc01e002d4148aa93dcc6cbee6be6b68076,无此309路径差异；实施前仍检查新改动
E:/projects/codex/aether/AgentJYS-main/src/aether_agent_memory/b1/semantic/__init__.py,src/aether_agent_memory/b1/semantic/__init__.py,需要确认：清单内整文件退役,原路径仅转导canonical实现或空supervisor；保留canonical并修全部消费者、lazy导出与旧路径参数测试。,旧入口/兼容导出不能再调用；当前入口和有效契约继续保留；删除前迁移消费者和测试。,True,True,82d02fd1fd0da0a2a6d854905be664ba48ab76cb88b237b87b5e596c6de9dd23,无此309路径差异；实施前仍检查新改动
E:/projects/codex/aether/AgentJYS-main/src/aether_agent_memory/b1/semantic/models.py,src/aether_agent_memory/b1/semantic/models.py,需要确认：清单内整文件退役,原路径仅转导canonical实现或空supervisor；保留canonical并修全部消费者、lazy导出与旧路径参数测试。,旧入口/兼容导出不能再调用；当前入口和有效契约继续保留；删除前迁移消费者和测试。,True,True,72d9b53612937ddc8acf698338b6b23fd187ceaded6d2338e724339c0816c89a,无此309路径差异；实施前仍检查新改动
E:/projects/codex/aether/AgentJYS-main/src/aether_agent_memory/b1/semantic/service.py,src/aether_agent_memory/b1/semantic/service.py,需要确认：清单内整文件退役,原路径仅转导canonical实现或空supervisor；保留canonical并修全部消费者、lazy导出与旧路径参数测试。,旧入口/兼容导出不能再调用；当前入口和有效契约继续保留；删除前迁移消费者和测试。,True,True,c6a5f68cc195c230d89652359228c2a9cac2f38a7b56948c0eefc1b878ecc953,无此309路径差异；实施前仍检查新改动
E:/projects/codex/aether/AgentJYS-main/src/aether_agent_memory/b1/semantic/sidecar.py,src/aether_agent_memory/b1/semantic/sidecar.py,需要确认：清单内整文件退役,旧Mock、Sidecar仪表盘和B1/B2/B3演示工具；目标当前本机及Azure使用canonical native BGE和统一HTTP。退出这些工具的能力是明确影响。,旧入口/兼容导出不能再调用；当前入口和有效契约继续保留；删除前迁移消费者和测试。,True,True,72b271eb3bcff40208e339d74576b42d8f8818913747dd0d9ffe6e1ce300e589,无此309路径差异；实施前仍检查新改动
E:/projects/codex/aether/AgentJYS-main/src/aether_agent_memory/b1/sidecar.py,src/aether_agent_memory/b1/sidecar.py,需要确认：清单内整文件退役,旧Mock、Sidecar仪表盘和B1/B2/B3演示工具；目标当前本机及Azure使用canonical native BGE和统一HTTP。退出这些工具的能力是明确影响。,旧入口/兼容导出不能再调用；当前入口和有效契约继续保留；删除前迁移消费者和测试。,True,True,54e85241fa2c001d86bc674656134a30537a2d0338a22ed4ca3948bd169c2142,无此309路径差异；实施前仍检查新改动
E:/projects/codex/aether/AgentJYS-main/src/aether_agent_memory/b1/sidecar_client.py,src/aether_agent_memory/b1/sidecar_client.py,需要确认：清单内整文件退役,旧Mock、Sidecar仪表盘和B1/B2/B3演示工具；目标当前本机及Azure使用canonical native BGE和统一HTTP。退出这些工具的能力是明确影响。,旧入口/兼容导出不能再调用；当前入口和有效契约继续保留；删除前迁移消费者和测试。,True,True,27f275fd5abf485a53d02af32e607302c5ee3ee311a012261ab092441aa04622,无此309路径差异；实施前仍检查新改动
E:/projects/codex/aether/AgentJYS-main/src/aether_agent_memory/b2/__init__.py,src/aether_agent_memory/b2/__init__.py,需要确认：清单内整文件退役,属于旧MemoryRuntime/ContextCatalog/长文本Celery/B3影子调度闭包；当前Remember/Recall/Temporal/Operate已使用另一组实现。删除需迁移有效的契约和边界断言。,旧入口/兼容导出不能再调用；当前入口和有效契约继续保留；删除前迁移消费者和测试。,True,True,417a9633dac4af6396e1de9682ea768e6aabbcf64db0296b6f8328c1e088163c,无此309路径差异；实施前仍检查新改动
E:/projects/codex/aether/AgentJYS-main/src/aether_agent_memory/b2/b1_client.py,src/aether_agent_memory/b2/b1_client.py,需要确认：清单内整文件退役,属于旧MemoryRuntime/ContextCatalog/长文本Celery/B3影子调度闭包；当前Remember/Recall/Temporal/Operate已使用另一组实现。删除需迁移有效的契约和边界断言。,旧入口/兼容导出不能再调用；当前入口和有效契约继续保留；删除前迁移消费者和测试。,True,True,87af5d3e478f957dcd5800253fca64c6a6f4a57078999dfb9edf4ce74e5f51ef,无此309路径差异；实施前仍检查新改动
E:/projects/codex/aether/AgentJYS-main/src/aether_agent_memory/b2/celery_app.py,src/aether_agent_memory/b2/celery_app.py,需要确认：清单内整文件退役,属于旧MemoryRuntime/ContextCatalog/长文本Celery/B3影子调度闭包；当前Remember/Recall/Temporal/Operate已使用另一组实现。删除需迁移有效的契约和边界断言。,旧入口/兼容导出不能再调用；当前入口和有效契约继续保留；删除前迁移消费者和测试。,True,True,1179546c5496d235580573ccbc7608ffbae9eaaff99c492cf63cc70098e76180,无此309路径差异；实施前仍检查新改动
E:/projects/codex/aether/AgentJYS-main/src/aether_agent_memory/b2/compression.py,src/aether_agent_memory/b2/compression.py,需要确认：清单内整文件退役,属于旧MemoryRuntime/ContextCatalog/长文本Celery/B3影子调度闭包；当前Remember/Recall/Temporal/Operate已使用另一组实现。删除需迁移有效的契约和边界断言。,旧入口/兼容导出不能再调用；当前入口和有效契约继续保留；删除前迁移消费者和测试。,True,True,672eef0509c403157b560b446b00ad06dc1dbc92d22958ee258e6d1c369767f4,无此309路径差异；实施前仍检查新改动
E:/projects/codex/aether/AgentJYS-main/src/aether_agent_memory/b2/compression_store.py,src/aether_agent_memory/b2/compression_store.py,需要确认：清单内整文件退役,属于旧MemoryRuntime/ContextCatalog/长文本Celery/B3影子调度闭包；当前Remember/Recall/Temporal/Operate已使用另一组实现。删除需迁移有效的契约和边界断言。,旧入口/兼容导出不能再调用；当前入口和有效契约继续保留；删除前迁移消费者和测试。,True,True,a051c04ad138695084a23dfe54d58d3f544ba280d704cbcbeb0f0aba2478d26d,无此309路径差异；实施前仍检查新改动
E:/projects/codex/aether/AgentJYS-main/src/aether_agent_memory/b2/events.py,src/aether_agent_memory/b2/events.py,需要确认：清单内整文件退役,属于旧MemoryRuntime/ContextCatalog/长文本Celery/B3影子调度闭包；当前Remember/Recall/Temporal/Operate已使用另一组实现。删除需迁移有效的契约和边界断言。,旧入口/兼容导出不能再调用；当前入口和有效契约继续保留；删除前迁移消费者和测试。,True,True,5f31540ada7bde13f55333797b4966da48b3c43b05a0ba912d238404b6a8e6ff,无此309路径差异；实施前仍检查新改动
E:/projects/codex/aether/AgentJYS-main/src/aether_agent_memory/b2/long_text.py,src/aether_agent_memory/b2/long_text.py,需要确认：清单内整文件退役,属于旧MemoryRuntime/ContextCatalog/长文本Celery/B3影子调度闭包；当前Remember/Recall/Temporal/Operate已使用另一组实现。删除需迁移有效的契约和边界断言。,旧入口/兼容导出不能再调用；当前入口和有效契约继续保留；删除前迁移消费者和测试。,True,True,924f7b4f287f8f4d07a8ba02e2ff3c3b04bff633af3edce5f33be7b22f68fdf7,无此309路径差异；实施前仍检查新改动
E:/projects/codex/aether/AgentJYS-main/src/aether_agent_memory/b2/memory_consolidation.py,src/aether_agent_memory/b2/memory_consolidation.py,需要确认：清单内整文件退役,属于旧MemoryRuntime/ContextCatalog/长文本Celery/B3影子调度闭包；当前Remember/Recall/Temporal/Operate已使用另一组实现。删除需迁移有效的契约和边界断言。,旧入口/兼容导出不能再调用；当前入口和有效契约继续保留；删除前迁移消费者和测试。,True,True,194e6b01d8e00a0b7e8b9039427bd5177aedc8d68c47d6f66361df73f17f1bef,无此309路径差异；实施前仍检查新改动
E:/projects/codex/aether/AgentJYS-main/src/aether_agent_memory/b2/milvus_store.py,src/aether_agent_memory/b2/milvus_store.py,需要确认：清单内整文件退役,属于旧MemoryRuntime/ContextCatalog/长文本Celery/B3影子调度闭包；当前Remember/Recall/Temporal/Operate已使用另一组实现。删除需迁移有效的契约和边界断言。,旧入口/兼容导出不能再调用；当前入口和有效契约继续保留；删除前迁移消费者和测试。,True,True,99360e4193505018bdeae54f526e323942f53db00582edd1f0f4b5f0ddfff13f,无此309路径差异；实施前仍检查新改动
E:/projects/codex/aether/AgentJYS-main/src/aether_agent_memory/b2/p2_bridge.py,src/aether_agent_memory/b2/p2_bridge.py,需要确认：清单内整文件退役,属于旧MemoryRuntime/ContextCatalog/长文本Celery/B3影子调度闭包；当前Remember/Recall/Temporal/Operate已使用另一组实现。删除需迁移有效的契约和边界断言。,旧入口/兼容导出不能再调用；当前入口和有效契约继续保留；删除前迁移消费者和测试。,True,True,09efe0f56614c49a31d68e269ddfbb86e73516bbb5a288cfeb6355746dd79cf3,无此309路径差异；实施前仍检查新改动
E:/projects/codex/aether/AgentJYS-main/src/aether_agent_memory/b2/retrieval.py,src/aether_agent_memory/b2/retrieval.py,需要确认：清单内整文件退役,属于旧MemoryRuntime/ContextCatalog/长文本Celery/B3影子调度闭包；当前Remember/Recall/Temporal/Operate已使用另一组实现。删除需迁移有效的契约和边界断言。,旧入口/兼容导出不能再调用；当前入口和有效契约继续保留；删除前迁移消费者和测试。,True,True,4daa58b3d3e536f7ebfebc413cc881b326e7de4e5278c1a5198fad5173f76f33,无此309路径差异；实施前仍检查新改动
E:/projects/codex/aether/AgentJYS-main/src/aether_agent_memory/b2/service.py,src/aether_agent_memory/b2/service.py,需要确认：清单内整文件退役,属于旧MemoryRuntime/ContextCatalog/长文本Celery/B3影子调度闭包；当前Remember/Recall/Temporal/Operate已使用另一组实现。删除需迁移有效的契约和边界断言。,旧入口/兼容导出不能再调用；当前入口和有效契约继续保留；删除前迁移消费者和测试。,True,True,9027873ad4763db02739b7414988a6227cd3564b62bc2edcf236697c49a31860,无此309路径差异；实施前仍检查新改动
E:/projects/codex/aether/AgentJYS-main/src/aether_agent_memory/b2/task_status.py,src/aether_agent_memory/b2/task_status.py,需要确认：清单内整文件退役,属于旧MemoryRuntime/ContextCatalog/长文本Celery/B3影子调度闭包；当前Remember/Recall/Temporal/Operate已使用另一组实现。删除需迁移有效的契约和边界断言。,旧入口/兼容导出不能再调用；当前入口和有效契约继续保留；删除前迁移消费者和测试。,True,True,029f2a1b11214b2de836479271dc6427c323f0bbb8e0a6e63ff5333c03fe0103,无此309路径差异；实施前仍检查新改动
E:/projects/codex/aether/AgentJYS-main/src/aether_agent_memory/b2/text_classifier.py,src/aether_agent_memory/b2/text_classifier.py,需要确认：清单内整文件退役,属于旧MemoryRuntime/ContextCatalog/长文本Celery/B3影子调度闭包；当前Remember/Recall/Temporal/Operate已使用另一组实现。删除需迁移有效的契约和边界断言。,旧入口/兼容导出不能再调用；当前入口和有效契约继续保留；删除前迁移消费者和测试。,True,True,3d6f3280891aaa1954be3359346986f60816b28357f71cb28c24d4ef7032a531,无此309路径差异；实施前仍检查新改动
E:/projects/codex/aether/AgentJYS-main/src/aether_agent_memory/b3/__init__.py,src/aether_agent_memory/b3/__init__.py,需要确认：清单内整文件退役,属于旧MemoryRuntime/ContextCatalog/长文本Celery/B3影子调度闭包；当前Remember/Recall/Temporal/Operate已使用另一组实现。删除需迁移有效的契约和边界断言。,旧入口/兼容导出不能再调用；当前入口和有效契约继续保留；删除前迁移消费者和测试。,True,True,0c11021eab03e3e5808b75464f7f5f94f86ddf034e0d31d1c5f3008d9f4d4519,无此309路径差异；实施前仍检查新改动
E:/projects/codex/aether/AgentJYS-main/src/aether_agent_memory/b3/action_log.py,src/aether_agent_memory/b3/action_log.py,需要确认：清单内整文件退役,属于旧MemoryRuntime/ContextCatalog/长文本Celery/B3影子调度闭包；当前Remember/Recall/Temporal/Operate已使用另一组实现。删除需迁移有效的契约和边界断言。,旧入口/兼容导出不能再调用；当前入口和有效契约继续保留；删除前迁移消费者和测试。,True,True,c3132bddf91f912f7ddc51487e4e6ab3859e17df36e9b9660b4912cff8a21ef8,无此309路径差异；实施前仍检查新改动
E:/projects/codex/aether/AgentJYS-main/src/aether_agent_memory/b3/application.py,src/aether_agent_memory/b3/application.py,需要确认：清单内整文件退役,属于旧MemoryRuntime/ContextCatalog/长文本Celery/B3影子调度闭包；当前Remember/Recall/Temporal/Operate已使用另一组实现。删除需迁移有效的契约和边界断言。,旧入口/兼容导出不能再调用；当前入口和有效契约继续保留；删除前迁移消费者和测试。,True,True,cf5af51a2495a2d72d1df99f511f8c0dcd84d446da176f01d61f86a1d5f49143,无此309路径差异；实施前仍检查新改动
E:/projects/codex/aether/AgentJYS-main/src/aether_agent_memory/b3/executor.py,src/aether_agent_memory/b3/executor.py,需要确认：清单内整文件退役,属于旧MemoryRuntime/ContextCatalog/长文本Celery/B3影子调度闭包；当前Remember/Recall/Temporal/Operate已使用另一组实现。删除需迁移有效的契约和边界断言。,旧入口/兼容导出不能再调用；当前入口和有效契约继续保留；删除前迁移消费者和测试。,True,True,c7f43d6aa0428db93084b089de3b64ef0f9c280d1cda2f8842892ddd7524efc1,无此309路径差异；实施前仍检查新改动
E:/projects/codex/aether/AgentJYS-main/src/aether_agent_memory/b3/heuristic.py,src/aether_agent_memory/b3/heuristic.py,需要确认：清单内整文件退役,属于旧MemoryRuntime/ContextCatalog/长文本Celery/B3影子调度闭包；当前Remember/Recall/Temporal/Operate已使用另一组实现。删除需迁移有效的契约和边界断言。,旧入口/兼容导出不能再调用；当前入口和有效契约继续保留；删除前迁移消费者和测试。,True,True,3334d30c883a3ff981d7ddc1e1ef271f8964603ab5724b404ae6a95644bfbe02,无此309路径差异；实施前仍检查新改动
E:/projects/codex/aether/AgentJYS-main/src/aether_agent_memory/b3/models.py,src/aether_agent_memory/b3/models.py,需要确认：清单内整文件退役,属于旧MemoryRuntime/ContextCatalog/长文本Celery/B3影子调度闭包；当前Remember/Recall/Temporal/Operate已使用另一组实现。删除需迁移有效的契约和边界断言。,旧入口/兼容导出不能再调用；当前入口和有效契约继续保留；删除前迁移消费者和测试。,True,True,b758f5908b75dcac03737f64b1cd575d226ac21974412f2531650dde62d59bc9,无此309路径差异；实施前仍检查新改动
E:/projects/codex/aether/AgentJYS-main/src/aether_agent_memory/b3/scheduler.py,src/aether_agent_memory/b3/scheduler.py,需要确认：清单内整文件退役,属于旧MemoryRuntime/ContextCatalog/长文本Celery/B3影子调度闭包；当前Remember/Recall/Temporal/Operate已使用另一组实现。删除需迁移有效的契约和边界断言。,旧入口/兼容导出不能再调用；当前入口和有效契约继续保留；删除前迁移消费者和测试。,True,True,41736ee0aebae6cc0f160915419a38103ba7f4dd7fed30220d9087edf14d1741,无此309路径差异；实施前仍检查新改动
E:/projects/codex/aether/AgentJYS-main/src/aether_agent_memory/bootstrap/__init__.py,src/aether_agent_memory/bootstrap/__init__.py,需要确认：清单内整文件退役,当前部署使用__main__→runtime/flows/cli→Service；本组由已退休app/bootstrap/旧API/独立queue workers互相引用，非现行装配。旧compose/安装导出同步退出。,旧入口/兼容导出不能再调用；当前入口和有效契约继续保留；删除前迁移消费者和测试。,True,True,408f7ba4b419182ddfe4660ad5234a5f7a1d37f154357c1729d6e21f72e5779d,无此309路径差异；实施前仍检查新改动
E:/projects/codex/aether/AgentJYS-main/src/aether_agent_memory/bootstrap/container.py,src/aether_agent_memory/bootstrap/container.py,需要确认：清单内整文件退役,当前部署使用__main__→runtime/flows/cli→Service；本组由已退休app/bootstrap/旧API/独立queue workers互相引用，非现行装配。旧compose/安装导出同步退出。,旧入口/兼容导出不能再调用；当前入口和有效契约继续保留；删除前迁移消费者和测试。,True,True,643cfcbbdea255b8a0bcf9c8dde5d3c4958bff55869e38e621a9ec5490d05d0f,无此309路径差异；实施前仍检查新改动
E:/projects/codex/aether/AgentJYS-main/src/aether_agent_memory/config/__init__.py,src/aether_agent_memory/config/__init__.py,需要确认：清单内整文件退役,当前部署使用__main__→runtime/flows/cli→Service；本组由已退休app/bootstrap/旧API/独立queue workers互相引用，非现行装配。旧compose/安装导出同步退出。,旧入口/兼容导出不能再调用；当前入口和有效契约继续保留；删除前迁移消费者和测试。,True,True,02b0ca1fce8e3cfdcaa7642f9b5627480b92cbdf6b80ab327d697b84fa3a51b5,无此309路径差异；实施前仍检查新改动
E:/projects/codex/aether/AgentJYS-main/src/aether_agent_memory/config/app_settings.py,src/aether_agent_memory/config/app_settings.py,需要确认：清单内整文件退役,当前部署使用__main__→runtime/flows/cli→Service；本组由已退休app/bootstrap/旧API/独立queue workers互相引用，非现行装配。旧compose/安装导出同步退出。,旧入口/兼容导出不能再调用；当前入口和有效契约继续保留；删除前迁移消费者和测试。,True,True,257c0ba9b3d278d7bcc5ff5f1cf63a54609f03e152d293a06ca9913fa12b63c5,废弃项不从参考来源导入；目标现有文件按删除清单处理
E:/projects/codex/aether/AgentJYS-main/src/aether_agent_memory/config/settings.py,src/aether_agent_memory/config/settings.py,需要确认：清单内整文件退役,当前部署使用__main__→runtime/flows/cli→Service；本组由已退休app/bootstrap/旧API/独立queue workers互相引用，非现行装配。旧compose/安装导出同步退出。,旧入口/兼容导出不能再调用；当前入口和有效契约继续保留；删除前迁移消费者和测试。,True,True,1cfe60392bef3a246d25c4be6604c5e290db5949e0c91fab2cb04c2482fecb34,无此309路径差异；实施前仍检查新改动
E:/projects/codex/aether/AgentJYS-main/src/aether_agent_memory/context/__init__.py,src/aether_agent_memory/context/__init__.py,需要确认：清单内整文件退役,属于旧MemoryRuntime/ContextCatalog/长文本Celery/B3影子调度闭包；当前Remember/Recall/Temporal/Operate已使用另一组实现。删除需迁移有效的契约和边界断言。,旧入口/兼容导出不能再调用；当前入口和有效契约继续保留；删除前迁移消费者和测试。,True,True,f21eb1bc1006844640c423ed94a6cf245658bf9cd1974d1dafbaa8adf72ad9ef,无此309路径差异；实施前仍检查新改动
E:/projects/codex/aether/AgentJYS-main/src/aether_agent_memory/context/builder.py,src/aether_agent_memory/context/builder.py,需要确认：清单内整文件退役,属于旧MemoryRuntime/ContextCatalog/长文本Celery/B3影子调度闭包；当前Remember/Recall/Temporal/Operate已使用另一组实现。删除需迁移有效的契约和边界断言。,旧入口/兼容导出不能再调用；当前入口和有效契约继续保留；删除前迁移消费者和测试。,True,True,3ea0521e82fc6d8dd962719613dc4af363e4128cbf93a9a474ce952cc44718f9,无此309路径差异；实施前仍检查新改动
E:/projects/codex/aether/AgentJYS-main/src/aether_agent_memory/context/models.py,src/aether_agent_memory/context/models.py,需要确认：清单内整文件退役,属于旧MemoryRuntime/ContextCatalog/长文本Celery/B3影子调度闭包；当前Remember/Recall/Temporal/Operate已使用另一组实现。删除需迁移有效的契约和边界断言。,旧入口/兼容导出不能再调用；当前入口和有效契约继续保留；删除前迁移消费者和测试。,True,True,3e36e081038ef9cb5eb148bea19a7709ae916d07631977390410955f65adb18e,无此309路径差异；实施前仍检查新改动
E:/projects/codex/aether/AgentJYS-main/src/aether_agent_memory/context_store/__init__.py,src/aether_agent_memory/context_store/__init__.py,需要确认：清单内整文件退役,属于旧MemoryRuntime/ContextCatalog/长文本Celery/B3影子调度闭包；当前Remember/Recall/Temporal/Operate已使用另一组实现。删除需迁移有效的契约和边界断言。,旧入口/兼容导出不能再调用；当前入口和有效契约继续保留；删除前迁移消费者和测试。,True,True,8a683ddb7923b955a9ba2447a9a28a2ecd8500421337e6a61bb2eacc86a8acd0,无此309路径差异；实施前仍检查新改动
E:/projects/codex/aether/AgentJYS-main/src/aether_agent_memory/context_store/access.py,src/aether_agent_memory/context_store/access.py,需要确认：清单内整文件退役,属于旧MemoryRuntime/ContextCatalog/长文本Celery/B3影子调度闭包；当前Remember/Recall/Temporal/Operate已使用另一组实现。删除需迁移有效的契约和边界断言。,旧入口/兼容导出不能再调用；当前入口和有效契约继续保留；删除前迁移消费者和测试。,True,True,d4c84d90557852b3cd10962b913829cc26766ce4be6c90bd52d0cdaf12506bb7,无此309路径差异；实施前仍检查新改动
E:/projects/codex/aether/AgentJYS-main/src/aether_agent_memory/context_store/errors.py,src/aether_agent_memory/context_store/errors.py,需要确认：清单内整文件退役,属于旧MemoryRuntime/ContextCatalog/长文本Celery/B3影子调度闭包；当前Remember/Recall/Temporal/Operate已使用另一组实现。删除需迁移有效的契约和边界断言。,旧入口/兼容导出不能再调用；当前入口和有效契约继续保留；删除前迁移消费者和测试。,True,True,38d485e067ed0b4e0b55c15a6e925931c8bee624ee0813eb85cdc80055040ac0,无此309路径差异；实施前仍检查新改动
E:/projects/codex/aether/AgentJYS-main/src/aether_agent_memory/context_store/hierarchical.py,src/aether_agent_memory/context_store/hierarchical.py,需要确认：清单内整文件退役,属于旧MemoryRuntime/ContextCatalog/长文本Celery/B3影子调度闭包；当前Remember/Recall/Temporal/Operate已使用另一组实现。删除需迁移有效的契约和边界断言。,旧入口/兼容导出不能再调用；当前入口和有效契约继续保留；删除前迁移消费者和测试。,True,True,fa20741224cdfe45472c01bd57f99f9cf1e8adb79a6f2ab1d831e46447a4c5e7,无此309路径差异；实施前仍检查新改动
E:/projects/codex/aether/AgentJYS-main/src/aether_agent_memory/context_store/in_memory.py,src/aether_agent_memory/context_store/in_memory.py,需要确认：清单内整文件退役,属于旧MemoryRuntime/ContextCatalog/长文本Celery/B3影子调度闭包；当前Remember/Recall/Temporal/Operate已使用另一组实现。删除需迁移有效的契约和边界断言。,旧入口/兼容导出不能再调用；当前入口和有效契约继续保留；删除前迁移消费者和测试。,True,True,e26a29eb8b710da58d03c03d202a493b610886549ca83a179add66c770aa861b,无此309路径差异；实施前仍检查新改动
E:/projects/codex/aether/AgentJYS-main/src/aether_agent_memory/context_store/mapping.py,src/aether_agent_memory/context_store/mapping.py,需要确认：清单内整文件退役,属于旧MemoryRuntime/ContextCatalog/长文本Celery/B3影子调度闭包；当前Remember/Recall/Temporal/Operate已使用另一组实现。删除需迁移有效的契约和边界断言。,旧入口/兼容导出不能再调用；当前入口和有效契约继续保留；删除前迁移消费者和测试。,True,True,a128572e95679f3452d166826243f6ad8c1c467833a99ee991550884b5f1598c,无此309路径差异；实施前仍检查新改动
E:/projects/codex/aether/AgentJYS-main/src/aether_agent_memory/context_store/models.py,src/aether_agent_memory/context_store/models.py,需要确认：清单内整文件退役,属于旧MemoryRuntime/ContextCatalog/长文本Celery/B3影子调度闭包；当前Remember/Recall/Temporal/Operate已使用另一组实现。删除需迁移有效的契约和边界断言。,旧入口/兼容导出不能再调用；当前入口和有效契约继续保留；删除前迁移消费者和测试。,True,True,54c8af66e87fd253c8822dc2d746d65061adfade620018956ed1e9718d916f01,无此309路径差异；实施前仍检查新改动
E:/projects/codex/aether/AgentJYS-main/src/aether_agent_memory/context_store/ports.py,src/aether_agent_memory/context_store/ports.py,需要确认：清单内整文件退役,属于旧MemoryRuntime/ContextCatalog/长文本Celery/B3影子调度闭包；当前Remember/Recall/Temporal/Operate已使用另一组实现。删除需迁移有效的契约和边界断言。,旧入口/兼容导出不能再调用；当前入口和有效契约继续保留；删除前迁移消费者和测试。,True,True,ab35872ce4a374a8b757acc5effcd0b051c11bffeb1cee817f425083072425df,无此309路径差异；实施前仍检查新改动
E:/projects/codex/aether/AgentJYS-main/src/aether_agent_memory/context_store/reindex.py,src/aether_agent_memory/context_store/reindex.py,需要确认：清单内整文件退役,属于旧MemoryRuntime/ContextCatalog/长文本Celery/B3影子调度闭包；当前Remember/Recall/Temporal/Operate已使用另一组实现。删除需迁移有效的契约和边界断言。,旧入口/兼容导出不能再调用；当前入口和有效契约继续保留；删除前迁移消费者和测试。,True,True,5fe8d83d3d1279e641e7842f356f6584690bb258c5d295b91cc5b155e40e374a,无此309路径差异；实施前仍检查新改动
E:/projects/codex/aether/AgentJYS-main/src/aether_agent_memory/context_store/uri.py,src/aether_agent_memory/context_store/uri.py,需要确认：清单内整文件退役,属于旧MemoryRuntime/ContextCatalog/长文本Celery/B3影子调度闭包；当前Remember/Recall/Temporal/Operate已使用另一组实现。删除需迁移有效的契约和边界断言。,旧入口/兼容导出不能再调用；当前入口和有效契约继续保留；删除前迁移消费者和测试。,True,True,ae42621d4c3228cce70585fda8d6392da4c19c6993c059beb51602a814d50f03,无此309路径差异；实施前仍检查新改动
E:/projects/codex/aether/AgentJYS-main/src/aether_agent_memory/core/__init__.py,src/aether_agent_memory/core/__init__.py,必须保留：当前依赖或暂不退役,统一 P3 入口静态 import 闭包（含 TYPE_CHECKING/可选路径，非运行证明）。,如仅含旧入口，按清单修引用；不删除用户资料,True,True,51a123f2a84f30042be7f1f3086e59dc46eacbefdd45b467090bb90176e3ce89,无此309路径差异；实施前仍检查新改动
E:/projects/codex/aether/AgentJYS-main/src/aether_agent_memory/core/enums.py,src/aether_agent_memory/core/enums.py,必须保留：当前依赖或暂不退役,统一 P3 入口静态 import 闭包（含 TYPE_CHECKING/可选路径，非运行证明）。,如仅含旧入口，按清单修引用；不删除用户资料,True,True,a7553b8f4ae65bc5c68c16ad27031106bcfac6e22be2f9ae43e54e5899096434,无此309路径差异；实施前仍检查新改动
E:/projects/codex/aether/AgentJYS-main/src/aether_agent_memory/core/exceptions.py,src/aether_agent_memory/core/exceptions.py,必须保留：当前依赖或暂不退役,统一 P3 入口静态 import 闭包（含 TYPE_CHECKING/可选路径，非运行证明）。,如仅含旧入口，按清单修引用；不删除用户资料,True,True,8d92f922c2916d9983e1b44123f4bfbe367761362c36a32b0caefbbff30e0755,无此309路径差异；实施前仍检查新改动
E:/projects/codex/aether/AgentJYS-main/src/aether_agent_memory/core/memory.py,src/aether_agent_memory/core/memory.py,必须保留：当前依赖或暂不退役,统一 P3 入口静态 import 闭包（含 TYPE_CHECKING/可选路径，非运行证明）。,如仅含旧入口，按清单修引用；不删除用户资料,True,True,92d0403510d7e8c62104d466bfdff0b552c80e989df4fd81c09839399cb6dabe,无此309路径差异；实施前仍检查新改动
E:/projects/codex/aether/AgentJYS-main/src/aether_agent_memory/core/scope.py,src/aether_agent_memory/core/scope.py,必须保留：当前依赖或暂不退役,统一 P3 入口静态 import 闭包（含 TYPE_CHECKING/可选路径，非运行证明）。,如仅含旧入口，按清单修引用；不删除用户资料,True,True,8c904a57ff593bec0f967394610d30f231417680675f3fe95cebf604ebb31783,无此309路径差异；实施前仍检查新改动
E:/projects/codex/aether/AgentJYS-main/src/aether_agent_memory/demo/__init__.py,src/aether_agent_memory/demo/__init__.py,需要确认：清单内整文件退役,旧Mock、Sidecar仪表盘和B1/B2/B3演示工具；目标当前本机及Azure使用canonical native BGE和统一HTTP。退出这些工具的能力是明确影响。,旧入口/兼容导出不能再调用；当前入口和有效契约继续保留；删除前迁移消费者和测试。,True,True,75bfb9204f10fbfabd27d699bd19c055627dcafcddb587d052ddcf5dc97269d0,无此309路径差异；实施前仍检查新改动
E:/projects/codex/aether/AgentJYS-main/src/aether_agent_memory/demo/flow.py,src/aether_agent_memory/demo/flow.py,需要确认：清单内整文件退役,旧Mock、Sidecar仪表盘和B1/B2/B3演示工具；目标当前本机及Azure使用canonical native BGE和统一HTTP。退出这些工具的能力是明确影响。,旧入口/兼容导出不能再调用；当前入口和有效契约继续保留；删除前迁移消费者和测试。,True,True,b3063366572f142fde10a01c6eb101e57e323ffd74023df51ac014735daea402,无此309路径差异；实施前仍检查新改动
E:/projects/codex/aether/AgentJYS-main/src/aether_agent_memory/demo/service.py,src/aether_agent_memory/demo/service.py,需要确认：清单内整文件退役,旧Mock、Sidecar仪表盘和B1/B2/B3演示工具；目标当前本机及Azure使用canonical native BGE和统一HTTP。退出这些工具的能力是明确影响。,旧入口/兼容导出不能再调用；当前入口和有效契约继续保留；删除前迁移消费者和测试。,True,True,8a5e6f11d8d5c2405e8b9c579744c833637f50675f432adfc82f13a8ab346791,无此309路径差异；实施前仍检查新改动
E:/projects/codex/aether/AgentJYS-main/src/aether_agent_memory/episodic/__init__.py,src/aether_agent_memory/episodic/__init__.py,需要确认：清单内整文件退役,旧Mock、Sidecar仪表盘和B1/B2/B3演示工具；目标当前本机及Azure使用canonical native BGE和统一HTTP。退出这些工具的能力是明确影响。,旧入口/兼容导出不能再调用；当前入口和有效契约继续保留；删除前迁移消费者和测试。,True,True,ae9bfad9ebdabee5a25c2ca4d65b5f6cbbd3609927f2d0182308d6cf862c6263,无此309路径差异；实施前仍检查新改动
E:/projects/codex/aether/AgentJYS-main/src/aether_agent_memory/episodic/manager.py,src/aether_agent_memory/episodic/manager.py,需要确认：清单内整文件退役,旧Mock、Sidecar仪表盘和B1/B2/B3演示工具；目标当前本机及Azure使用canonical native BGE和统一HTTP。退出这些工具的能力是明确影响。,旧入口/兼容导出不能再调用；当前入口和有效契约继续保留；删除前迁移消费者和测试。,True,True,3f0804300798cd1956d7f873c479dfb6fc6804a858d621a15356306096fcfbb0,无此309路径差异；实施前仍检查新改动
E:/projects/codex/aether/AgentJYS-main/src/aether_agent_memory/integration/__init__.py,src/aether_agent_memory/integration/__init__.py,需要确认：清单内整文件退役,当前部署使用__main__→runtime/flows/cli→Service；本组由已退休app/bootstrap/旧API/独立queue workers互相引用，非现行装配。旧compose/安装导出同步退出。,旧入口/兼容导出不能再调用；当前入口和有效契约继续保留；删除前迁移消费者和测试。,True,True,5d64ccb6e2593707c162f7116d683e49b79e1d8c0275d7cd7d255e63c6dd9f82,无此309路径差异；实施前仍检查新改动
E:/projects/codex/aether/AgentJYS-main/src/aether_agent_memory/integration/context.py,src/aether_agent_memory/integration/context.py,需要确认：清单内整文件退役,当前部署使用__main__→runtime/flows/cli→Service；本组由已退休app/bootstrap/旧API/独立queue workers互相引用，非现行装配。旧compose/安装导出同步退出。,旧入口/兼容导出不能再调用；当前入口和有效契约继续保留；删除前迁移消费者和测试。,True,True,c9c4e34a71243a63816153f221331a92d388bdfb8de71b8bbe046d4902746197,无此309路径差异；实施前仍检查新改动
E:/projects/codex/aether/AgentJYS-main/src/aether_agent_memory/integration/http.py,src/aether_agent_memory/integration/http.py,需要确认：清单内整文件退役,当前部署使用__main__→runtime/flows/cli→Service；本组由已退休app/bootstrap/旧API/独立queue workers互相引用，非现行装配。旧compose/安装导出同步退出。,旧入口/兼容导出不能再调用；当前入口和有效契约继续保留；删除前迁移消费者和测试。,True,True,56b00ee700acf1643dcee68cd0d73d748e8f15ebd534a65d01e2eafb671e33da,无此309路径差异；实施前仍检查新改动
E:/projects/codex/aether/AgentJYS-main/src/aether_agent_memory/integration/schemas.py,src/aether_agent_memory/integration/schemas.py,需要确认：清单内整文件退役,当前部署使用__main__→runtime/flows/cli→Service；本组由已退休app/bootstrap/旧API/独立queue workers互相引用，非现行装配。旧compose/安装导出同步退出。,旧入口/兼容导出不能再调用；当前入口和有效契约继续保留；删除前迁移消费者和测试。,True,True,679c30c426f8f334d5bf11abbbd9f2faae86fa2647bc3c9827702a8e449a5b46,无此309路径差异；实施前仍检查新改动
E:/projects/codex/aether/AgentJYS-main/src/aether_agent_memory/interfaces/__init__.py,src/aether_agent_memory/interfaces/__init__.py,需要确认：清单内整文件退役,属于旧MemoryRuntime/ContextCatalog/长文本Celery/B3影子调度闭包；当前Remember/Recall/Temporal/Operate已使用另一组实现。删除需迁移有效的契约和边界断言。,旧入口/兼容导出不能再调用；当前入口和有效契约继续保留；删除前迁移消费者和测试。,True,True,3cf8c1599d59a5ec2121d9b99b9dfab642580d2507f0fb47695f3b2182974438,无此309路径差异；实施前仍检查新改动
E:/projects/codex/aether/AgentJYS-main/src/aether_agent_memory/interfaces/context.py,src/aether_agent_memory/interfaces/context.py,需要确认：清单内整文件退役,属于旧MemoryRuntime/ContextCatalog/长文本Celery/B3影子调度闭包；当前Remember/Recall/Temporal/Operate已使用另一组实现。删除需迁移有效的契约和边界断言。,旧入口/兼容导出不能再调用；当前入口和有效契约继续保留；删除前迁移消费者和测试。,True,True,30c45d52a2e59394b09362a6fedacbbd0570c47d3c65f441c984061625961791,无此309路径差异；实施前仍检查新改动
E:/projects/codex/aether/AgentJYS-main/src/aether_agent_memory/interfaces/embedding.py,src/aether_agent_memory/interfaces/embedding.py,需要确认：清单内整文件退役,属于旧MemoryRuntime/ContextCatalog/长文本Celery/B3影子调度闭包；当前Remember/Recall/Temporal/Operate已使用另一组实现。删除需迁移有效的契约和边界断言。,旧入口/兼容导出不能再调用；当前入口和有效契约继续保留；删除前迁移消费者和测试。,True,True,61995c873a8c1f728c8288e564d3281117da34105ef01321c4f2d79930d6ba5a,无此309路径差异；实施前仍检查新改动
E:/projects/codex/aether/AgentJYS-main/src/aether_agent_memory/interfaces/managers.py,src/aether_agent_memory/interfaces/managers.py,需要确认：清单内整文件退役,属于旧MemoryRuntime/ContextCatalog/长文本Celery/B3影子调度闭包；当前Remember/Recall/Temporal/Operate已使用另一组实现。删除需迁移有效的契约和边界断言。,旧入口/兼容导出不能再调用；当前入口和有效契约继续保留；删除前迁移消费者和测试。,True,True,dfa7d9a7f45a8a568f8f2e5eedc401eb0e3d26b9429bf07b968bced2ede74e20,无此309路径差异；实施前仍检查新改动
E:/projects/codex/aether/AgentJYS-main/src/aether_agent_memory/interfaces/memory_store.py,src/aether_agent_memory/interfaces/memory_store.py,需要确认：清单内整文件退役,属于旧MemoryRuntime/ContextCatalog/长文本Celery/B3影子调度闭包；当前Remember/Recall/Temporal/Operate已使用另一组实现。删除需迁移有效的契约和边界断言。,旧入口/兼容导出不能再调用；当前入口和有效契约继续保留；删除前迁移消费者和测试。,True,True,d196f9ebd51df9f9c57d23cd47d6214b7119c48975854def0b3799d029ed1e64,无此309路径差异；实施前仍检查新改动
E:/projects/codex/aether/AgentJYS-main/src/aether_agent_memory/interfaces/signal.py,src/aether_agent_memory/interfaces/signal.py,需要确认：清单内整文件退役,属于旧MemoryRuntime/ContextCatalog/长文本Celery/B3影子调度闭包；当前Remember/Recall/Temporal/Operate已使用另一组实现。删除需迁移有效的契约和边界断言。,旧入口/兼容导出不能再调用；当前入口和有效契约继续保留；删除前迁移消费者和测试。,True,True,10670c9ad37de4676362440f15c69621f21aa23f7b1ee7333ced641c5123217b,无此309路径差异；实施前仍检查新改动
E:/projects/codex/aether/AgentJYS-main/src/aether_agent_memory/interfaces/storage.py,src/aether_agent_memory/interfaces/storage.py,需要确认：清单内整文件退役,属于旧MemoryRuntime/ContextCatalog/长文本Celery/B3影子调度闭包；当前Remember/Recall/Temporal/Operate已使用另一组实现。删除需迁移有效的契约和边界断言。,旧入口/兼容导出不能再调用；当前入口和有效契约继续保留；删除前迁移消费者和测试。,True,True,ae3d2177e34be3d6692edf828cbf0a84884fc27df2d488fa498ce802e258cd5c,无此309路径差异；实施前仍检查新改动
E:/projects/codex/aether/AgentJYS-main/src/aether_agent_memory/lifecycle/__init__.py,src/aether_agent_memory/lifecycle/__init__.py,必须保留：当前依赖或暂不退役,统一 P3 入口静态 import 闭包（含 TYPE_CHECKING/可选路径，非运行证明）。,如仅含旧入口，按清单修引用；不删除用户资料,True,True,c96a99925c774cff3786ce184799ee264d99155df64a5ff02bd4caad2378a8f0,无此309路径差异；实施前仍检查新改动
E:/projects/codex/aether/AgentJYS-main/src/aether_agent_memory/lifecycle/decay.py,src/aether_agent_memory/lifecycle/decay.py,必须保留：当前依赖或暂不退役,统一 P3 入口静态 import 闭包（含 TYPE_CHECKING/可选路径，非运行证明）。,如仅含旧入口，按清单修引用；不删除用户资料,True,True,45bb34cab5bc7c821bbfa9277b0f30051b6e81db587f22cdd230015101dd7a24,无此309路径差异；实施前仍检查新改动
E:/projects/codex/aether/AgentJYS-main/src/aether_agent_memory/lifecycle/state.py,src/aether_agent_memory/lifecycle/state.py,必须保留：当前依赖或暂不退役,统一 P3 入口静态 import 闭包（含 TYPE_CHECKING/可选路径，非运行证明）。,如仅含旧入口，按清单修引用；不删除用户资料,True,True,25125fcfdd7f237199f2a1c49b137a614a23021a33b61dd4769410d97490b10e,无此309路径差异；实施前仍检查新改动
E:/projects/codex/aether/AgentJYS-main/src/aether_agent_memory/memory/__init__.py,src/aether_agent_memory/memory/__init__.py,需要确认：清单内整文件退役,属于旧MemoryRuntime/ContextCatalog/长文本Celery/B3影子调度闭包；当前Remember/Recall/Temporal/Operate已使用另一组实现。删除需迁移有效的契约和边界断言。,旧入口/兼容导出不能再调用；当前入口和有效契约继续保留；删除前迁移消费者和测试。,True,True,7aafd3f9e23cf8dc3af359d468f266b34304066b5c98ecc950b6fd09b743f85b,无此309路径差异；实施前仍检查新改动
E:/projects/codex/aether/AgentJYS-main/src/aether_agent_memory/memory/context/__init__.py,src/aether_agent_memory/memory/context/__init__.py,需要确认：清单内整文件退役,属于旧MemoryRuntime/ContextCatalog/长文本Celery/B3影子调度闭包；当前Remember/Recall/Temporal/Operate已使用另一组实现。删除需迁移有效的契约和边界断言。,旧入口/兼容导出不能再调用；当前入口和有效契约继续保留；删除前迁移消费者和测试。,True,True,2afea9119eb1fab3a07d0320dc698d9e858925506b38036384246c79acd75317,无此309路径差异；实施前仍检查新改动
E:/projects/codex/aether/AgentJYS-main/src/aether_agent_memory/memory/context/builder.py,src/aether_agent_memory/memory/context/builder.py,需要确认：清单内整文件退役,属于旧MemoryRuntime/ContextCatalog/长文本Celery/B3影子调度闭包；当前Remember/Recall/Temporal/Operate已使用另一组实现。删除需迁移有效的契约和边界断言。,旧入口/兼容导出不能再调用；当前入口和有效契约继续保留；删除前迁移消费者和测试。,True,True,d7366e7523d499cc3b4187d5c272566a5c522c7d1875137f7529bf8016de90b0,无此309路径差异；实施前仍检查新改动
E:/projects/codex/aether/AgentJYS-main/src/aether_agent_memory/memory/formation/__init__.py,src/aether_agent_memory/memory/formation/__init__.py,需要确认：清单内整文件退役,属于旧MemoryRuntime/ContextCatalog/长文本Celery/B3影子调度闭包；当前Remember/Recall/Temporal/Operate已使用另一组实现。删除需迁移有效的契约和边界断言。,旧入口/兼容导出不能再调用；当前入口和有效契约继续保留；删除前迁移消费者和测试。,True,True,7f8b4fad0e7bf55a833b34e132933c46e1144c0e1a8ecc34ebb9823162f71e54,无此309路径差异；实施前仍检查新改动
E:/projects/codex/aether/AgentJYS-main/src/aether_agent_memory/memory/formation/extraction.py,src/aether_agent_memory/memory/formation/extraction.py,需要确认：清单内整文件退役,属于旧MemoryRuntime/ContextCatalog/长文本Celery/B3影子调度闭包；当前Remember/Recall/Temporal/Operate已使用另一组实现。删除需迁移有效的契约和边界断言。,旧入口/兼容导出不能再调用；当前入口和有效契约继续保留；删除前迁移消费者和测试。,True,True,9001ea3dd31d137dc40c1e7c6bc6fa6df2cc0832d53f325cc7fe7111de8f8ff5,无此309路径差异；实施前仍检查新改动
E:/projects/codex/aether/AgentJYS-main/src/aether_agent_memory/memory/formation/models.py,src/aether_agent_memory/memory/formation/models.py,需要确认：清单内整文件退役,属于旧MemoryRuntime/ContextCatalog/长文本Celery/B3影子调度闭包；当前Remember/Recall/Temporal/Operate已使用另一组实现。删除需迁移有效的契约和边界断言。,旧入口/兼容导出不能再调用；当前入口和有效契约继续保留；删除前迁移消费者和测试。,True,True,ebfdeeaacb35387827275e72ae619f1a4aa8fde731209d02b6274add54fc765c,无此309路径差异；实施前仍检查新改动
E:/projects/codex/aether/AgentJYS-main/src/aether_agent_memory/memory/formation/service.py,src/aether_agent_memory/memory/formation/service.py,需要确认：清单内整文件退役,属于旧MemoryRuntime/ContextCatalog/长文本Celery/B3影子调度闭包；当前Remember/Recall/Temporal/Operate已使用另一组实现。删除需迁移有效的契约和边界断言。,旧入口/兼容导出不能再调用；当前入口和有效契约继续保留；删除前迁移消费者和测试。,True,True,8a4151f1bfdce98ae73065fd14b640794d6388a15dbaa5aeb3faacc7e487174c,无此309路径差异；实施前仍检查新改动
E:/projects/codex/aether/AgentJYS-main/src/aether_agent_memory/memory/models.py,src/aether_agent_memory/memory/models.py,需要确认：清单内整文件退役,属于旧MemoryRuntime/ContextCatalog/长文本Celery/B3影子调度闭包；当前Remember/Recall/Temporal/Operate已使用另一组实现。删除需迁移有效的契约和边界断言。,旧入口/兼容导出不能再调用；当前入口和有效契约继续保留；删除前迁移消费者和测试。,True,True,7785e8fb06fecc43f7c41d017ae0761ec9e28ccaf7aabf1b49b2a53b65a03e4b,无此309路径差异；实施前仍检查新改动
E:/projects/codex/aether/AgentJYS-main/src/aether_agent_memory/memory/projection.py,src/aether_agent_memory/memory/projection.py,需要确认：清单内整文件退役,属于旧MemoryRuntime/ContextCatalog/长文本Celery/B3影子调度闭包；当前Remember/Recall/Temporal/Operate已使用另一组实现。删除需迁移有效的契约和边界断言。,旧入口/兼容导出不能再调用；当前入口和有效契约继续保留；删除前迁移消费者和测试。,True,True,3dc5e7d9b02c57a1fd79c508abbbebf30b4ab9ad7d113f37158f6b9ec490bf87,无此309路径差异；实施前仍检查新改动
E:/projects/codex/aether/AgentJYS-main/src/aether_agent_memory/memory/recall/__init__.py,src/aether_agent_memory/memory/recall/__init__.py,需要确认：清单内整文件退役,原路径仅转导canonical实现或空supervisor；保留canonical并修全部消费者、lazy导出与旧路径参数测试。,旧入口/兼容导出不能再调用；当前入口和有效契约继续保留；删除前迁移消费者和测试。,True,True,1cc0451a281e0e77373f9d5869e66de3288891df145964bce71d9577ecf17455,无此309路径差异；实施前仍检查新改动
E:/projects/codex/aether/AgentJYS-main/src/aether_agent_memory/memory/recall/admission.py,src/aether_agent_memory/memory/recall/admission.py,需要确认：清单内整文件退役,原路径仅转导canonical实现或空supervisor；保留canonical并修全部消费者、lazy导出与旧路径参数测试。,旧入口/兼容导出不能再调用；当前入口和有效契约继续保留；删除前迁移消费者和测试。,True,True,e8b21c2df5c6fbb44cafebc79fab5bef94fe91d1cdcda1425db6ef8f3cc2f998,无此309路径差异；实施前仍检查新改动
E:/projects/codex/aether/AgentJYS-main/src/aether_agent_memory/memory/recall/embedding_input.py,src/aether_agent_memory/memory/recall/embedding_input.py,需要确认：清单内整文件退役,原路径仅转导canonical实现或空supervisor；保留canonical并修全部消费者、lazy导出与旧路径参数测试。,旧入口/兼容导出不能再调用；当前入口和有效契约继续保留；删除前迁移消费者和测试。,True,True,84c611c0aecb505c281b5f7c0ecc26d31cca38397868cad30456170dd005e5eb,无此309路径差异；实施前仍检查新改动
E:/projects/codex/aether/AgentJYS-main/src/aether_agent_memory/memory/recall/execution.py,src/aether_agent_memory/memory/recall/execution.py,需要确认：清单内整文件退役,原路径仅转导canonical实现或空supervisor；保留canonical并修全部消费者、lazy导出与旧路径参数测试。,旧入口/兼容导出不能再调用；当前入口和有效契约继续保留；删除前迁移消费者和测试。,True,True,43f8196cbc3823731e2c369e8356b90f9be9e23c9f4422f31aba25374e44e0a4,无此309路径差异；实施前仍检查新改动
E:/projects/codex/aether/AgentJYS-main/src/aether_agent_memory/memory/recall/models.py,src/aether_agent_memory/memory/recall/models.py,需要确认：清单内整文件退役,原路径仅转导canonical实现或空supervisor；保留canonical并修全部消费者、lazy导出与旧路径参数测试。,旧入口/兼容导出不能再调用；当前入口和有效契约继续保留；删除前迁移消费者和测试。,True,True,4ff728846b4fcf69061f5453c889b0ac34901a084d1390972f3be26e30280384,无此309路径差异；实施前仍检查新改动
E:/projects/codex/aether/AgentJYS-main/src/aether_agent_memory/memory/recall/ports.py,src/aether_agent_memory/memory/recall/ports.py,需要确认：清单内整文件退役,原路径仅转导canonical实现或空supervisor；保留canonical并修全部消费者、lazy导出与旧路径参数测试。,旧入口/兼容导出不能再调用；当前入口和有效契约继续保留；删除前迁移消费者和测试。,True,True,ae6c557e958e79c9e6df0073c6e4ae01cb6c7e6ae0e558ba799e2208cf7a5ae0,无此309路径差异；实施前仍检查新改动
E:/projects/codex/aether/AgentJYS-main/src/aether_agent_memory/memory/recall/query.py,src/aether_agent_memory/memory/recall/query.py,需要确认：清单内整文件退役,原路径仅转导canonical实现或空supervisor；保留canonical并修全部消费者、lazy导出与旧路径参数测试。,旧入口/兼容导出不能再调用；当前入口和有效契约继续保留；删除前迁移消费者和测试。,True,True,37847f0340406ec4bfc82fc5779f3060dd08aa31891a2a40701e6324b9e2832a,无此309路径差异；实施前仍检查新改动
E:/projects/codex/aether/AgentJYS-main/src/aether_agent_memory/memory/recall/routing.py,src/aether_agent_memory/memory/recall/routing.py,需要确认：清单内整文件退役,原路径仅转导canonical实现或空supervisor；保留canonical并修全部消费者、lazy导出与旧路径参数测试。,旧入口/兼容导出不能再调用；当前入口和有效契约继续保留；删除前迁移消费者和测试。,True,True,3f4a544c43071a561d4e29cc330449dde4456c64a0460bc114c9e879b8a2174a,无此309路径差异；实施前仍检查新改动
E:/projects/codex/aether/AgentJYS-main/src/aether_agent_memory/memory/recall/store.py,src/aether_agent_memory/memory/recall/store.py,需要确认：清单内整文件退役,原路径仅转导canonical实现或空supervisor；保留canonical并修全部消费者、lazy导出与旧路径参数测试。,旧入口/兼容导出不能再调用；当前入口和有效契约继续保留；删除前迁移消费者和测试。,True,True,4ae229f0ede2a4053fb15925a63c6f6d46e8158f2a704dcb8f5538b32179629f,无此309路径差异；实施前仍检查新改动
E:/projects/codex/aether/AgentJYS-main/src/aether_agent_memory/memory/retrieval/__init__.py,src/aether_agent_memory/memory/retrieval/__init__.py,需要确认：清单内整文件退役,属于旧MemoryRuntime/ContextCatalog/长文本Celery/B3影子调度闭包；当前Remember/Recall/Temporal/Operate已使用另一组实现。删除需迁移有效的契约和边界断言。,旧入口/兼容导出不能再调用；当前入口和有效契约继续保留；删除前迁移消费者和测试。,True,True,247ad65d2e40a5cc6384aec4441db6fa5501f72217badbe4c08173785c0d0911,无此309路径差异；实施前仍检查新改动
E:/projects/codex/aether/AgentJYS-main/src/aether_agent_memory/memory/retrieval/models.py,src/aether_agent_memory/memory/retrieval/models.py,需要确认：清单内整文件退役,属于旧MemoryRuntime/ContextCatalog/长文本Celery/B3影子调度闭包；当前Remember/Recall/Temporal/Operate已使用另一组实现。删除需迁移有效的契约和边界断言。,旧入口/兼容导出不能再调用；当前入口和有效契约继续保留；删除前迁移消费者和测试。,True,True,4a0588b7fb07d38c43584d0aa16278c65a2b590e5fb9f92aa665581f8b992e7f,无此309路径差异；实施前仍检查新改动
E:/projects/codex/aether/AgentJYS-main/src/aether_agent_memory/memory/retrieval/pipeline.py,src/aether_agent_memory/memory/retrieval/pipeline.py,需要确认：清单内整文件退役,属于旧MemoryRuntime/ContextCatalog/长文本Celery/B3影子调度闭包；当前Remember/Recall/Temporal/Operate已使用另一组实现。删除需迁移有效的契约和边界断言。,旧入口/兼容导出不能再调用；当前入口和有效契约继续保留；删除前迁移消费者和测试。,True,True,1e0e56b36e32c381048e221ed5f8494bbd47aeeda0e1f2058d7892a7f27ed899,无此309路径差异；实施前仍检查新改动
E:/projects/codex/aether/AgentJYS-main/src/aether_agent_memory/memory/retrieval/service.py,src/aether_agent_memory/memory/retrieval/service.py,需要确认：清单内整文件退役,属于旧MemoryRuntime/ContextCatalog/长文本Celery/B3影子调度闭包；当前Remember/Recall/Temporal/Operate已使用另一组实现。删除需迁移有效的契约和边界断言。,旧入口/兼容导出不能再调用；当前入口和有效契约继续保留；删除前迁移消费者和测试。,True,True,c6b785376d508607d270887e867b42a19101e6af54ae0afbbfc09cf7dd766a57,无此309路径差异；实施前仍检查新改动
E:/projects/codex/aether/AgentJYS-main/src/aether_agent_memory/memory/retrieval/sources.py,src/aether_agent_memory/memory/retrieval/sources.py,需要确认：清单内整文件退役,属于旧MemoryRuntime/ContextCatalog/长文本Celery/B3影子调度闭包；当前Remember/Recall/Temporal/Operate已使用另一组实现。删除需迁移有效的契约和边界断言。,旧入口/兼容导出不能再调用；当前入口和有效契约继续保留；删除前迁移消费者和测试。,True,True,d1fe96cac3be755f0559ed82ec0b69417efbf8aa02733d7c0a9d7ce4baace426,无此309路径差异；实施前仍检查新改动
E:/projects/codex/aether/AgentJYS-main/src/aether_agent_memory/memory/vector_projection/__init__.py,src/aether_agent_memory/memory/vector_projection/__init__.py,需要确认：清单内整文件退役,原路径仅转导canonical实现或空supervisor；保留canonical并修全部消费者、lazy导出与旧路径参数测试。,旧入口/兼容导出不能再调用；当前入口和有效契约继续保留；删除前迁移消费者和测试。,True,True,6160e1777f7702864417116d194325c85547f7c97778cdc888a60ab36c3cfee5,无此309路径差异；实施前仍检查新改动
E:/projects/codex/aether/AgentJYS-main/src/aether_agent_memory/memory/vector_projection/models.py,src/aether_agent_memory/memory/vector_projection/models.py,需要确认：清单内整文件退役,原路径仅转导canonical实现或空supervisor；保留canonical并修全部消费者、lazy导出与旧路径参数测试。,旧入口/兼容导出不能再调用；当前入口和有效契约继续保留；删除前迁移消费者和测试。,True,True,1cfb38e93b74df92b5589a58b6c17e2712f07bb041eac8031144dac533826b20,无此309路径差异；实施前仍检查新改动
E:/projects/codex/aether/AgentJYS-main/src/aether_agent_memory/memory/vector_projection/ports.py,src/aether_agent_memory/memory/vector_projection/ports.py,需要确认：清单内整文件退役,原路径仅转导canonical实现或空supervisor；保留canonical并修全部消费者、lazy导出与旧路径参数测试。,旧入口/兼容导出不能再调用；当前入口和有效契约继续保留；删除前迁移消费者和测试。,True,True,317d228c1ff3a421a6005da54741fe3886cd895bd1c3d16ae53abf0e1419b727,无此309路径差异；实施前仍检查新改动
E:/projects/codex/aether/AgentJYS-main/src/aether_agent_memory/mocks/__init__.py,src/aether_agent_memory/mocks/__init__.py,必须保留共享能力；按清单清除废弃成员/引用,mocks/recall.py所需canonical契约double,旧MockEmbedding/MockStorage/BaseMock lazy导出,True,True,292f37b0e7ca4d18feebc776a6a689b71443046ea25ec3c974dbd13944c84a1b,无此309路径差异；实施前仍检查新改动
E:/projects/codex/aether/AgentJYS-main/src/aether_agent_memory/mocks/_base.py,src/aether_agent_memory/mocks/_base.py,需要确认：清单内整文件退役,旧Mock、Sidecar仪表盘和B1/B2/B3演示工具；目标当前本机及Azure使用canonical native BGE和统一HTTP。退出这些工具的能力是明确影响。,旧入口/兼容导出不能再调用；当前入口和有效契约继续保留；删除前迁移消费者和测试。,True,True,12f951c363e6845260e4e47db4bc8265a1815554bcb7fa3521a56053fb20f069,无此309路径差异；实施前仍检查新改动
E:/projects/codex/aether/AgentJYS-main/src/aether_agent_memory/mocks/embedding.py,src/aether_agent_memory/mocks/embedding.py,需要确认：清单内整文件退役,旧Mock、Sidecar仪表盘和B1/B2/B3演示工具；目标当前本机及Azure使用canonical native BGE和统一HTTP。退出这些工具的能力是明确影响。,旧入口/兼容导出不能再调用；当前入口和有效契约继续保留；删除前迁移消费者和测试。,True,True,af8a60274ae0cb37af93de88ca6b5af1db07635f6d435ca8a6135e22089c4a05,无此309路径差异；实施前仍检查新改动
E:/projects/codex/aether/AgentJYS-main/src/aether_agent_memory/mocks/recall.py,src/aether_agent_memory/mocks/recall.py,必须保留：当前依赖或暂不退役,兼容入口、动态导出、测试或保留脚本消费；不满足孤立闭包删除条件。,如仅含旧入口，按清单修引用；不删除用户资料,True,True,c09af55c938bf243330b1d8d7fee271cb81c4b2659a1958f7935d744f4717819,无此309路径差异；实施前仍检查新改动
E:/projects/codex/aether/AgentJYS-main/src/aether_agent_memory/mocks/storage.py,src/aether_agent_memory/mocks/storage.py,需要确认：清单内整文件退役,旧Mock、Sidecar仪表盘和B1/B2/B3演示工具；目标当前本机及Azure使用canonical native BGE和统一HTTP。退出这些工具的能力是明确影响。,旧入口/兼容导出不能再调用；当前入口和有效契约继续保留；删除前迁移消费者和测试。,True,True,57d8ed5900f92aa91856c1daea7849194c01c04ea1c7d36c82b60a1e3220d875,无此309路径差异；实施前仍检查新改动
E:/projects/codex/aether/AgentJYS-main/src/aether_agent_memory/operate/__init__.py,src/aether_agent_memory/operate/__init__.py,必须保留：当前实现或有效契约/迁移能力,当前装配、canonical Recall/Remember/Operate/Temporal及P2协议边界；不只按可达性删文件,若实现中仍有参考夹具，按清单迁移，不削减有效约束,True,True,44dd3c0c3b7f2ce22ab5eb3bc9429725cd37c6fbdc6f77f507abf19e68e5996e,无此309路径差异；实施前仍检查新改动
E:/projects/codex/aether/AgentJYS-main/src/aether_agent_memory/operate/basic/__init__.py,src/aether_agent_memory/operate/basic/__init__.py,必须保留：当前实现或有效契约/迁移能力,当前装配、canonical Recall/Remember/Operate/Temporal及P2协议边界；不只按可达性删文件,若实现中仍有参考夹具，按清单迁移，不削减有效约束,True,True,d4047aabffb65c27752798c4c1eaab3664e3c41f966f35c8bd17f48409ffa4d1,无此309路径差异；实施前仍检查新改动
E:/projects/codex/aether/AgentJYS-main/src/aether_agent_memory/operate/basic/body_cache.py,src/aether_agent_memory/operate/basic/body_cache.py,必须保留：当前实现或有效契约/迁移能力,当前装配、canonical Recall/Remember/Operate/Temporal及P2协议边界；不只按可达性删文件,若实现中仍有参考夹具，按清单迁移，不削减有效约束,True,True,570f44a9db439500322a974aad38c4abd2526f6c610ebb674d64fe74be057cc4,纳入当前运行/Azure必需差异；实施前hash复核与限定同步
E:/projects/codex/aether/AgentJYS-main/src/aether_agent_memory/operate/basic/cache_port.py,src/aether_agent_memory/operate/basic/cache_port.py,必须保留共享能力；按清单清除废弃成员/引用,CacheCopy及缓存port定义,无；接收CacheCapacityError,False,True,,参考当前实现做限定合并/清理调整；按限定修改表，不整文件覆盖
E:/projects/codex/aether/AgentJYS-main/src/aether_agent_memory/operate/basic/continuous.py,src/aether_agent_memory/operate/basic/continuous.py,必须保留共享能力；按清单清除废弃成员/引用,接口/事务guard和原实现语义,MetadataTransaction/MetadataUnitOfWork/_active/business_write_guard/native从退休storage模块导入,True,True,4b0ed18ede0daef2c5b57cc0d1a1745fb6dd265eea4160b7021499efa556807c,参考当前实现做限定合并/清理调整；按限定修改表，不整文件覆盖
E:/projects/codex/aether/AgentJYS-main/src/aether_agent_memory/operate/basic/executor.py,src/aether_agent_memory/operate/basic/executor.py,需要确认：清单内整文件退役,LocalCacheExecutor 使用本地目录和 SQLite；CacheCapacityError 为真实 Redis 共用类型。,退出可写 SQLite/本地替身和隐式回退；本机现部署的 Azure PG/Ceph/Redis/Milvus/native 绑定继续保留。,True,True,b48e21842064b011f293d4702f3957603d4cea7a006605ae9ad25ea5576a9460,废弃项不从参考来源导入；目标现有文件按删除清单处理
E:/projects/codex/aether/AgentJYS-main/src/aether_agent_memory/operate/basic/maintenance.py,src/aether_agent_memory/operate/basic/maintenance.py,必须保留共享能力；按清单清除废弃成员/引用,接口/事务guard和原实现语义,MetadataTransaction/MetadataUnitOfWork/_active/business_write_guard/native从退休storage模块导入,True,True,f05f9581445e6c8629ec9d050ca3961affa22d4ecdf967777af8ef891e1799df,参考当前实现做限定合并/清理调整；按限定修改表，不整文件覆盖
E:/projects/codex/aether/AgentJYS-main/src/aether_agent_memory/operate/basic/service.py,src/aether_agent_memory/operate/basic/service.py,必须保留共享能力；按清单清除废弃成员/引用,同一个容量错误类型及原业务映射,从旧executor导入CacheCapacityError,True,True,b330920c8b15c145c4dc08273113be0c428a5cf70e8871d891a79b89833e87b4,参考当前实现做限定合并/清理调整；按限定修改表，不整文件覆盖
E:/projects/codex/aether/AgentJYS-main/src/aether_agent_memory/operate/basic/temporal_stages.py,src/aether_agent_memory/operate/basic/temporal_stages.py,必须保留：当前实现或有效契约/迁移能力,当前装配、canonical Recall/Remember/Operate/Temporal及P2协议边界；不只按可达性删文件,若实现中仍有参考夹具，按清单迁移，不削减有效约束,True,True,0f1d7c944a015d393181a7621712bc555bd80cdeaa7996d741afe182030d7da3,纳入当前运行/Azure必需差异；实施前hash复核与限定同步
E:/projects/codex/aether/AgentJYS-main/src/aether_agent_memory/operate/contracts/__init__.py,src/aether_agent_memory/operate/contracts/__init__.py,必须保留：当前实现或有效契约/迁移能力,当前装配、canonical Recall/Remember/Operate/Temporal及P2协议边界；不只按可达性删文件,若实现中仍有参考夹具，按清单迁移，不削减有效约束,True,True,7381ae696de8f740d6938c87c5db7ae92540405fd7f88c898940a1a69df3290b,无此309路径差异；实施前仍检查新改动
E:/projects/codex/aether/AgentJYS-main/src/aether_agent_memory/operate/contracts/foundation.py,src/aether_agent_memory/operate/contracts/foundation.py,必须保留：当前实现或有效契约/迁移能力,当前装配、canonical Recall/Remember/Operate/Temporal及P2协议边界；不只按可达性删文件,若实现中仍有参考夹具，按清单迁移，不削减有效约束,True,True,2fbbb499760cc2a10f98486bcba68c8b1eb87dd55f694a7c188e5f9e1810ea3e,无此309路径差异；实施前仍检查新改动
E:/projects/codex/aether/AgentJYS-main/src/aether_agent_memory/operate/contracts/models.py,src/aether_agent_memory/operate/contracts/models.py,必须保留：当前实现或有效契约/迁移能力,当前装配、canonical Recall/Remember/Operate/Temporal及P2协议边界；不只按可达性删文件,若实现中仍有参考夹具，按清单迁移，不削减有效约束,True,True,27eac0b110d7e675bc272250b31fcd3a233f8a44efd01a04b634df8e35cf5d21,无此309路径差异；实施前仍检查新改动
E:/projects/codex/aether/AgentJYS-main/src/aether_agent_memory/operate/contracts/ports.py,src/aether_agent_memory/operate/contracts/ports.py,必须保留：当前实现或有效契约/迁移能力,当前装配、canonical Recall/Remember/Operate/Temporal及P2协议边界；不只按可达性删文件,若实现中仍有参考夹具，按清单迁移，不削减有效约束,True,True,514d56e9e7d350677741b468d67ec625131bca084fb057bd537d5a7048846cbc,无此309路径差异；实施前仍检查新改动
E:/projects/codex/aether/AgentJYS-main/src/aether_agent_memory/operate/contracts/rules.py,src/aether_agent_memory/operate/contracts/rules.py,必须保留：当前实现或有效契约/迁移能力,当前装配、canonical Recall/Remember/Operate/Temporal及P2协议边界；不只按可达性删文件,若实现中仍有参考夹具，按清单迁移，不削减有效约束,True,True,5662e35e310df7010395c0fe52abd98cbd68dfeb1c035f10f21db4e874f1860f,无此309路径差异；实施前仍检查新改动
E:/projects/codex/aether/AgentJYS-main/src/aether_agent_memory/operate/controller.py,src/aether_agent_memory/operate/controller.py,需要确认：清单内整文件退役,属于旧MemoryRuntime/ContextCatalog/长文本Celery/B3影子调度闭包；当前Remember/Recall/Temporal/Operate已使用另一组实现。删除需迁移有效的契约和边界断言。,旧入口/兼容导出不能再调用；当前入口和有效契约继续保留；删除前迁移消费者和测试。,True,True,df50e5ec01cd7887a53b8e75734cefab822243d08cd3f73c08aa25aec5cebb74,无此309路径差异；实施前仍检查新改动
E:/projects/codex/aether/AgentJYS-main/src/aether_agent_memory/operate/models.py,src/aether_agent_memory/operate/models.py,需要确认：清单内整文件退役,属于旧MemoryRuntime/ContextCatalog/长文本Celery/B3影子调度闭包；当前Remember/Recall/Temporal/Operate已使用另一组实现。删除需迁移有效的契约和边界断言。,旧入口/兼容导出不能再调用；当前入口和有效契约继续保留；删除前迁移消费者和测试。,True,True,d7f156feda0f26655a120dd09ebc4b2977ca823d1a1da3718098ef6d5db4857d,无此309路径差异；实施前仍检查新改动
E:/projects/codex/aether/AgentJYS-main/src/aether_agent_memory/operate/policy.py,src/aether_agent_memory/operate/policy.py,需要确认：清单内整文件退役,属于旧MemoryRuntime/ContextCatalog/长文本Celery/B3影子调度闭包；当前Remember/Recall/Temporal/Operate已使用另一组实现。删除需迁移有效的契约和边界断言。,旧入口/兼容导出不能再调用；当前入口和有效契约继续保留；删除前迁移消费者和测试。,True,True,27698e0a6da8b2585bc04d4235da383d3eae7851fe9198481201b5554e3ae588,无此309路径差异；实施前仍检查新改动
E:/projects/codex/aether/AgentJYS-main/src/aether_agent_memory/operate/ports.py,src/aether_agent_memory/operate/ports.py,需要确认：清单内整文件退役,属于旧MemoryRuntime/ContextCatalog/长文本Celery/B3影子调度闭包；当前Remember/Recall/Temporal/Operate已使用另一组实现。删除需迁移有效的契约和边界断言。,旧入口/兼容导出不能再调用；当前入口和有效契约继续保留；删除前迁移消费者和测试。,True,True,12c19484d869ee4540ea9d7af84f70e954187cf0236ca49f18773690f6c8e56d,无此309路径差异；实施前仍检查新改动
E:/projects/codex/aether/AgentJYS-main/src/aether_agent_memory/operate/standalone/README.md,src/aether_agent_memory/operate/standalone/README.md,必须保留：当前实现或有效契约/迁移能力,当前装配、canonical Recall/Remember/Operate/Temporal及P2协议边界；不只按可达性删文件,若实现中仍有参考夹具，按清单迁移，不削减有效约束,True,True,8a56da9663f2e0123a7d9115926ab0a39957e7aa35b36615cd2754dc1c0a474a,无此309路径差异；实施前仍检查新改动
E:/projects/codex/aether/AgentJYS-main/src/aether_agent_memory/operate/standalone/__init__.py,src/aether_agent_memory/operate/standalone/__init__.py,必须保留：当前实现或有效契约/迁移能力,当前装配、canonical Recall/Remember/Operate/Temporal及P2协议边界；不只按可达性删文件,若实现中仍有参考夹具，按清单迁移，不削减有效约束,True,True,35a3abf7ef9899ac5e0a7c854139f8d664da03066e1c4e0918b8187faa702217,无此309路径差异；实施前仍检查新改动
E:/projects/codex/aether/AgentJYS-main/src/aether_agent_memory/operate/standalone/__main__.py,src/aether_agent_memory/operate/standalone/__main__.py,需要确认：清单内整文件退役,旧Mock、Sidecar仪表盘和B1/B2/B3演示工具；目标当前本机及Azure使用canonical native BGE和统一HTTP。退出这些工具的能力是明确影响。,旧入口/兼容导出不能再调用；当前入口和有效契约继续保留；删除前迁移消费者和测试。,True,True,f3803b97a9d7099bb901d4a7dae898ad77c96af66311201fa4bb99ea0360f3e8,无此309路径差异；实施前仍检查新改动
E:/projects/codex/aether/AgentJYS-main/src/aether_agent_memory/operate/standalone/controller.py,src/aether_agent_memory/operate/standalone/controller.py,需要确认：清单内整文件退役,旧Mock、Sidecar仪表盘和B1/B2/B3演示工具；目标当前本机及Azure使用canonical native BGE和统一HTTP。退出这些工具的能力是明确影响。,旧入口/兼容导出不能再调用；当前入口和有效契约继续保留；删除前迁移消费者和测试。,True,True,e41911a94316d5853b8e485258b0409638501738bf7e531f8cfe501f3dbe244c,无此309路径差异；实施前仍检查新改动
E:/projects/codex/aether/AgentJYS-main/src/aether_agent_memory/operate/standalone/demo.py,src/aether_agent_memory/operate/standalone/demo.py,需要确认：清单内整文件退役,旧Mock、Sidecar仪表盘和B1/B2/B3演示工具；目标当前本机及Azure使用canonical native BGE和统一HTTP。退出这些工具的能力是明确影响。,旧入口/兼容导出不能再调用；当前入口和有效契约继续保留；删除前迁移消费者和测试。,True,True,e2e47716f0b6882c4d7788763300f9e8e96c84ba37ed9e0e5373abe72b34bdb6,无此309路径差异；实施前仍检查新改动
E:/projects/codex/aether/AgentJYS-main/src/aether_agent_memory/operate/standalone/mock_p2.py,src/aether_agent_memory/operate/standalone/mock_p2.py,需要确认：清单内整文件退役,旧Mock、Sidecar仪表盘和B1/B2/B3演示工具；目标当前本机及Azure使用canonical native BGE和统一HTTP。退出这些工具的能力是明确影响。,旧入口/兼容导出不能再调用；当前入口和有效契约继续保留；删除前迁移消费者和测试。,True,True,efe532b61d23853c2b82032df49dbb6e3a0c63f079a851fb245fcccaa2421983,无此309路径差异；实施前仍检查新改动
E:/projects/codex/aether/AgentJYS-main/src/aether_agent_memory/operate/standalone/models.py,src/aether_agent_memory/operate/standalone/models.py,必须保留：当前实现或有效契约/迁移能力,当前装配、canonical Recall/Remember/Operate/Temporal及P2协议边界；不只按可达性删文件,若实现中仍有参考夹具，按清单迁移，不削减有效约束,True,True,2725e518e640b4e8b4ce21503fcbd38a51eaa2902af257f8ed03a971660fc514,无此309路径差异；实施前仍检查新改动
E:/projects/codex/aether/AgentJYS-main/src/aether_agent_memory/operate/standalone/policy.py,src/aether_agent_memory/operate/standalone/policy.py,必须保留：当前实现或有效契约/迁移能力,当前装配、canonical Recall/Remember/Operate/Temporal及P2协议边界；不只按可达性删文件,若实现中仍有参考夹具，按清单迁移，不削减有效约束,True,True,630e2a7c614f3bc227fd79a4ce647937ee36a7e0b75a422c49d4e338d71fc21a,无此309路径差异；实施前仍检查新改动
E:/projects/codex/aether/AgentJYS-main/src/aether_agent_memory/operate/standalone/ports.py,src/aether_agent_memory/operate/standalone/ports.py,需要确认：清单内整文件退役,旧Mock、Sidecar仪表盘和B1/B2/B3演示工具；目标当前本机及Azure使用canonical native BGE和统一HTTP。退出这些工具的能力是明确影响。,旧入口/兼容导出不能再调用；当前入口和有效契约继续保留；删除前迁移消费者和测试。,True,True,479afd164b1c783661f7ee5d0d717949becd15a1be52e3123bf1127aa7816d0f,无此309路径差异；实施前仍检查新改动
E:/projects/codex/aether/AgentJYS-main/src/aether_agent_memory/operate/standalone/runner.py,src/aether_agent_memory/operate/standalone/runner.py,需要确认：清单内整文件退役,旧Mock、Sidecar仪表盘和B1/B2/B3演示工具；目标当前本机及Azure使用canonical native BGE和统一HTTP。退出这些工具的能力是明确影响。,旧入口/兼容导出不能再调用；当前入口和有效契约继续保留；删除前迁移消费者和测试。,True,True,68bd5f4f17a134ca9fa997c0baf48643b1b8d9d4732dde2d71b3d6435dd42c21,无此309路径差异；实施前仍检查新改动
E:/projects/codex/aether/AgentJYS-main/src/aether_agent_memory/operate/standalone/store.py,src/aether_agent_memory/operate/standalone/store.py,需要确认：清单内整文件退役,旧Mock、Sidecar仪表盘和B1/B2/B3演示工具；目标当前本机及Azure使用canonical native BGE和统一HTTP。退出这些工具的能力是明确影响。,旧入口/兼容导出不能再调用；当前入口和有效契约继续保留；删除前迁移消费者和测试。,True,True,5d7f2069d6dfda137dcd46cd588fbeaa5c1a3e33292a4a6876b7b35a952e9f89,无此309路径差异；实施前仍检查新改动
E:/projects/codex/aether/AgentJYS-main/src/aether_agent_memory/p2/__init__.py,src/aether_agent_memory/p2/__init__.py,必须保留：当前实现或有效契约/迁移能力,当前装配、canonical Recall/Remember/Operate/Temporal及P2协议边界；不只按可达性删文件,若实现中仍有参考夹具，按清单迁移，不削减有效约束,True,True,a275c053dc9f8a752e744d46d948db5a2fb23369fec1c68989e312c83713f2e7,无此309路径差异；实施前仍检查新改动
E:/projects/codex/aether/AgentJYS-main/src/aether_agent_memory/p2/adapters.py,src/aether_agent_memory/p2/adapters.py,必须保留：当前实现或有效契约/迁移能力,当前装配、canonical Recall/Remember/Operate/Temporal及P2协议边界；不只按可达性删文件,若实现中仍有参考夹具，按清单迁移，不削减有效约束,True,True,63e39415c7ffec26f31e6868bcbcfadba7576cbba580666b4c9bdba572a73eb3,无此309路径差异；实施前仍检查新改动
E:/projects/codex/aether/AgentJYS-main/src/aether_agent_memory/p2/client.py,src/aether_agent_memory/p2/client.py,必须保留：当前实现或有效契约/迁移能力,当前装配、canonical Recall/Remember/Operate/Temporal及P2协议边界；不只按可达性删文件,若实现中仍有参考夹具，按清单迁移，不削减有效约束,True,True,091f676e906ffa3089f17bbdb84510081572d326e3cd8381a2e3f14dd9b4b29b,纳入当前运行/Azure必需差异；实施前hash复核与限定同步
E:/projects/codex/aether/AgentJYS-main/src/aether_agent_memory/p2/contracts.py,src/aether_agent_memory/p2/contracts.py,必须保留：当前实现或有效契约/迁移能力,当前装配、canonical Recall/Remember/Operate/Temporal及P2协议边界；不只按可达性删文件,若实现中仍有参考夹具，按清单迁移，不削减有效约束,True,True,99547744d86ebc0076b81f42b6ddd559849c0fa47b9c76a0c96bedab3d7d8238,无此309路径差异；实施前仍检查新改动
E:/projects/codex/aether/AgentJYS-main/src/aether_agent_memory/p2/ports.py,src/aether_agent_memory/p2/ports.py,必须保留：当前实现或有效契约/迁移能力,当前装配、canonical Recall/Remember/Operate/Temporal及P2协议边界；不只按可达性删文件,若实现中仍有参考夹具，按清单迁移，不削减有效约束,True,True,b25700dd39bd95ef45ad36c599a52f9adab95e36c3b39531664cb75c9666d3e9,无此309路径差异；实施前仍检查新改动
E:/projects/codex/aether/AgentJYS-main/src/aether_agent_memory/p2/simulator.py,src/aether_agent_memory/p2/simulator.py,必须保留：当前实现或有效契约/迁移能力,当前装配、canonical Recall/Remember/Operate/Temporal及P2协议边界；不只按可达性删文件,若实现中仍有参考夹具，按清单迁移，不削减有效约束,True,True,825b0e5a886cac8c13c158d128cc90ed71ee1ccbaae9465643d2970f0430a917,无此309路径差异；实施前仍检查新改动
E:/projects/codex/aether/AgentJYS-main/src/aether_agent_memory/p2/vectors.py,src/aether_agent_memory/p2/vectors.py,必须保留：当前实现或有效契约/迁移能力,当前装配、canonical Recall/Remember/Operate/Temporal及P2协议边界；不只按可达性删文件,若实现中仍有参考夹具，按清单迁移，不削减有效约束,False,True,,纳入当前运行/Azure必需差异；实施前hash复核与限定同步
E:/projects/codex/aether/AgentJYS-main/src/aether_agent_memory/persistence/__init__.py,src/aether_agent_memory/persistence/__init__.py,需要确认：清单内整文件退役,属于旧MemoryRuntime/ContextCatalog/长文本Celery/B3影子调度闭包；当前Remember/Recall/Temporal/Operate已使用另一组实现。删除需迁移有效的契约和边界断言。,旧入口/兼容导出不能再调用；当前入口和有效契约继续保留；删除前迁移消费者和测试。,True,True,b59d059c125fff0c6d81a117f8e86d268f6a803d3e0c2fe4b143c852fd2c5b61,无此309路径差异；实施前仍检查新改动
E:/projects/codex/aether/AgentJYS-main/src/aether_agent_memory/persistence/concurrency.py,src/aether_agent_memory/persistence/concurrency.py,需要确认：清单内整文件退役,属于旧MemoryRuntime/ContextCatalog/长文本Celery/B3影子调度闭包；当前Remember/Recall/Temporal/Operate已使用另一组实现。删除需迁移有效的契约和边界断言。,旧入口/兼容导出不能再调用；当前入口和有效契约继续保留；删除前迁移消费者和测试。,True,True,997fe2c0ea9bf14cf6144a3438e2f0b67078faf163962293508563369049703a,无此309路径差异；实施前仍检查新改动
E:/projects/codex/aether/AgentJYS-main/src/aether_agent_memory/persistence/idempotency.py,src/aether_agent_memory/persistence/idempotency.py,需要确认：清单内整文件退役,属于旧MemoryRuntime/ContextCatalog/长文本Celery/B3影子调度闭包；当前Remember/Recall/Temporal/Operate已使用另一组实现。删除需迁移有效的契约和边界断言。,旧入口/兼容导出不能再调用；当前入口和有效契约继续保留；删除前迁移消费者和测试。,True,True,074c9c3f67204d7760546ecc6bfd367d0f6a4b301f3430729868e8bb0569c559,无此309路径差异；实施前仍检查新改动
E:/projects/codex/aether/AgentJYS-main/src/aether_agent_memory/persistence/memory_store.py,src/aether_agent_memory/persistence/memory_store.py,需要确认：清单内整文件退役,属于旧MemoryRuntime/ContextCatalog/长文本Celery/B3影子调度闭包；当前Remember/Recall/Temporal/Operate已使用另一组实现。删除需迁移有效的契约和边界断言。,旧入口/兼容导出不能再调用；当前入口和有效契约继续保留；删除前迁移消费者和测试。,True,True,2a6fc31df79b60b217404351315382bc58e589336376353da06422ca2d3c6bb0,无此309路径差异；实施前仍检查新改动
E:/projects/codex/aether/AgentJYS-main/src/aether_agent_memory/placement/__init__.py,src/aether_agent_memory/placement/__init__.py,必须保留：当前依赖或暂不退役,统一 P3 入口静态 import 闭包（含 TYPE_CHECKING/可选路径，非运行证明）。,如仅含旧入口，按清单修引用；不删除用户资料,True,True,cb047dd4c46bc68d9d65c1db3d5192dc7389ded38d9f20ba62d05fb32cd68cac,无此309路径差异；实施前仍检查新改动
E:/projects/codex/aether/AgentJYS-main/src/aether_agent_memory/placement/models.py,src/aether_agent_memory/placement/models.py,必须保留：当前依赖或暂不退役,统一 P3 入口静态 import 闭包（含 TYPE_CHECKING/可选路径，非运行证明）。,如仅含旧入口，按清单修引用；不删除用户资料,True,True,1ccf306a38c52f7113f9a1a0b963a3e0397dd7c999307a11dd10f244d9a6dc73,无此309路径差异；实施前仍检查新改动
E:/projects/codex/aether/AgentJYS-main/src/aether_agent_memory/placement/strategy.py,src/aether_agent_memory/placement/strategy.py,必须保留：当前依赖或暂不退役,统一 P3 入口静态 import 闭包（含 TYPE_CHECKING/可选路径，非运行证明）。,如仅含旧入口，按清单修引用；不删除用户资料,True,True,12c54a7f2a9663f179eaa03958d63d8ef956adcf783005136be9dd677958bd36,无此309路径差异；实施前仍检查新改动
E:/projects/codex/aether/AgentJYS-main/src/aether_agent_memory/recall/__init__.py,src/aether_agent_memory/recall/__init__.py,必须保留：当前实现或有效契约/迁移能力,当前装配、canonical Recall/Remember/Operate/Temporal及P2协议边界；不只按可达性删文件,若实现中仍有参考夹具，按清单迁移，不削减有效约束,True,True,cbde49e41ab0d58217e2110bd30b184871ef51d41ae256a373f0843978eb2ff6,无此309路径差异；实施前仍检查新改动
E:/projects/codex/aether/AgentJYS-main/src/aether_agent_memory/recall/admission.py,src/aether_agent_memory/recall/admission.py,必须保留：当前实现或有效契约/迁移能力,当前装配、canonical Recall/Remember/Operate/Temporal及P2协议边界；不只按可达性删文件,若实现中仍有参考夹具，按清单迁移，不削减有效约束,True,True,f7e0242a474d17db4fa52aa0bc72fc970b454b25f70801040ea771f779501bcc,无此309路径差异；实施前仍检查新改动
E:/projects/codex/aether/AgentJYS-main/src/aether_agent_memory/recall/basic/__init__.py,src/aether_agent_memory/recall/basic/__init__.py,必须保留：当前实现或有效契约/迁移能力,当前装配、canonical Recall/Remember/Operate/Temporal及P2协议边界；不只按可达性删文件,若实现中仍有参考夹具，按清单迁移，不削减有效约束,True,True,0af9b207120945ad474e985af512934213414d79ea0d6830a276a210ced282b9,无此309路径差异；实施前仍检查新改动
E:/projects/codex/aether/AgentJYS-main/src/aether_agent_memory/recall/basic/adapters.py,src/aether_agent_memory/recall/basic/adapters.py,需要确认：清单内整文件退役,LexicalEmbedding 是参考编码且带旧导出；部署配置已经要求 native。,退出可写 SQLite/本地替身和隐式回退；本机现部署的 Azure PG/Ceph/Redis/Milvus/native 绑定继续保留。,True,True,56647bd0984582a82821c163517cf64c50fe369e7b37819a90279e76a4e78625,无此309路径差异；实施前仍检查新改动
E:/projects/codex/aether/AgentJYS-main/src/aether_agent_memory/recall/basic/assembly.py,src/aether_agent_memory/recall/basic/assembly.py,必须保留共享能力；按清单清除废弃成员/引用,接口/事务guard和原实现语义,MetadataTransaction/MetadataUnitOfWork/_active/business_write_guard/native从退休storage模块导入,True,True,2f3bca818301255513e005cac5968634e858aaf71aed767d1c60d5ef69dc8d19,参考当前实现做限定合并/清理调整；按限定修改表，不整文件覆盖
E:/projects/codex/aether/AgentJYS-main/src/aether_agent_memory/recall/basic/candidates.py,src/aether_agent_memory/recall/basic/candidates.py,必须保留共享能力；按清单清除废弃成员/引用,接口/事务guard和原实现语义,MetadataTransaction/MetadataUnitOfWork/_active/business_write_guard/native从退休storage模块导入,True,True,7fe0423023a4bfd9c61d8e955259ba3c2df7c9168ccb0cc7fb91bdd54ff30029,参考当前实现做限定合并/清理调整；按限定修改表，不整文件覆盖
E:/projects/codex/aether/AgentJYS-main/src/aether_agent_memory/recall/basic/components.py,src/aether_agent_memory/recall/basic/components.py,必须保留：当前实现或有效契约/迁移能力,当前装配、canonical Recall/Remember/Operate/Temporal及P2协议边界；不只按可达性删文件,若实现中仍有参考夹具，按清单迁移，不削减有效约束,True,True,ad64b6b847e307a394402702e259abaa0866af305cde84b0affb18110c86716a,无此309路径差异；实施前仍检查新改动
E:/projects/codex/aether/AgentJYS-main/src/aether_agent_memory/recall/basic/config.py,src/aether_agent_memory/recall/basic/config.py,必须保留：当前实现或有效契约/迁移能力,当前装配、canonical Recall/Remember/Operate/Temporal及P2协议边界；不只按可达性删文件,若实现中仍有参考夹具，按清单迁移，不削减有效约束,True,True,cc265f1870eff4cb95a7697f18ca528aca69c08710ccd28d3faeb611df0663f6,纳入当前运行/Azure必需差异；实施前hash复核与限定同步
E:/projects/codex/aether/AgentJYS-main/src/aether_agent_memory/recall/basic/generation.py,src/aether_agent_memory/recall/basic/generation.py,必须保留：当前实现或有效契约/迁移能力,当前装配、canonical Recall/Remember/Operate/Temporal及P2协议边界；不只按可达性删文件,若实现中仍有参考夹具，按清单迁移，不削减有效约束,True,True,bdc53d79580a20f5fc422462b2edc5944b95fac652c16639f0ec05cdef0cc744,无此309路径差异；实施前仍检查新改动
E:/projects/codex/aether/AgentJYS-main/src/aether_agent_memory/recall/basic/generation_search.py,src/aether_agent_memory/recall/basic/generation_search.py,需要确认：清单内整文件退役,只有 SQLiteGenerationSearch 参考扫描；现行 Azure 的 generation search 为真实 Milvus。,退出可写 SQLite/本地替身和隐式回退；本机现部署的 Azure PG/Ceph/Redis/Milvus/native 绑定继续保留。,True,True,f83e541aea90b0adc29493678b32878969ab706a6d09259a11361e082c972daa,废弃项不从参考来源导入；目标现有文件按删除清单处理
E:/projects/codex/aether/AgentJYS-main/src/aether_agent_memory/recall/basic/milvus.py,src/aether_agent_memory/recall/basic/milvus.py,需要确认：清单内整文件退役,原路径仅转导canonical实现或空supervisor；保留canonical并修全部消费者、lazy导出与旧路径参数测试。,旧入口/兼容导出不能再调用；当前入口和有效契约继续保留；删除前迁移消费者和测试。,True,True,f148530632041f43a1c04078a26dcd04e7f4d3ce6596d91a21242ca8f17eb505,无此309路径差异；实施前仍检查新改动
E:/projects/codex/aether/AgentJYS-main/src/aether_agent_memory/recall/basic/milvus_generation.py,src/aether_agent_memory/recall/basic/milvus_generation.py,必须保留：当前实现或有效契约/迁移能力,当前装配、canonical Recall/Remember/Operate/Temporal及P2协议边界；不只按可达性删文件,若实现中仍有参考夹具，按清单迁移，不削减有效约束,True,True,38dc8aec9a851c1c3039923ff6d111a39ec67f4cf0edb376a2f995e4b5476f01,无此309路径差异；实施前仍检查新改动
E:/projects/codex/aether/AgentJYS-main/src/aether_agent_memory/recall/basic/reranking.py,src/aether_agent_memory/recall/basic/reranking.py,必须保留：当前实现或有效契约/迁移能力,当前装配、canonical Recall/Remember/Operate/Temporal及P2协议边界；不只按可达性删文件,若实现中仍有参考夹具，按清单迁移，不削减有效约束,True,True,4bec434ed61f1d67d1558b395538ecae9985aee13369d5230287226f240eca8b,无此309路径差异；实施前仍检查新改动
E:/projects/codex/aether/AgentJYS-main/src/aether_agent_memory/recall/basic/retrievers.py,src/aether_agent_memory/recall/basic/retrievers.py,必须保留共享能力；按清单清除废弃成员/引用,接口/事务guard和原实现语义,MetadataTransaction/MetadataUnitOfWork/_active/business_write_guard/native从退休storage模块导入,True,True,4369b08f7306d9102aef281186122550a12ce3c84a09114c1b08e85f8f148026,参考当前实现做限定合并/清理调整；按限定修改表，不整文件覆盖
E:/projects/codex/aether/AgentJYS-main/src/aether_agent_memory/recall/basic/service.py,src/aether_agent_memory/recall/basic/service.py,必须保留共享能力；按清单清除废弃成员/引用,接口/事务guard和原实现语义,MetadataTransaction/MetadataUnitOfWork/_active/business_write_guard/native从退休storage模块导入,True,True,883333aa4ad40f64c24937107a16315ad44b631af5d8f4363f6ce63638aa9b2b,参考当前实现做限定合并/清理调整；按限定修改表，不整文件覆盖
E:/projects/codex/aether/AgentJYS-main/src/aether_agent_memory/recall/basic/temporal_stages.py,src/aether_agent_memory/recall/basic/temporal_stages.py,必须保留：当前实现或有效契约/迁移能力,当前装配、canonical Recall/Remember/Operate/Temporal及P2协议边界；不只按可达性删文件,若实现中仍有参考夹具，按清单迁移，不削减有效约束,True,True,753da06ae3844da99f70bc390bb6da89f7a882bb096bfa3571a4ca496914c468,纳入当前运行/Azure必需差异；实施前hash复核与限定同步
E:/projects/codex/aether/AgentJYS-main/src/aether_agent_memory/recall/basic/tokenization.py,src/aether_agent_memory/recall/basic/tokenization.py,必须保留：当前实现或有效契约/迁移能力,当前装配、canonical Recall/Remember/Operate/Temporal及P2协议边界；不只按可达性删文件,若实现中仍有参考夹具，按清单迁移，不削减有效约束,True,True,15079488c878433dcaa619444ceae64342267a0bb9c3d5c388eebd2bb4f2201e,无此309路径差异；实施前仍检查新改动
E:/projects/codex/aether/AgentJYS-main/src/aether_agent_memory/recall/basic/vector_search.py,src/aether_agent_memory/recall/basic/vector_search.py,必须保留共享能力；按清单清除废弃成员/引用,MilvusVectorSearch、SearchAccess、作用域和期限检查,SQLiteVectorSearch及基类导入；Milvus里的SQLiteVectorStore.ref调用改共有projection_ref,True,True,77babc308d01b484bc489c0d1ed46e28c46a295d0787cb4d4d925d9b08133adb,无此309路径差异；实施前仍检查新改动
E:/projects/codex/aether/AgentJYS-main/src/aether_agent_memory/recall/contracts/__init__.py,src/aether_agent_memory/recall/contracts/__init__.py,必须保留：当前实现或有效契约/迁移能力,当前装配、canonical Recall/Remember/Operate/Temporal及P2协议边界；不只按可达性删文件,若实现中仍有参考夹具，按清单迁移，不削减有效约束,True,True,1596014684f675e15162ca7fe62e969409daccdff009f0dd27465a4be14e942e,无此309路径差异；实施前仍检查新改动
E:/projects/codex/aether/AgentJYS-main/src/aether_agent_memory/recall/contracts/foundation.py,src/aether_agent_memory/recall/contracts/foundation.py,必须保留：当前实现或有效契约/迁移能力,当前装配、canonical Recall/Remember/Operate/Temporal及P2协议边界；不只按可达性删文件,若实现中仍有参考夹具，按清单迁移，不削减有效约束,True,True,3914e26b2cb6f6eede09de3927f17797ecb0affff14c2b25b6da989ad6cc8e3b,无此309路径差异；实施前仍检查新改动
E:/projects/codex/aether/AgentJYS-main/src/aether_agent_memory/recall/contracts/models.py,src/aether_agent_memory/recall/contracts/models.py,必须保留：当前实现或有效契约/迁移能力,当前装配、canonical Recall/Remember/Operate/Temporal及P2协议边界；不只按可达性删文件,若实现中仍有参考夹具，按清单迁移，不削减有效约束,True,True,80f3270813851b2fc742534e88ddcb2484fe586e729d468f09c51d8a22b0b082,无此309路径差异；实施前仍检查新改动
E:/projects/codex/aether/AgentJYS-main/src/aether_agent_memory/recall/contracts/ports.py,src/aether_agent_memory/recall/contracts/ports.py,必须保留：当前实现或有效契约/迁移能力,当前装配、canonical Recall/Remember/Operate/Temporal及P2协议边界；不只按可达性删文件,若实现中仍有参考夹具，按清单迁移，不削减有效约束,True,True,b6c0b8d7b9ba96eaa87b5dbc3979d3213acabfe447da04527f1fd8510fdf6d36,无此309路径差异；实施前仍检查新改动
E:/projects/codex/aether/AgentJYS-main/src/aether_agent_memory/recall/contracts/rules.py,src/aether_agent_memory/recall/contracts/rules.py,必须保留：当前实现或有效契约/迁移能力,当前装配、canonical Recall/Remember/Operate/Temporal及P2协议边界；不只按可达性删文件,若实现中仍有参考夹具，按清单迁移，不削减有效约束,True,True,62ac143a8efed3843fe749d608a681e0a90477e7c3264a54f43e2956f266a716,无此309路径差异；实施前仍检查新改动
E:/projects/codex/aether/AgentJYS-main/src/aether_agent_memory/recall/embedding/__init__.py,src/aether_agent_memory/recall/embedding/__init__.py,必须保留：当前实现或有效契约/迁移能力,当前装配、canonical Recall/Remember/Operate/Temporal及P2协议边界；不只按可达性删文件,若实现中仍有参考夹具，按清单迁移，不削减有效约束,True,True,15651e7b2c517a4124699c00ea6880c48a84442a6522502ee21a7363f804577f,无此309路径差异；实施前仍检查新改动
E:/projects/codex/aether/AgentJYS-main/src/aether_agent_memory/recall/embedding/__main__.py,src/aether_agent_memory/recall/embedding/__main__.py,必须保留：当前实现或有效契约/迁移能力,当前装配、canonical Recall/Remember/Operate/Temporal及P2协议边界；不只按可达性删文件,若实现中仍有参考夹具，按清单迁移，不削减有效约束,True,True,30ada1efdc71fdca2377ffe22f5535edc8b1309f4f4805315757faf9254f6154,无此309路径差异；实施前仍检查新改动
E:/projects/codex/aether/AgentJYS-main/src/aether_agent_memory/recall/embedding/backends.py,src/aether_agent_memory/recall/embedding/backends.py,必须保留：当前实现或有效契约/迁移能力,当前装配、canonical Recall/Remember/Operate/Temporal及P2协议边界；不只按可达性删文件,若实现中仍有参考夹具，按清单迁移，不削减有效约束,True,True,97821bf30c7291a5c7ea02dd19e4e50d33efe2c22c7495851a6de4b6e036a181,无此309路径差异；实施前仍检查新改动
E:/projects/codex/aether/AgentJYS-main/src/aether_agent_memory/recall/embedding/fastembed_client.py,src/aether_agent_memory/recall/embedding/fastembed_client.py,必须保留：当前实现或有效契约/迁移能力,当前装配、canonical Recall/Remember/Operate/Temporal及P2协议边界；不只按可达性删文件,若实现中仍有参考夹具，按清单迁移，不削减有效约束,True,True,1da1d5f4ea3d9df08c16fb5e8dac5ab79ad0aa84cc2342ed122fc9968de43bff,无此309路径差异；实施前仍检查新改动
E:/projects/codex/aether/AgentJYS-main/src/aether_agent_memory/recall/embedding/models.py,src/aether_agent_memory/recall/embedding/models.py,必须保留：当前实现或有效契约/迁移能力,当前装配、canonical Recall/Remember/Operate/Temporal及P2协议边界；不只按可达性删文件,若实现中仍有参考夹具，按清单迁移，不削减有效约束,True,True,9f9f2914a995d9b3d1780b6a660b72d30ae5780aa92628cdea4c097f73bf4ca2,无此309路径差异；实施前仍检查新改动
E:/projects/codex/aether/AgentJYS-main/src/aether_agent_memory/recall/embedding/native.py,src/aether_agent_memory/recall/embedding/native.py,必须保留：当前实现或有效契约/迁移能力,当前装配、canonical Recall/Remember/Operate/Temporal及P2协议边界；不只按可达性删文件,若实现中仍有参考夹具，按清单迁移，不削减有效约束,True,True,f91a86cd6c96aa15bf80653bf3e0b3d0d19f43930b45981809041a822bab6cc8,无此309路径差异；实施前仍检查新改动
E:/projects/codex/aether/AgentJYS-main/src/aether_agent_memory/recall/embedding/p3.py,src/aether_agent_memory/recall/embedding/p3.py,必须保留共享能力；按清单清除废弃成员/引用,接口/事务guard和原实现语义,MetadataTransaction/MetadataUnitOfWork/_active/business_write_guard/native从退休storage模块导入,True,True,14e454c6a1ff2bc28d24d0d2f09a16a5cbc73fac31ddf47fecb2b2ff0153b70c,参考当前实现做限定合并/清理调整；按限定修改表，不整文件覆盖
E:/projects/codex/aether/AgentJYS-main/src/aether_agent_memory/recall/embedding/service.py,src/aether_agent_memory/recall/embedding/service.py,必须保留：当前实现或有效契约/迁移能力,当前装配、canonical Recall/Remember/Operate/Temporal及P2协议边界；不只按可达性删文件,若实现中仍有参考夹具，按清单迁移，不削减有效约束,True,True,c620434260f081996c88cae8d0815a924977184e6daa7b6e96baf77013d60722,无此309路径差异；实施前仍检查新改动
E:/projects/codex/aether/AgentJYS-main/src/aether_agent_memory/recall/embedding/spaces.py,src/aether_agent_memory/recall/embedding/spaces.py,必须保留：当前实现或有效契约/迁移能力,当前装配、canonical Recall/Remember/Operate/Temporal及P2协议边界；不只按可达性删文件,若实现中仍有参考夹具，按清单迁移，不削减有效约束,True,True,b87e07ef8a1b002653fddea5683920d2b83c9616513438803adde14ac7b24def,无此309路径差异；实施前仍检查新改动
E:/projects/codex/aether/AgentJYS-main/src/aether_agent_memory/recall/embedding_input.py,src/aether_agent_memory/recall/embedding_input.py,必须保留：当前实现或有效契约/迁移能力,当前装配、canonical Recall/Remember/Operate/Temporal及P2协议边界；不只按可达性删文件,若实现中仍有参考夹具，按清单迁移，不削减有效约束,True,True,617b1cb0d5f7ae2d4ae58235c0666927ae7e6ab1a4e3972f06cf550a8a439a11,无此309路径差异；实施前仍检查新改动
E:/projects/codex/aether/AgentJYS-main/src/aether_agent_memory/recall/execution.py,src/aether_agent_memory/recall/execution.py,必须保留：当前实现或有效契约/迁移能力,当前装配、canonical Recall/Remember/Operate/Temporal及P2协议边界；不只按可达性删文件,若实现中仍有参考夹具，按清单迁移，不削减有效约束,True,True,adb53120a939d1188d8658369cfe51dd3667af7e0713b62e65ea9b0be4743e7c,无此309路径差异；实施前仍检查新改动
E:/projects/codex/aether/AgentJYS-main/src/aether_agent_memory/recall/models.py,src/aether_agent_memory/recall/models.py,必须保留：当前实现或有效契约/迁移能力,当前装配、canonical Recall/Remember/Operate/Temporal及P2协议边界；不只按可达性删文件,若实现中仍有参考夹具，按清单迁移，不削减有效约束,True,True,dc5739ca0805aec9a9a8c2b69ea4a24d62b59c1c4100b40e8a2278c365166ebc,无此309路径差异；实施前仍检查新改动
E:/projects/codex/aether/AgentJYS-main/src/aether_agent_memory/recall/ports.py,src/aether_agent_memory/recall/ports.py,必须保留：当前实现或有效契约/迁移能力,当前装配、canonical Recall/Remember/Operate/Temporal及P2协议边界；不只按可达性删文件,若实现中仍有参考夹具，按清单迁移，不削减有效约束,True,True,3090e506d1c825b893ffa818869b12d73d4b680b5189f3777320752b5f9608a3,无此309路径差异；实施前仍检查新改动
E:/projects/codex/aether/AgentJYS-main/src/aether_agent_memory/recall/query.py,src/aether_agent_memory/recall/query.py,必须保留：当前实现或有效契约/迁移能力,当前装配、canonical Recall/Remember/Operate/Temporal及P2协议边界；不只按可达性删文件,若实现中仍有参考夹具，按清单迁移，不削减有效约束,True,True,a6efc4aa7d9f72b1f5e21f5e5436eb18507692973e4c9cffaf5bd10145a6adb2,无此309路径差异；实施前仍检查新改动
E:/projects/codex/aether/AgentJYS-main/src/aether_agent_memory/recall/routing.py,src/aether_agent_memory/recall/routing.py,必须保留：当前实现或有效契约/迁移能力,当前装配、canonical Recall/Remember/Operate/Temporal及P2协议边界；不只按可达性删文件,若实现中仍有参考夹具，按清单迁移，不削减有效约束,True,True,92bb21a64654681dec1e6c5b8ba44b5407c16f19ead0feed1293b6e7354cfc27,无此309路径差异；实施前仍检查新改动
E:/projects/codex/aether/AgentJYS-main/src/aether_agent_memory/recall/store.py,src/aether_agent_memory/recall/store.py,必须保留：当前实现或有效契约/迁移能力,当前装配、canonical Recall/Remember/Operate/Temporal及P2协议边界；不只按可达性删文件,若实现中仍有参考夹具，按清单迁移，不削减有效约束,True,True,4d8092c7afb637d0ce1534f6662c3afd51398cc498ff3dfa33f7a371b6456563,无此309路径差异；实施前仍检查新改动
E:/projects/codex/aether/AgentJYS-main/src/aether_agent_memory/recall/vector_projection/__init__.py,src/aether_agent_memory/recall/vector_projection/__init__.py,必须保留：当前实现或有效契约/迁移能力,当前装配、canonical Recall/Remember/Operate/Temporal及P2协议边界；不只按可达性删文件,若实现中仍有参考夹具，按清单迁移，不削减有效约束,True,True,82d02fd1fd0da0a2a6d854905be664ba48ab76cb88b237b87b5e596c6de9dd23,无此309路径差异；实施前仍检查新改动
E:/projects/codex/aether/AgentJYS-main/src/aether_agent_memory/recall/vector_projection/models.py,src/aether_agent_memory/recall/vector_projection/models.py,必须保留：当前实现或有效契约/迁移能力,当前装配、canonical Recall/Remember/Operate/Temporal及P2协议边界；不只按可达性删文件,若实现中仍有参考夹具，按清单迁移，不削减有效约束,True,True,d60d7f289a49242658ffe2acdfefcd80403142b2ec437b55ce4ea1777caefaab,无此309路径差异；实施前仍检查新改动
E:/projects/codex/aether/AgentJYS-main/src/aether_agent_memory/recall/vector_projection/ports.py,src/aether_agent_memory/recall/vector_projection/ports.py,必须保留：当前实现或有效契约/迁移能力,当前装配、canonical Recall/Remember/Operate/Temporal及P2协议边界；不只按可达性删文件,若实现中仍有参考夹具，按清单迁移，不削减有效约束,True,True,f293c81211c9f337c2e6bc870f8ec8530cb417e48b93c03edf09f1b3eaba4309,无此309路径差异；实施前仍检查新改动
E:/projects/codex/aether/AgentJYS-main/src/aether_agent_memory/remember/__init__.py,src/aether_agent_memory/remember/__init__.py,必须保留：当前实现或有效契约/迁移能力,当前装配、canonical Recall/Remember/Operate/Temporal及P2协议边界；不只按可达性删文件,若实现中仍有参考夹具，按清单迁移，不削减有效约束,True,True,e8dd817c112af48c40719c942e073f0d713de1a662ab5fc845118d02ddb8db19,无此309路径差异；实施前仍检查新改动
E:/projects/codex/aether/AgentJYS-main/src/aether_agent_memory/remember/basic/__init__.py,src/aether_agent_memory/remember/basic/__init__.py,必须保留：当前实现或有效契约/迁移能力,当前装配、canonical Recall/Remember/Operate/Temporal及P2协议边界；不只按可达性删文件,若实现中仍有参考夹具，按清单迁移，不削减有效约束,True,True,01a3ece8fa2773f72650076d83557ef9bb97fedbe2de0bea7c5880ea9675d0ac,无此309路径差异；实施前仍检查新改动
E:/projects/codex/aether/AgentJYS-main/src/aether_agent_memory/remember/basic/boundary.py,src/aether_agent_memory/remember/basic/boundary.py,必须保留共享能力；按清单清除废弃成员/引用,接口/事务guard和原实现语义,MetadataTransaction/MetadataUnitOfWork/_active/business_write_guard/native从退休storage模块导入,True,True,ace42de792c13154b63f24b837b52cf39a02d4edb2b6e60284824146f18741f3,参考当前实现做限定合并/清理调整；按限定修改表，不整文件覆盖
E:/projects/codex/aether/AgentJYS-main/src/aether_agent_memory/remember/basic/ceph_p2.py,src/aether_agent_memory/remember/basic/ceph_p2.py,必须保留：当前实现或有效契约/迁移能力,当前装配、canonical Recall/Remember/Operate/Temporal及P2协议边界；不只按可达性删文件,若实现中仍有参考夹具，按清单迁移，不削减有效约束,True,True,196022ded2573b492bc4f9bfa5561902ed04f6987c60844736b17a09e3ccc02d,纳入当前运行/Azure必需差异；实施前hash复核与限定同步
E:/projects/codex/aether/AgentJYS-main/src/aether_agent_memory/remember/basic/comparison.py,src/aether_agent_memory/remember/basic/comparison.py,必须保留：当前实现或有效契约/迁移能力,当前装配、canonical Recall/Remember/Operate/Temporal及P2协议边界；不只按可达性删文件,若实现中仍有参考夹具，按清单迁移，不削减有效约束,True,True,966ac5dfcace5a76a6cb2240b8576c78a61600306a92ad227a65e5f8948775f7,无此309路径差异；实施前仍检查新改动
E:/projects/codex/aether/AgentJYS-main/src/aether_agent_memory/remember/basic/compression.py,src/aether_agent_memory/remember/basic/compression.py,必须保留：当前实现或有效契约/迁移能力,当前装配、canonical Recall/Remember/Operate/Temporal及P2协议边界；不只按可达性删文件,若实现中仍有参考夹具，按清单迁移，不削减有效约束,True,True,d56ca82b6c3129fb228b396726839a73db60c6b0710d583aabc4beb48fadc21c,无此309路径差异；实施前仍检查新改动
E:/projects/codex/aether/AgentJYS-main/src/aether_agent_memory/remember/basic/compression_attempts.py,src/aether_agent_memory/remember/basic/compression_attempts.py,必须保留：当前实现或有效契约/迁移能力,当前装配、canonical Recall/Remember/Operate/Temporal及P2协议边界；不只按可达性删文件,若实现中仍有参考夹具，按清单迁移，不削减有效约束,True,True,cc95c7edf5c94b52244b86c4fd8b1e2925d1e610ec298ac098c44180bb39d166,无此309路径差异；实施前仍检查新改动
E:/projects/codex/aether/AgentJYS-main/src/aether_agent_memory/remember/basic/content.py,src/aether_agent_memory/remember/basic/content.py,必须保留：当前实现或有效契约/迁移能力,当前装配、canonical Recall/Remember/Operate/Temporal及P2协议边界；不只按可达性删文件,若实现中仍有参考夹具，按清单迁移，不削减有效约束,True,True,9e1367e7392a8a5da50e91f1bf7a456385e71d6d582d7f2d01141d815dfff7dd,纳入当前运行/Azure必需差异；实施前hash复核与限定同步
E:/projects/codex/aether/AgentJYS-main/src/aether_agent_memory/remember/basic/decay.py,src/aether_agent_memory/remember/basic/decay.py,必须保留：当前实现或有效契约/迁移能力,当前装配、canonical Recall/Remember/Operate/Temporal及P2协议边界；不只按可达性删文件,若实现中仍有参考夹具，按清单迁移，不削减有效约束,True,True,c47b744541df2c340e53b1e17100799d9c2376586b0ea865793da8c2df26e26a,无此309路径差异；实施前仍检查新改动
E:/projects/codex/aether/AgentJYS-main/src/aether_agent_memory/remember/basic/dedup.py,src/aether_agent_memory/remember/basic/dedup.py,必须保留：当前实现或有效契约/迁移能力,当前装配、canonical Recall/Remember/Operate/Temporal及P2协议边界；不只按可达性删文件,若实现中仍有参考夹具，按清单迁移，不削减有效约束,True,True,72d80dfd4db159c5cde6dbee8ce5bc718506f50d427020b8a279adf1eceb3a6e,无此309路径差异；实施前仍检查新改动
E:/projects/codex/aether/AgentJYS-main/src/aether_agent_memory/remember/basic/dispatch.py,src/aether_agent_memory/remember/basic/dispatch.py,需要确认：清单内整文件退役,属于旧MemoryRuntime/ContextCatalog/长文本Celery/B3影子调度闭包；当前Remember/Recall/Temporal/Operate已使用另一组实现。删除需迁移有效的契约和边界断言。,旧入口/兼容导出不能再调用；当前入口和有效契约继续保留；删除前迁移消费者和测试。,True,True,d7825afcfc2f960f14f5c2fd14451700fd1c2baf25e25ae26a812b87242b07a6,无此309路径差异；实施前仍检查新改动
E:/projects/codex/aether/AgentJYS-main/src/aether_agent_memory/remember/basic/eligibility.py,src/aether_agent_memory/remember/basic/eligibility.py,必须保留共享能力；按清单清除废弃成员/引用,接口/事务guard和原实现语义,MetadataTransaction/MetadataUnitOfWork/_active/business_write_guard/native从退休storage模块导入,True,True,244fbd7fec4e826cc1234c1fe389ab29c0cb31fc8ea15b32e59f6541488c9e14,参考当前实现做限定合并/清理调整；按限定修改表，不整文件覆盖
E:/projects/codex/aether/AgentJYS-main/src/aether_agent_memory/remember/basic/extraction.py,src/aether_agent_memory/remember/basic/extraction.py,必须保留：当前实现或有效契约/迁移能力,当前装配、canonical Recall/Remember/Operate/Temporal及P2协议边界；不只按可达性删文件,若实现中仍有参考夹具，按清单迁移，不削减有效约束,True,True,70128c0a760900dfa4a4454f8e842681a16fd1b3f1a9272bc76599ed39196ef5,无此309路径差异；实施前仍检查新改动
E:/projects/codex/aether/AgentJYS-main/src/aether_agent_memory/remember/basic/hydration.py,src/aether_agent_memory/remember/basic/hydration.py,必须保留：当前实现或有效契约/迁移能力,当前装配、canonical Recall/Remember/Operate/Temporal及P2协议边界；不只按可达性删文件,若实现中仍有参考夹具，按清单迁移，不削减有效约束,False,True,,纳入当前运行/Azure必需差异；实施前hash复核与限定同步
E:/projects/codex/aether/AgentJYS-main/src/aether_agent_memory/remember/basic/pipeline.py,src/aether_agent_memory/remember/basic/pipeline.py,必须保留共享能力；按清单清除废弃成员/引用,接口/事务guard和原实现语义,MetadataTransaction/MetadataUnitOfWork/_active/business_write_guard/native从退休storage模块导入,True,True,d54d2466436a1f0f7772bbe55a96ddd52bc86bcf8d3dbe83f7495b3091223956,参考当前实现做限定合并/清理调整；按限定修改表，不整文件覆盖
E:/projects/codex/aether/AgentJYS-main/src/aether_agent_memory/remember/basic/policy.py,src/aether_agent_memory/remember/basic/policy.py,必须保留：当前实现或有效契约/迁移能力,当前装配、canonical Recall/Remember/Operate/Temporal及P2协议边界；不只按可达性删文件,若实现中仍有参考夹具，按清单迁移，不削减有效约束,True,True,1a67a18cfc83541f796e7f6864c2b2b6463897fea7b7c9f82c90adfa1f3859fe,无此309路径差异；实施前仍检查新改动
E:/projects/codex/aether/AgentJYS-main/src/aether_agent_memory/remember/basic/projection.py,src/aether_agent_memory/remember/basic/projection.py,必须保留共享能力；按清单清除废弃成员/引用,MilvusProjection、ProjectionAccess、projection_target/删除栅栏,SQLiteProjection及基类导入；Milvus.guard里的SQLiteVectorStore.ref调用改共有projection_ref,True,True,4adf20a347fe48400f8ece822fe0845eb913fc1d2be99ef7a5c36a7eb3ea2232,参考当前实现做限定合并/清理调整；按限定修改表，不整文件覆盖
E:/projects/codex/aether/AgentJYS-main/src/aether_agent_memory/remember/basic/records.py,src/aether_agent_memory/remember/basic/records.py,必须保留共享能力；按清单清除废弃成员/引用,接口/事务guard和原实现语义,MetadataTransaction/MetadataUnitOfWork/_active/business_write_guard/native从退休storage模块导入,True,True,448033687390a7091d20edaa7f50bcf31a2aa5bca4759b6177d09ec126b140c9,参考当前实现做限定合并/清理调整；按限定修改表，不整文件覆盖
E:/projects/codex/aether/AgentJYS-main/src/aether_agent_memory/remember/basic/reflection.py,src/aether_agent_memory/remember/basic/reflection.py,必须保留共享能力；按清单清除废弃成员/引用,接口/事务guard和原实现语义,MetadataTransaction/MetadataUnitOfWork/_active/business_write_guard/native从退休storage模块导入,True,True,b5986f6ca3e83e6c30ddcd76479b19c79117d9d1738cf59204733da9a627b279,参考当前实现做限定合并/清理调整；按限定修改表，不整文件覆盖
E:/projects/codex/aether/AgentJYS-main/src/aether_agent_memory/remember/basic/retention.py,src/aether_agent_memory/remember/basic/retention.py,必须保留共享能力；按清单清除废弃成员/引用,接口/事务guard和原实现语义,MetadataTransaction/MetadataUnitOfWork/_active/business_write_guard/native从退休storage模块导入,True,True,655b00abbe39eadb70a9adf56d5ff201bac13a56d204073f104179dc40bef406,参考当前实现做限定合并/清理调整；按限定修改表，不整文件覆盖
E:/projects/codex/aether/AgentJYS-main/src/aether_agent_memory/remember/basic/revalidation.py,src/aether_agent_memory/remember/basic/revalidation.py,必须保留：当前实现或有效契约/迁移能力,当前装配、canonical Recall/Remember/Operate/Temporal及P2协议边界；不只按可达性删文件,若实现中仍有参考夹具，按清单迁移，不削减有效约束,True,True,d4dd784e8f5bd436ea77957c6a7a2bb945a58d88ce3a4aae75b7700ac2d11ad8,纳入当前运行/Azure必需差异；实施前hash复核与限定同步
E:/projects/codex/aether/AgentJYS-main/src/aether_agent_memory/remember/basic/service.py,src/aether_agent_memory/remember/basic/service.py,必须保留共享能力；按清单清除废弃成员/引用,接口/事务guard和原实现语义,MetadataTransaction/MetadataUnitOfWork/_active/business_write_guard/native从退休storage模块导入,True,True,ca2622ccf1ccb6df85d696445404476b2726c4187fbc43bcee38faa573116403,参考当前实现做限定合并/清理调整；按限定修改表，不整文件覆盖
E:/projects/codex/aether/AgentJYS-main/src/aether_agent_memory/remember/basic/sources.py,src/aether_agent_memory/remember/basic/sources.py,必须保留：当前实现或有效契约/迁移能力,当前装配、canonical Recall/Remember/Operate/Temporal及P2协议边界；不只按可达性删文件,若实现中仍有参考夹具，按清单迁移，不削减有效约束,True,True,4a7b432cef91d6a6df306e48fc1754dd0050aee2e6f3808e7990807c0694060d,纳入当前运行/Azure必需差异；实施前hash复核与限定同步
E:/projects/codex/aether/AgentJYS-main/src/aether_agent_memory/remember/basic/sqlite_p2.py,src/aether_agent_memory/remember/basic/sqlite_p2.py,需要确认：清单内整文件退役,仅 SQLiteP2 可写对象替身；现行 Azure 使用 CephObjects/P2 接口。,退出可写 SQLite/本地替身和隐式回退；本机现部署的 Azure PG/Ceph/Redis/Milvus/native 绑定继续保留。,True,True,be4890b4cf696468fae99a54f2b8bf10559a26926929789364e56e4397b4fa03,无此309路径差异；实施前仍检查新改动
E:/projects/codex/aether/AgentJYS-main/src/aether_agent_memory/remember/basic/summaries.py,src/aether_agent_memory/remember/basic/summaries.py,必须保留：当前实现或有效契约/迁移能力,当前装配、canonical Recall/Remember/Operate/Temporal及P2协议边界；不只按可达性删文件,若实现中仍有参考夹具，按清单迁移，不削减有效约束,True,True,4a827493194b01431a674178ea80cea60eacca9caccb03750c4859700609d299,纳入当前运行/Azure必需差异；实施前hash复核与限定同步
E:/projects/codex/aether/AgentJYS-main/src/aether_agent_memory/remember/basic/temporal_background.py,src/aether_agent_memory/remember/basic/temporal_background.py,必须保留：当前实现或有效契约/迁移能力,当前装配、canonical Recall/Remember/Operate/Temporal及P2协议边界；不只按可达性删文件,若实现中仍有参考夹具，按清单迁移，不削减有效约束,True,True,74b2eb19eccbacaeae9ebfc777043a42cdcc7ca8fb30ad89ff322898c1710193,纳入当前运行/Azure必需差异；实施前hash复核与限定同步
E:/projects/codex/aether/AgentJYS-main/src/aether_agent_memory/remember/basic/temporal_stages.py,src/aether_agent_memory/remember/basic/temporal_stages.py,必须保留共享能力；按清单清除废弃成员/引用,接口/事务guard和原实现语义,MetadataTransaction/MetadataUnitOfWork/_active/business_write_guard/native从退休storage模块导入,True,True,b29a805bacda542d473da1f0deaf20315bfb6b3b688705474fbb41c57a763675,参考当前实现做限定合并/清理调整；按限定修改表，不整文件覆盖
E:/projects/codex/aether/AgentJYS-main/src/aether_agent_memory/remember/contracts/__init__.py,src/aether_agent_memory/remember/contracts/__init__.py,必须保留：当前实现或有效契约/迁移能力,当前装配、canonical Recall/Remember/Operate/Temporal及P2协议边界；不只按可达性删文件,若实现中仍有参考夹具，按清单迁移，不削减有效约束,True,True,88e73be6c3df873cd139dfcf0c40ff2285a20a626f6640db5507bd5d389f28e1,无此309路径差异；实施前仍检查新改动
E:/projects/codex/aether/AgentJYS-main/src/aether_agent_memory/remember/contracts/foundation.py,src/aether_agent_memory/remember/contracts/foundation.py,必须保留：当前实现或有效契约/迁移能力,当前装配、canonical Recall/Remember/Operate/Temporal及P2协议边界；不只按可达性删文件,若实现中仍有参考夹具，按清单迁移，不削减有效约束,True,True,2c1530dafdbf9d4efe1e204d423682989da5f042ef0fef713c22880bef2944fc,无此309路径差异；实施前仍检查新改动
E:/projects/codex/aether/AgentJYS-main/src/aether_agent_memory/remember/contracts/models.py,src/aether_agent_memory/remember/contracts/models.py,必须保留：当前实现或有效契约/迁移能力,当前装配、canonical Recall/Remember/Operate/Temporal及P2协议边界；不只按可达性删文件,若实现中仍有参考夹具，按清单迁移，不削减有效约束,True,True,bcef88a4353e63658f4344b0905d75b7f5d6f942f4252b739da1b9c0ddb4fd1a,无此309路径差异；实施前仍检查新改动
E:/projects/codex/aether/AgentJYS-main/src/aether_agent_memory/remember/contracts/ports.py,src/aether_agent_memory/remember/contracts/ports.py,必须保留：当前实现或有效契约/迁移能力,当前装配、canonical Recall/Remember/Operate/Temporal及P2协议边界；不只按可达性删文件,若实现中仍有参考夹具，按清单迁移，不削减有效约束,True,True,955ed306524f864761b232346c09f3581140ba4414c836e5fd12fa912b5241d9,无此309路径差异；实施前仍检查新改动
E:/projects/codex/aether/AgentJYS-main/src/aether_agent_memory/remember/contracts/rules.py,src/aether_agent_memory/remember/contracts/rules.py,必须保留：当前实现或有效契约/迁移能力,当前装配、canonical Recall/Remember/Operate/Temporal及P2协议边界；不只按可达性删文件,若实现中仍有参考夹具，按清单迁移，不削减有效约束,True,True,456f2b6aab6e164b438ed44c3b5ecc52a12f2b28b9ce8e3e68ed22e2d6a26ef3,无此309路径差异；实施前仍检查新改动
E:/projects/codex/aether/AgentJYS-main/src/aether_agent_memory/remember/documents.py,src/aether_agent_memory/remember/documents.py,必须保留：当前实现或有效契约/迁移能力,当前装配、canonical Recall/Remember/Operate/Temporal及P2协议边界；不只按可达性删文件,若实现中仍有参考夹具，按清单迁移，不削减有效约束,True,True,702079de3d3c715548f36a992c6d545a615b93139a9bf9d6cbbd85849b0d9c91,无此309路径差异；实施前仍检查新改动
E:/projects/codex/aether/AgentJYS-main/src/aether_agent_memory/remember/http.py,src/aether_agent_memory/remember/http.py,必须保留：当前实现或有效契约/迁移能力,当前装配、canonical Recall/Remember/Operate/Temporal及P2协议边界；不只按可达性删文件,若实现中仍有参考夹具，按清单迁移，不削减有效约束,True,True,bb5d8da1dfdd28209e4f5674617df30bb1605795021fba655656b38680e22797,纳入当前运行/Azure必需差异；实施前hash复核与限定同步
E:/projects/codex/aether/AgentJYS-main/src/aether_agent_memory/remember/local.py,src/aether_agent_memory/remember/local.py,必须保留共享能力；按清单清除废弃成员/引用,create_runtime/RememberFactory当前Azure装配入口与body provider binding,SQLiteP2/LexicalEmbedding默认分支,True,True,aa7d5ce081c8e749acc5d68bc26841780b46ff6379f93ff04dc852a43ca15fcf,参考当前实现做限定合并/清理调整；按限定修改表，不整文件覆盖
E:/projects/codex/aether/AgentJYS-main/src/aether_agent_memory/remember/model_provider.py,src/aether_agent_memory/remember/model_provider.py,必须保留：当前实现或有效契约/迁移能力,当前装配、canonical Recall/Remember/Operate/Temporal及P2协议边界；不只按可达性删文件,若实现中仍有参考夹具，按清单迁移，不削减有效约束,True,True,0974c828348711eb176279e2741dd1a9330d93341fa1f976674c92cedd23f858,无此309路径差异；实施前仍检查新改动
E:/projects/codex/aether/AgentJYS-main/src/aether_agent_memory/resource/__init__.py,src/aether_agent_memory/resource/__init__.py,必须保留：当前依赖或暂不退役,统一 P3 入口静态 import 闭包（含 TYPE_CHECKING/可选路径，非运行证明）。,如仅含旧入口，按清单修引用；不删除用户资料,True,True,e26ba526ec1b8d26d5de58454ce90332e9a52766efd988d5613b13ddf455060d,无此309路径差异；实施前仍检查新改动
E:/projects/codex/aether/AgentJYS-main/src/aether_agent_memory/resource/models.py,src/aether_agent_memory/resource/models.py,必须保留：当前依赖或暂不退役,统一 P3 入口静态 import 闭包（含 TYPE_CHECKING/可选路径，非运行证明）。,如仅含旧入口，按清单修引用；不删除用户资料,True,True,cc725e9782367c49da1e998bc7fcdba6a548a041dcc737bc2e9d9894311b88c7,无此309路径差异；实施前仍检查新改动
E:/projects/codex/aether/AgentJYS-main/src/aether_agent_memory/resource/parsing.py,src/aether_agent_memory/resource/parsing.py,必须保留：当前依赖或暂不退役,统一 P3 入口静态 import 闭包（含 TYPE_CHECKING/可选路径，非运行证明）。,如仅含旧入口，按清单修引用；不删除用户资料,True,True,23aa099c107fcb743666e5e959e038ed2514cda8c62f2a118fcd94b72c035f8b,无此309路径差异；实施前仍检查新改动
E:/projects/codex/aether/AgentJYS-main/src/aether_agent_memory/resource/ports.py,src/aether_agent_memory/resource/ports.py,必须保留：当前依赖或暂不退役,统一 P3 入口静态 import 闭包（含 TYPE_CHECKING/可选路径，非运行证明）。,如仅含旧入口，按清单修引用；不删除用户资料,True,True,9c86b770660fdc34efb45a903101ae2a0875eb9ffd2165215fd7514355d2c6e5,无此309路径差异；实施前仍检查新改动
E:/projects/codex/aether/AgentJYS-main/src/aether_agent_memory/runtime/__init__.py,src/aether_agent_memory/runtime/__init__.py,必须保留共享能力；按清单清除废弃成员/引用,当前contracts/flows/Temporal模块入口,MemoryRuntime/P3Runtime/RequestContext及旧status/errors导出,True,True,72dc66fbe4c57ac34537b1fc22bf327963cc51610f0da979d0ea10947e8041b6,无此309路径差异；实施前仍检查新改动
E:/projects/codex/aether/AgentJYS-main/src/aether_agent_memory/runtime/capability_store.py,src/aether_agent_memory/runtime/capability_store.py,必须保留共享能力；按清单清除废弃成员/引用,RecordTransaction、AtomicRecordStore协议原语义,_SQLiteTransaction、SQLiteCapabilityStore及sqlite3/RLock具体实现,True,True,d84840ae8cf0699a24ae3fc655653237e1a8754d149a20282530e7603617fa61,无此309路径差异；实施前仍检查新改动
E:/projects/codex/aether/AgentJYS-main/src/aether_agent_memory/runtime/contract_types.py,src/aether_agent_memory/runtime/contract_types.py,必须保留：当前实现或有效契约/迁移能力,当前装配、canonical Recall/Remember/Operate/Temporal及P2协议边界；不只按可达性删文件,若实现中仍有参考夹具，按清单迁移，不削减有效约束,True,True,d3978f4d6bdf339f7647753789ee0aac6ca91a89d36e58c17fd5b401e790f314,无此309路径差异；实施前仍检查新改动
E:/projects/codex/aether/AgentJYS-main/src/aether_agent_memory/runtime/contracts/__init__.py,src/aether_agent_memory/runtime/contracts/__init__.py,必须保留：当前实现或有效契约/迁移能力,当前装配、canonical Recall/Remember/Operate/Temporal及P2协议边界；不只按可达性删文件,若实现中仍有参考夹具，按清单迁移，不削减有效约束,True,True,bfbec0362dcd411f564f0ab6ff6897fce8b8149aaae89da3d177803f92683f22,无此309路径差异；实施前仍检查新改动
E:/projects/codex/aether/AgentJYS-main/src/aether_agent_memory/runtime/contracts/client_admission.py,src/aether_agent_memory/runtime/contracts/client_admission.py,必须保留：当前实现或有效契约/迁移能力,当前装配、canonical Recall/Remember/Operate/Temporal及P2协议边界；不只按可达性删文件,若实现中仍有参考夹具，按清单迁移，不削减有效约束,False,True,,纳入当前运行/Azure必需差异；实施前hash复核与限定同步
E:/projects/codex/aether/AgentJYS-main/src/aether_agent_memory/runtime/contracts/client_definitions.py,src/aether_agent_memory/runtime/contracts/client_definitions.py,必须保留：当前实现或有效契约/迁移能力,当前装配、canonical Recall/Remember/Operate/Temporal及P2协议边界；不只按可达性删文件,若实现中仍有参考夹具，按清单迁移，不削减有效约束,False,True,,纳入当前运行/Azure必需差异；实施前hash复核与限定同步
E:/projects/codex/aether/AgentJYS-main/src/aether_agent_memory/runtime/contracts/client_inputs.py,src/aether_agent_memory/runtime/contracts/client_inputs.py,必须保留：当前实现或有效契约/迁移能力,当前装配、canonical Recall/Remember/Operate/Temporal及P2协议边界；不只按可达性删文件,若实现中仍有参考夹具，按清单迁移，不削减有效约束,False,True,,纳入当前运行/Azure必需差异；实施前hash复核与限定同步
E:/projects/codex/aether/AgentJYS-main/src/aether_agent_memory/runtime/contracts/client_ownership.py,src/aether_agent_memory/runtime/contracts/client_ownership.py,必须保留：当前实现或有效契约/迁移能力,当前装配、canonical Recall/Remember/Operate/Temporal及P2协议边界；不只按可达性删文件,若实现中仍有参考夹具，按清单迁移，不削减有效约束,False,True,,纳入当前运行/Azure必需差异；实施前hash复核与限定同步
E:/projects/codex/aether/AgentJYS-main/src/aether_agent_memory/runtime/contracts/client_recoveries.py,src/aether_agent_memory/runtime/contracts/client_recoveries.py,必须保留：当前实现或有效契约/迁移能力,当前装配、canonical Recall/Remember/Operate/Temporal及P2协议边界；不只按可达性删文件,若实现中仍有参考夹具，按清单迁移，不削减有效约束,False,True,,纳入当前运行/Azure必需差异；实施前hash复核与限定同步
E:/projects/codex/aether/AgentJYS-main/src/aether_agent_memory/runtime/contracts/client_recovery_reads.py,src/aether_agent_memory/runtime/contracts/client_recovery_reads.py,必须保留：当前实现或有效契约/迁移能力,当前装配、canonical Recall/Remember/Operate/Temporal及P2协议边界；不只按可达性删文件,若实现中仍有参考夹具，按清单迁移，不削减有效约束,False,True,,纳入当前运行/Azure必需差异；实施前hash复核与限定同步
E:/projects/codex/aether/AgentJYS-main/src/aether_agent_memory/runtime/contracts/client_runs.py,src/aether_agent_memory/runtime/contracts/client_runs.py,必须保留：当前实现或有效契约/迁移能力,当前装配、canonical Recall/Remember/Operate/Temporal及P2协议边界；不只按可达性删文件,若实现中仍有参考夹具，按清单迁移，不削减有效约束,False,True,,纳入当前运行/Azure必需差异；实施前hash复核与限定同步
E:/projects/codex/aether/AgentJYS-main/src/aether_agent_memory/runtime/contracts/client_state_binding.py,src/aether_agent_memory/runtime/contracts/client_state_binding.py,必须保留：当前实现或有效契约/迁移能力,当前装配、canonical Recall/Remember/Operate/Temporal及P2协议边界；不只按可达性删文件,若实现中仍有参考夹具，按清单迁移，不削减有效约束,False,True,,纳入当前运行/Azure必需差异；实施前hash复核与限定同步
E:/projects/codex/aether/AgentJYS-main/src/aether_agent_memory/runtime/contracts/client_states.py,src/aether_agent_memory/runtime/contracts/client_states.py,必须保留：当前实现或有效契约/迁移能力,当前装配、canonical Recall/Remember/Operate/Temporal及P2协议边界；不只按可达性删文件,若实现中仍有参考夹具，按清单迁移，不削减有效约束,False,True,,纳入当前运行/Azure必需差异；实施前hash复核与限定同步
E:/projects/codex/aether/AgentJYS-main/src/aether_agent_memory/runtime/contracts/client_transfers.py,src/aether_agent_memory/runtime/contracts/client_transfers.py,必须保留：当前实现或有效契约/迁移能力,当前装配、canonical Recall/Remember/Operate/Temporal及P2协议边界；不只按可达性删文件,若实现中仍有参考夹具，按清单迁移，不削减有效约束,False,True,,纳入当前运行/Azure必需差异；实施前hash复核与限定同步
E:/projects/codex/aether/AgentJYS-main/src/aether_agent_memory/runtime/contracts/foundation.py,src/aether_agent_memory/runtime/contracts/foundation.py,必须保留：当前实现或有效契约/迁移能力,当前装配、canonical Recall/Remember/Operate/Temporal及P2协议边界；不只按可达性删文件,若实现中仍有参考夹具，按清单迁移，不削减有效约束,True,True,ebea00ecf093e8b97603816ff8b5ad9b6ba321100452cc4b086d41af5a285c58,无此309路径差异；实施前仍检查新改动
E:/projects/codex/aether/AgentJYS-main/src/aether_agent_memory/runtime/contracts/http_evidence.py,src/aether_agent_memory/runtime/contracts/http_evidence.py,必须保留：当前实现或有效契约/迁移能力,当前装配、canonical Recall/Remember/Operate/Temporal及P2协议边界；不只按可达性删文件,若实现中仍有参考夹具，按清单迁移，不削减有效约束,False,True,,纳入当前运行/Azure必需差异；实施前hash复核与限定同步
E:/projects/codex/aether/AgentJYS-main/src/aether_agent_memory/runtime/contracts/models.py,src/aether_agent_memory/runtime/contracts/models.py,必须保留：当前实现或有效契约/迁移能力,当前装配、canonical Recall/Remember/Operate/Temporal及P2协议边界；不只按可达性删文件,若实现中仍有参考夹具，按清单迁移，不削减有效约束,True,True,c7a5a880174ccc3f74242df66a735c1c2ad5bd7a251f6b903e0331b349a7d8bf,无此309路径差异；实施前仍检查新改动
E:/projects/codex/aether/AgentJYS-main/src/aether_agent_memory/runtime/contracts/mutation_receipts.py,src/aether_agent_memory/runtime/contracts/mutation_receipts.py,必须保留：当前实现或有效契约/迁移能力,当前装配、canonical Recall/Remember/Operate/Temporal及P2协议边界；不只按可达性删文件,若实现中仍有参考夹具，按清单迁移，不削减有效约束,False,True,,纳入当前运行/Azure必需差异；实施前hash复核与限定同步
E:/projects/codex/aether/AgentJYS-main/src/aether_agent_memory/runtime/contracts/operation_lookup.py,src/aether_agent_memory/runtime/contracts/operation_lookup.py,必须保留：当前实现或有效契约/迁移能力,当前装配、canonical Recall/Remember/Operate/Temporal及P2协议边界；不只按可达性删文件,若实现中仍有参考夹具，按清单迁移，不削减有效约束,False,True,,纳入当前运行/Azure必需差异；实施前hash复核与限定同步
E:/projects/codex/aether/AgentJYS-main/src/aether_agent_memory/runtime/contracts/ports.py,src/aether_agent_memory/runtime/contracts/ports.py,必须保留：当前实现或有效契约/迁移能力,当前装配、canonical Recall/Remember/Operate/Temporal及P2协议边界；不只按可达性删文件,若实现中仍有参考夹具，按清单迁移，不削减有效约束,True,True,3786f55a8c2b54dad59ae2680b668d19947c27c7d5f3450461c3b8d011e9c9cf,无此309路径差异；实施前仍检查新改动
E:/projects/codex/aether/AgentJYS-main/src/aether_agent_memory/runtime/contracts/rules.py,src/aether_agent_memory/runtime/contracts/rules.py,必须保留：当前实现或有效契约/迁移能力,当前装配、canonical Recall/Remember/Operate/Temporal及P2协议边界；不只按可达性删文件,若实现中仍有参考夹具，按清单迁移，不削减有效约束,True,True,34dab39af2c99b67678347afa8f3e8db3d95bc404fb9291a9da2bce772e476d2,无此309路径差异；实施前仍检查新改动
E:/projects/codex/aether/AgentJYS-main/src/aether_agent_memory/runtime/dependencies.py,src/aether_agent_memory/runtime/dependencies.py,需要确认：清单内整文件退役,当前部署使用__main__→runtime/flows/cli→Service；本组由已退休app/bootstrap/旧API/独立queue workers互相引用，非现行装配。旧compose/安装导出同步退出。,旧入口/兼容导出不能再调用；当前入口和有效契约继续保留；删除前迁移消费者和测试。,True,True,dd2c4b0958d46dffc2ba5bcdd9b93892bfe751caa6211c17fd1143edcd52d720,无此309路径差异；实施前仍检查新改动
E:/projects/codex/aether/AgentJYS-main/src/aether_agent_memory/runtime/dtos.py,src/aether_agent_memory/runtime/dtos.py,需要确认：清单内整文件退役,当前部署使用__main__→runtime/flows/cli→Service；本组由已退休app/bootstrap/旧API/独立queue workers互相引用，非现行装配。旧compose/安装导出同步退出。,旧入口/兼容导出不能再调用；当前入口和有效契约继续保留；删除前迁移消费者和测试。,True,True,9540812a3a9bd81f7a483aa352bd57869e64db221dcd9e287d36b176cba7b254,无此309路径差异；实施前仍检查新改动
E:/projects/codex/aether/AgentJYS-main/src/aether_agent_memory/runtime/errors.py,src/aether_agent_memory/runtime/errors.py,需要确认：清单内整文件退役,当前部署使用__main__→runtime/flows/cli→Service；本组由已退休app/bootstrap/旧API/独立queue workers互相引用，非现行装配。旧compose/安装导出同步退出。,旧入口/兼容导出不能再调用；当前入口和有效契约继续保留；删除前迁移消费者和测试。,True,True,f98640dc0a11166f48a7c665bfd2112de67b7dafa2bb9313f999de9558758d14,无此309路径差异；实施前仍检查新改动
E:/projects/codex/aether/AgentJYS-main/src/aether_agent_memory/runtime/flows/__init__.py,src/aether_agent_memory/runtime/flows/__init__.py,必须保留：当前实现或有效契约/迁移能力,当前装配、canonical Recall/Remember/Operate/Temporal及P2协议边界；不只按可达性删文件,若实现中仍有参考夹具，按清单迁移，不削减有效约束,True,True,c5563f0bfbe977d1e778465ffb99bfdfea49c7a68eb85770f6f222298aeacaf2,无此309路径差异；实施前仍检查新改动
E:/projects/codex/aether/AgentJYS-main/src/aether_agent_memory/runtime/flows/__main__.py,src/aether_agent_memory/runtime/flows/__main__.py,必须保留：当前实现或有效契约/迁移能力,当前装配、canonical Recall/Remember/Operate/Temporal及P2协议边界；不只按可达性删文件,若实现中仍有参考夹具，按清单迁移，不削减有效约束,True,True,2e6705b116fb59ad624b26b4c1963811887b5c99504ac4992b9aa81aab60c7fd,无此309路径差异；实施前仍检查新改动
E:/projects/codex/aether/AgentJYS-main/src/aether_agent_memory/runtime/flows/application.py,src/aether_agent_memory/runtime/flows/application.py,必须保留：当前实现或有效契约/迁移能力,当前装配、canonical Recall/Remember/Operate/Temporal及P2协议边界；不只按可达性删文件,若实现中仍有参考夹具，按清单迁移，不削减有效约束,True,True,bc3e8a55961d74cc1b63eef51521a3c7ac2b27f3a19b86ab6bf5852447503045,纳入当前运行/Azure必需差异；实施前hash复核与限定同步
E:/projects/codex/aether/AgentJYS-main/src/aether_agent_memory/runtime/flows/cli.py,src/aether_agent_memory/runtime/flows/cli.py,必须保留共享能力；按清单清除废弃成员/引用,serve/check-config及外部凭据不覆盖约束,init生成current_p2+reference配置,True,True,2005055a1038f18aba0fe0d3dc6cd529bd597a43898b60f7775d528903df228f,参考当前实现做限定合并/清理调整；按限定修改表，不整文件覆盖
E:/projects/codex/aether/AgentJYS-main/src/aether_agent_memory/runtime/flows/client_definition_routes.py,src/aether_agent_memory/runtime/flows/client_definition_routes.py,必须保留：当前实现或有效契约/迁移能力,当前装配、canonical Recall/Remember/Operate/Temporal及P2协议边界；不只按可达性删文件,若实现中仍有参考夹具，按清单迁移，不削减有效约束,False,True,,纳入当前运行/Azure必需差异；实施前hash复核与限定同步
E:/projects/codex/aether/AgentJYS-main/src/aether_agent_memory/runtime/flows/client_initialization_routes.py,src/aether_agent_memory/runtime/flows/client_initialization_routes.py,必须保留：当前实现或有效契约/迁移能力,当前装配、canonical Recall/Remember/Operate/Temporal及P2协议边界；不只按可达性删文件,若实现中仍有参考夹具，按清单迁移，不削减有效约束,False,True,,纳入当前运行/Azure必需差异；实施前hash复核与限定同步
E:/projects/codex/aether/AgentJYS-main/src/aether_agent_memory/runtime/flows/client_input_routes.py,src/aether_agent_memory/runtime/flows/client_input_routes.py,必须保留：当前实现或有效契约/迁移能力,当前装配、canonical Recall/Remember/Operate/Temporal及P2协议边界；不只按可达性删文件,若实现中仍有参考夹具，按清单迁移，不削减有效约束,False,True,,纳入当前运行/Azure必需差异；实施前hash复核与限定同步
E:/projects/codex/aether/AgentJYS-main/src/aether_agent_memory/runtime/flows/client_recovery_read_routes.py,src/aether_agent_memory/runtime/flows/client_recovery_read_routes.py,必须保留：当前实现或有效契约/迁移能力,当前装配、canonical Recall/Remember/Operate/Temporal及P2协议边界；不只按可达性删文件,若实现中仍有参考夹具，按清单迁移，不削减有效约束,False,True,,纳入当前运行/Azure必需差异；实施前hash复核与限定同步
E:/projects/codex/aether/AgentJYS-main/src/aether_agent_memory/runtime/flows/client_run_routes.py,src/aether_agent_memory/runtime/flows/client_run_routes.py,必须保留：当前实现或有效契约/迁移能力,当前装配、canonical Recall/Remember/Operate/Temporal及P2协议边界；不只按可达性删文件,若实现中仍有参考夹具，按清单迁移，不削减有效约束,False,True,,纳入当前运行/Azure必需差异；实施前hash复核与限定同步
E:/projects/codex/aether/AgentJYS-main/src/aether_agent_memory/runtime/flows/client_state_routes.py,src/aether_agent_memory/runtime/flows/client_state_routes.py,必须保留：当前实现或有效契约/迁移能力,当前装配、canonical Recall/Remember/Operate/Temporal及P2协议边界；不只按可达性删文件,若实现中仍有参考夹具，按清单迁移，不削减有效约束,False,True,,纳入当前运行/Azure必需差异；实施前hash复核与限定同步
E:/projects/codex/aether/AgentJYS-main/src/aether_agent_memory/runtime/flows/config.py,src/aether_agent_memory/runtime/flows/config.py,必须保留共享能力；按清单清除废弃成员/引用,Azure complete bundle/TLS/identity、生产模型约束；P2合同与engine源码,reference SQLite metadata默认值/旧配置选择作为部署捷径,True,True,7befceec1741336f4d45af6a82f8648448204d655f3cfeb2503e7e322ccbdb49,参考当前实现做限定合并/清理调整；按限定修改表，不整文件覆盖
E:/projects/codex/aether/AgentJYS-main/src/aether_agent_memory/runtime/flows/health.py,src/aether_agent_memory/runtime/flows/health.py,必须保留共享能力；按清单清除废弃成员/引用,Health/Probe及真实PG/Redis/Milvus/Ceph/Temporal预算和状态规则,sqlite_probe和默认SQLite文件探测,True,True,10223261fc254be8af71e96eb786a2b2dc2bb621f7c39d367a307bde796e10b4,参考当前实现做限定合并/清理调整；按限定修改表，不整文件覆盖
E:/projects/codex/aether/AgentJYS-main/src/aether_agent_memory/runtime/flows/host.py,src/aether_agent_memory/runtime/flows/host.py,必须保留共享能力；按清单清除废弃成员/引用,现部署Azure providers、原stage/恢复/授权/guard、显式P2接口注入,SQLiteVectors/SQLiteGenerationSearch/LocalCacheExecutor/LexicalEmbedding默认分支,True,True,c242c5b8e59299798f1756b25df8c5017b08ffe3cbac4ea05143c263e588362b,参考当前实现做限定合并/清理调整；按限定修改表，不整文件覆盖
E:/projects/codex/aether/AgentJYS-main/src/aether_agent_memory/runtime/flows/http.py,src/aether_agent_memory/runtime/flows/http.py,必须保留：当前实现或有效契约/迁移能力,当前装配、canonical Recall/Remember/Operate/Temporal及P2协议边界；不只按可达性删文件,若实现中仍有参考夹具，按清单迁移，不削减有效约束,True,True,23d997f2debfba33b9e8226e438bc848924e4fb573580bc611d4fadf9da764e7,纳入当前运行/Azure必需差异；实施前hash复核与限定同步
E:/projects/codex/aether/AgentJYS-main/src/aether_agent_memory/runtime/flows/http_evidence.py,src/aether_agent_memory/runtime/flows/http_evidence.py,必须保留：当前实现或有效契约/迁移能力,当前装配、canonical Recall/Remember/Operate/Temporal及P2协议边界；不只按可达性删文件,若实现中仍有参考夹具，按清单迁移，不削减有效约束,False,True,,纳入当前运行/Azure必需差异；实施前hash复核与限定同步
E:/projects/codex/aether/AgentJYS-main/src/aether_agent_memory/runtime/flows/jwt_auth.py,src/aether_agent_memory/runtime/flows/jwt_auth.py,必须保留：当前实现或有效契约/迁移能力,当前装配、canonical Recall/Remember/Operate/Temporal及P2协议边界；不只按可达性删文件,若实现中仍有参考夹具，按清单迁移，不削减有效约束,True,True,0161c85f24adb5dc268b28737208d535c02ab3a450edc2e1e93a6ac95d6962e2,无此309路径差异；实施前仍检查新改动
E:/projects/codex/aether/AgentJYS-main/src/aether_agent_memory/runtime/flows/keycloak_directory.py,src/aether_agent_memory/runtime/flows/keycloak_directory.py,必须保留：当前实现或有效契约/迁移能力,当前装配、canonical Recall/Remember/Operate/Temporal及P2协议边界；不只按可达性删文件,若实现中仍有参考夹具，按清单迁移，不削减有效约束,True,True,2f345556c8a107c42d137b25bc7cd9862b6b2f5926d36f793995aefd187b3af0,无此309路径差异；实施前仍检查新改动
E:/projects/codex/aether/AgentJYS-main/src/aether_agent_memory/runtime/flows/observability.py,src/aether_agent_memory/runtime/flows/observability.py,必须保留：当前实现或有效契约/迁移能力,当前装配、canonical Recall/Remember/Operate/Temporal及P2协议边界；不只按可达性删文件,若实现中仍有参考夹具，按清单迁移，不削减有效约束,True,True,c86efa71b34fd7d8d600fa146c7e7d733c06d410e898769fcecd0099dbfe245e,无此309路径差异；实施前仍检查新改动
E:/projects/codex/aether/AgentJYS-main/src/aether_agent_memory/runtime/flows/routes.py,src/aether_agent_memory/runtime/flows/routes.py,必须保留共享能力；按清单清除废弃成员/引用,当前Source range/对象binding/授权/hash语义,SQLiteP2类型分支和本地对象读取假设,True,True,d72c298aa70449db054572a4d71a8471932678cfd9fd319ea6bfce1070194ed6,参考当前实现做限定合并/清理调整；按限定修改表，不整文件覆盖
E:/projects/codex/aether/AgentJYS-main/src/aether_agent_memory/runtime/flows/supervisor.py,src/aether_agent_memory/runtime/flows/supervisor.py,需要确认：清单内整文件退役,原路径仅转导canonical实现或空supervisor；保留canonical并修全部消费者、lazy导出与旧路径参数测试。,旧入口/兼容导出不能再调用；当前入口和有效契约继续保留；删除前迁移消费者和测试。,True,True,dfeb3a5038baf41ebf46c9e53fd1fda85d10eb53de5468b631d0fddddcb5d23c,无此309路径差异；实施前仍检查新改动
E:/projects/codex/aether/AgentJYS-main/src/aether_agent_memory/runtime/flows/vector_adapters.py,src/aether_agent_memory/runtime/flows/vector_adapters.py,必须保留共享能力；按清单清除废弃成员/引用,VectorBackend与MilvusVectors的capability边界,SQLiteVectors与两侧SQLite导入,True,True,e0e4be60bdafa83ce97350415ddae83e50d44bb4dc96e400ba5a8d99ca48f586,无此309路径差异；实施前仍检查新改动
E:/projects/codex/aether/AgentJYS-main/src/aether_agent_memory/runtime/foundation/__init__.py,src/aether_agent_memory/runtime/foundation/__init__.py,必须保留：当前实现或有效契约/迁移能力,当前装配、canonical Recall/Remember/Operate/Temporal及P2协议边界；不只按可达性删文件,若实现中仍有参考夹具，按清单迁移，不削减有效约束,True,True,dcdf50c46bd03a0aab09ebf5e84f4948933b74404c0fe32a115048aa218052cf,无此309路径差异；实施前仍检查新改动
E:/projects/codex/aether/AgentJYS-main/src/aether_agent_memory/runtime/foundation/__main__.py,src/aether_agent_memory/runtime/foundation/__main__.py,必须保留：当前实现或有效契约/迁移能力,当前装配、canonical Recall/Remember/Operate/Temporal及P2协议边界；不只按可达性删文件,若实现中仍有参考夹具，按清单迁移，不削减有效约束,True,True,8fb165dff8511cbdaf75e3d80ebee284be39d990dc18cd4e7ad9b3b3c8d60b8a,无此309路径差异；实施前仍检查新改动
E:/projects/codex/aether/AgentJYS-main/src/aether_agent_memory/runtime/foundation/client_admission.py,src/aether_agent_memory/runtime/foundation/client_admission.py,必须保留：当前实现或有效契约/迁移能力,当前装配、canonical Recall/Remember/Operate/Temporal及P2协议边界；不只按可达性删文件,若实现中仍有参考夹具，按清单迁移，不削减有效约束,False,True,,纳入当前运行/Azure必需差异；实施前hash复核与限定同步
E:/projects/codex/aether/AgentJYS-main/src/aether_agent_memory/runtime/foundation/client_definitions.py,src/aether_agent_memory/runtime/foundation/client_definitions.py,必须保留：当前实现或有效契约/迁移能力,当前装配、canonical Recall/Remember/Operate/Temporal及P2协议边界；不只按可达性删文件,若实现中仍有参考夹具，按清单迁移，不削减有效约束,False,True,,纳入当前运行/Azure必需差异；实施前hash复核与限定同步
E:/projects/codex/aether/AgentJYS-main/src/aether_agent_memory/runtime/foundation/client_inputs.py,src/aether_agent_memory/runtime/foundation/client_inputs.py,必须保留：当前实现或有效契约/迁移能力,当前装配、canonical Recall/Remember/Operate/Temporal及P2协议边界；不只按可达性删文件,若实现中仍有参考夹具，按清单迁移，不削减有效约束,False,True,,纳入当前运行/Azure必需差异；实施前hash复核与限定同步
E:/projects/codex/aether/AgentJYS-main/src/aether_agent_memory/runtime/foundation/client_recoveries.py,src/aether_agent_memory/runtime/foundation/client_recoveries.py,必须保留：当前实现或有效契约/迁移能力,当前装配、canonical Recall/Remember/Operate/Temporal及P2协议边界；不只按可达性删文件,若实现中仍有参考夹具，按清单迁移，不削减有效约束,False,True,,纳入当前运行/Azure必需差异；实施前hash复核与限定同步
E:/projects/codex/aether/AgentJYS-main/src/aether_agent_memory/runtime/foundation/client_recovery_initialization.py,src/aether_agent_memory/runtime/foundation/client_recovery_initialization.py,必须保留：当前实现或有效契约/迁移能力,当前装配、canonical Recall/Remember/Operate/Temporal及P2协议边界；不只按可达性删文件,若实现中仍有参考夹具，按清单迁移，不削减有效约束,False,True,,纳入当前运行/Azure必需差异；实施前hash复核与限定同步
E:/projects/codex/aether/AgentJYS-main/src/aether_agent_memory/runtime/foundation/client_recovery_inputs.py,src/aether_agent_memory/runtime/foundation/client_recovery_inputs.py,必须保留：当前实现或有效契约/迁移能力,当前装配、canonical Recall/Remember/Operate/Temporal及P2协议边界；不只按可达性删文件,若实现中仍有参考夹具，按清单迁移，不削减有效约束,False,True,,纳入当前运行/Azure必需差异；实施前hash复核与限定同步
E:/projects/codex/aether/AgentJYS-main/src/aether_agent_memory/runtime/foundation/client_recovery_reads.py,src/aether_agent_memory/runtime/foundation/client_recovery_reads.py,必须保留：当前实现或有效契约/迁移能力,当前装配、canonical Recall/Remember/Operate/Temporal及P2协议边界；不只按可达性删文件,若实现中仍有参考夹具，按清单迁移，不削减有效约束,False,True,,纳入当前运行/Azure必需差异；实施前hash复核与限定同步
E:/projects/codex/aether/AgentJYS-main/src/aether_agent_memory/runtime/foundation/client_runs.py,src/aether_agent_memory/runtime/foundation/client_runs.py,必须保留：当前实现或有效契约/迁移能力,当前装配、canonical Recall/Remember/Operate/Temporal及P2协议边界；不只按可达性删文件,若实现中仍有参考夹具，按清单迁移，不削减有效约束,False,True,,纳入当前运行/Azure必需差异；实施前hash复核与限定同步
E:/projects/codex/aether/AgentJYS-main/src/aether_agent_memory/runtime/foundation/client_scopes.py,src/aether_agent_memory/runtime/foundation/client_scopes.py,必须保留：当前实现或有效契约/迁移能力,当前装配、canonical Recall/Remember/Operate/Temporal及P2协议边界；不只按可达性删文件,若实现中仍有参考夹具，按清单迁移，不削减有效约束,False,True,,纳入当前运行/Azure必需差异；实施前hash复核与限定同步
E:/projects/codex/aether/AgentJYS-main/src/aether_agent_memory/runtime/foundation/client_states.py,src/aether_agent_memory/runtime/foundation/client_states.py,必须保留：当前实现或有效契约/迁移能力,当前装配、canonical Recall/Remember/Operate/Temporal及P2协议边界；不只按可达性删文件,若实现中仍有参考夹具，按清单迁移，不削减有效约束,False,True,,纳入当前运行/Azure必需差异；实施前hash复核与限定同步
E:/projects/codex/aether/AgentJYS-main/src/aether_agent_memory/runtime/foundation/client_transfers.py,src/aether_agent_memory/runtime/foundation/client_transfers.py,必须保留：当前实现或有效契约/迁移能力,当前装配、canonical Recall/Remember/Operate/Temporal及P2协议边界；不只按可达性删文件,若实现中仍有参考夹具，按清单迁移，不削减有效约束,False,True,,纳入当前运行/Azure必需差异；实施前hash复核与限定同步
E:/projects/codex/aether/AgentJYS-main/src/aether_agent_memory/runtime/foundation/common.py,src/aether_agent_memory/runtime/foundation/common.py,必须保留：当前实现或有效契约/迁移能力,当前装配、canonical Recall/Remember/Operate/Temporal及P2协议边界；不只按可达性删文件,若实现中仍有参考夹具，按清单迁移，不削减有效约束,True,True,fbf827a8af4d101a60681bbc64b75a91af3d61074a773df5cab7dea86478af3b,无此309路径差异；实施前仍检查新改动
E:/projects/codex/aether/AgentJYS-main/src/aether_agent_memory/runtime/foundation/diagnostics.py,src/aether_agent_memory/runtime/foundation/diagnostics.py,必须保留共享能力；按清单清除废弃成员/引用,接口/事务guard和原实现语义,MetadataTransaction/MetadataUnitOfWork/_active/business_write_guard/native从退休storage模块导入,True,True,9a2c1b7228b52d04dedb5bacf3e9920e74853c8c614d250026cedeb0b5aa8d5b,参考当前实现做限定合并/清理调整；按限定修改表，不整文件覆盖
E:/projects/codex/aether/AgentJYS-main/src/aether_agent_memory/runtime/foundation/disposition.py,src/aether_agent_memory/runtime/foundation/disposition.py,必须保留共享能力；按清单清除废弃成员/引用,接口/事务guard和原实现语义,MetadataTransaction/MetadataUnitOfWork/_active/business_write_guard/native从退休storage模块导入,True,True,9bcc7b2a2e73cc9ee0cd0ed2627bab7fbbc9eb7aeaeded58967cbe225f66271a,参考当前实现做限定合并/清理调整；按限定修改表，不整文件覆盖
E:/projects/codex/aether/AgentJYS-main/src/aether_agent_memory/runtime/foundation/events.py,src/aether_agent_memory/runtime/foundation/events.py,必须保留共享能力；按清单清除废弃成员/引用,接口/事务guard和原实现语义,MetadataTransaction/MetadataUnitOfWork/_active/business_write_guard/native从退休storage模块导入,True,True,33ec93bd44d4a00b67c80a402278949b6531b4eb1f690b6e2d109ab7df81c206,参考当前实现做限定合并/清理调整；按限定修改表，不整文件覆盖
E:/projects/codex/aether/AgentJYS-main/src/aether_agent_memory/runtime/foundation/host.py,src/aether_agent_memory/runtime/foundation/host.py,必须保留共享能力；按清单清除废弃成员/引用,显式PG或匹配外部uow+telemetry装配；构造失败清理与离线迁移验证,无DSN就创建SQLiteUnitOfWork/Telemetry的默认分支,True,True,c8cf9f03d5dbd61c8d617e02eba3f22b42bd44ef0b29078229be5f2a8f32f32f,参考当前实现做限定合并/清理调整；按限定修改表，不整文件覆盖
E:/projects/codex/aether/AgentJYS-main/src/aether_agent_memory/runtime/foundation/identity.py,src/aether_agent_memory/runtime/foundation/identity.py,必须保留共享能力；按清单清除废弃成员/引用,接口/事务guard和原实现语义,MetadataTransaction/MetadataUnitOfWork/_active/business_write_guard/native从退休storage模块导入,True,True,9e10dbae00275372dbc3ecdb49c41d21b4e77d85ca6ce58b4d434c1e73f28127,参考当前实现做限定合并/清理调整；按限定修改表，不整文件覆盖
E:/projects/codex/aether/AgentJYS-main/src/aether_agent_memory/runtime/foundation/lifecycle.py,src/aether_agent_memory/runtime/foundation/lifecycle.py,必须保留共享能力；按清单清除废弃成员/引用,配置history/fingerprint/授权；离线旧快照inspect/digest；PG恢复必须pg_dump/pg_restore独立目标,只适用SQLite的在线backup/restore与可写快照步骤,True,True,7368b350558a9b2d68c494cb48b29d5d3980a38921d0b1af4f44e65f59336dfb,参考当前实现做限定合并/清理调整；按限定修改表，不整文件覆盖
E:/projects/codex/aether/AgentJYS-main/src/aether_agent_memory/runtime/foundation/monitoring.py,src/aether_agent_memory/runtime/foundation/monitoring.py,必须保留共享能力；按清单清除废弃成员/引用,接口/事务guard和原实现语义,MetadataTransaction/MetadataUnitOfWork/_active/business_write_guard/native从退休storage模块导入,True,True,d9a4435010276f78abc3ea2382f24168ceb20dbc8870eebd34ddea1cf52647b5,参考当前实现做限定合并/清理调整；按限定修改表，不整文件覆盖
E:/projects/codex/aether/AgentJYS-main/src/aether_agent_memory/runtime/foundation/mutation_receipts.py,src/aether_agent_memory/runtime/foundation/mutation_receipts.py,必须保留：当前实现或有效契约/迁移能力,当前装配、canonical Recall/Remember/Operate/Temporal及P2协议边界；不只按可达性删文件,若实现中仍有参考夹具，按清单迁移，不削减有效约束,False,True,,纳入当前运行/Azure必需差异；实施前hash复核与限定同步
E:/projects/codex/aether/AgentJYS-main/src/aether_agent_memory/runtime/foundation/postgres.py,src/aether_agent_memory/runtime/foundation/postgres.py,必须保留共享能力；按清单清除废弃成员/引用,接口/事务guard和原实现语义,MetadataTransaction/MetadataUnitOfWork/_active/business_write_guard/native从退休storage模块导入,True,True,ad9e90d072026219c04f8b89e3fa34f5768854eb6cd30365a900e8235c3e17ea,参考当前实现做限定合并/清理调整；按限定修改表，不整文件覆盖
E:/projects/codex/aether/AgentJYS-main/src/aether_agent_memory/runtime/foundation/postgres_telemetry.py,src/aether_agent_memory/runtime/foundation/postgres_telemetry.py,必须保留：当前实现或有效契约/迁移能力,当前装配、canonical Recall/Remember/Operate/Temporal及P2协议边界；不只按可达性删文件,若实现中仍有参考夹具，按清单迁移，不削减有效约束,True,True,573f8249f8508f7f2d6416377b5c7edca2b48cb459b4f31d247b7b32689ad498,纳入当前运行/Azure必需差异；实施前hash复核与限定同步
E:/projects/codex/aether/AgentJYS-main/src/aether_agent_memory/runtime/foundation/requests.py,src/aether_agent_memory/runtime/foundation/requests.py,必须保留共享能力；按清单清除废弃成员/引用,接口/事务guard和原实现语义,MetadataTransaction/MetadataUnitOfWork/_active/business_write_guard/native从退休storage模块导入,True,True,9fc203a86c98d97f978f2c80cde03c56bcfdf8c8b8b3fb9bfdb879552d22968e,参考当前实现做限定合并/清理调整；按限定修改表，不整文件覆盖
E:/projects/codex/aether/AgentJYS-main/src/aether_agent_memory/runtime/foundation/sample.py,src/aether_agent_memory/runtime/foundation/sample.py,必须保留共享能力；按清单清除废弃成员/引用,接口/事务guard和原实现语义,MetadataTransaction/MetadataUnitOfWork/_active/business_write_guard/native从退休storage模块导入,True,True,49705a5c44b5e9afe11054e7a68d5389ab5ce3d8ff9261c7496faaf19b531279,参考当前实现做限定合并/清理调整；按限定修改表，不整文件覆盖
E:/projects/codex/aether/AgentJYS-main/src/aether_agent_memory/runtime/foundation/storage.py,src/aether_agent_memory/runtime/foundation/storage.py,需要确认：清单内整文件退役,SQLiteTransaction/SQLiteUnitOfWork；其中 _active、business_write_guard、native 和 Metadata* 通用边界移入保留模块。,退出可写 SQLite/本地替身和隐式回退；本机现部署的 Azure PG/Ceph/Redis/Milvus/native 绑定继续保留。,True,True,d426414828b1846adbbe226f3b973a4f4cdf75dc17916efb91fc71b744cf2475,废弃项不从参考来源导入；目标现有文件按删除清单处理
E:/projects/codex/aether/AgentJYS-main/src/aether_agent_memory/runtime/foundation/task_progress.py,src/aether_agent_memory/runtime/foundation/task_progress.py,必须保留共享能力；按清单清除废弃成员/引用,接口/事务guard和原实现语义,MetadataTransaction/MetadataUnitOfWork/_active/business_write_guard/native从退休storage模块导入,True,True,ecb267a52c23d2d8f055992c4579052e64808020c261f36600d444867d37e102,参考当前实现做限定合并/清理调整；按限定修改表，不整文件覆盖
E:/projects/codex/aether/AgentJYS-main/src/aether_agent_memory/runtime/foundation/tasks.py,src/aether_agent_memory/runtime/foundation/tasks.py,必须保留共享能力；按清单清除废弃成员/引用,接口/事务guard和原实现语义,MetadataTransaction/MetadataUnitOfWork/_active/business_write_guard/native从退休storage模块导入,True,True,460ccf3d2aec7a454cc7fdcb9329ea341a39d2b239b8bd2e3424de6d89c9de0d,参考当前实现做限定合并/清理调整；按限定修改表，不整文件覆盖
E:/projects/codex/aether/AgentJYS-main/src/aether_agent_memory/runtime/foundation/telemetry.py,src/aether_agent_memory/runtime/foundation/telemetry.py,必须保留共享能力；按清单清除废弃成员/引用,Node/summary/SAFE_FIELDS、trace/span/脱敏/observed、共享emit；抽象后端边界与PostgresTelemetry实现,SQLite连接/DDL/connect/reader/prune/_write/traces/page具体实现,True,True,08364dd1af6c14b2c7481f6f52693b467d39531925b0c33ebf24752f61cccced,参考当前实现做限定合并/清理调整；按限定修改表，不整文件覆盖
E:/projects/codex/aether/AgentJYS-main/src/aether_agent_memory/runtime/foundation/transactions.py,src/aether_agent_memory/runtime/foundation/transactions.py,必须保留共享能力；按清单清除废弃成员/引用,原StorageTransaction的scope/CAS/cursor/abort/commit语义,无；接收通用_guard/_active/native,False,True,,参考当前实现做限定合并/清理调整；按限定修改表，不整文件覆盖
E:/projects/codex/aether/AgentJYS-main/src/aether_agent_memory/runtime/health.py,src/aether_agent_memory/runtime/health.py,需要确认：清单内整文件退役,当前部署使用__main__→runtime/flows/cli→Service；本组由已退休app/bootstrap/旧API/独立queue workers互相引用，非现行装配。旧compose/安装导出同步退出。,旧入口/兼容导出不能再调用；当前入口和有效契约继续保留；删除前迁移消费者和测试。,True,True,2daa15f2ecc739b3771ee2f22cb03cd5563bc55eb11d941500b19c0753f95e3d,无此309路径差异；实施前仍检查新改动
E:/projects/codex/aether/AgentJYS-main/src/aether_agent_memory/runtime/ids.py,src/aether_agent_memory/runtime/ids.py,需要确认：清单内整文件退役,剩余消费者属于旧服务和其测试；canonical Recall 的 scope/project 断言转到已有 runtime.contract_types.Scope 后可退出。,旧 RequestContext/public runtime 导出退出；保留 canonical Scope/TrustedContext/P2 模型。,True,True,64809932ae81425aa113f098997051e850af6443820ad02d75231c92427b0443,无此309路径差异；实施前仍检查新改动
E:/projects/codex/aether/AgentJYS-main/src/aether_agent_memory/runtime/legacy.py,src/aether_agent_memory/runtime/legacy.py,需要确认：清单内整文件退役,当前部署使用__main__→runtime/flows/cli→Service；本组由已退休app/bootstrap/旧API/独立queue workers互相引用，非现行装配。旧compose/安装导出同步退出。,旧入口/兼容导出不能再调用；当前入口和有效契约继续保留；删除前迁移消费者和测试。,True,True,406bd952df1fb7b683901e96768a99621d7b9afec9e333cda9eb18741f45827d,无此309路径差异；实施前仍检查新改动
E:/projects/codex/aether/AgentJYS-main/src/aether_agent_memory/runtime/local_milvus.py,src/aether_agent_memory/runtime/local_milvus.py,必须保留：当前实现或有效契约/迁移能力,当前装配、canonical Recall/Remember/Operate/Temporal及P2协议边界；不只按可达性删文件,若实现中仍有参考夹具，按清单迁移，不削减有效约束,True,True,20d31e910b7f7d41928f4bb8cf12f928ad059fb7b50eeba13dc1967d0a51f9cf,无此309路径差异；实施前仍检查新改动
E:/projects/codex/aether/AgentJYS-main/src/aether_agent_memory/runtime/ports.py,src/aether_agent_memory/runtime/ports.py,需要确认：清单内整文件退役,当前部署使用__main__→runtime/flows/cli→Service；本组由已退休app/bootstrap/旧API/独立queue workers互相引用，非现行装配。旧compose/安装导出同步退出。,旧入口/兼容导出不能再调用；当前入口和有效契约继续保留；删除前迁移消费者和测试。,True,True,27bccad3e69251ac300d95ed9b2936f018fef2df38756912847e7e7846e2aaab,无此309路径差异；实施前仍检查新改动
E:/projects/codex/aether/AgentJYS-main/src/aether_agent_memory/runtime/recall_values.py,src/aether_agent_memory/runtime/recall_values.py,必须保留：当前实现或有效契约/迁移能力,当前装配、canonical Recall/Remember/Operate/Temporal及P2协议边界；不只按可达性删文件,若实现中仍有参考夹具，按清单迁移，不削减有效约束,True,True,e9818659b2b3552d37b352f73e306b90f47bfaebf894056557efff0aa452de95,无此309路径差异；实施前仍检查新改动
E:/projects/codex/aether/AgentJYS-main/src/aether_agent_memory/runtime/request_context.py,src/aether_agent_memory/runtime/request_context.py,需要确认：清单内整文件退役,剩余消费者属于旧服务和其测试；canonical Recall 的 scope/project 断言转到已有 runtime.contract_types.Scope 后可退出。,旧 RequestContext/public runtime 导出退出；保留 canonical Scope/TrustedContext/P2 模型。,True,True,00947b1d762e8e57c56fc27b9998adbc4b46bca3a1d04ed39248331d7496eb25,无此309路径差异；实施前仍检查新改动
E:/projects/codex/aether/AgentJYS-main/src/aether_agent_memory/runtime/service.py,src/aether_agent_memory/runtime/service.py,需要确认：清单内整文件退役,当前部署使用__main__→runtime/flows/cli→Service；本组由已退休app/bootstrap/旧API/独立queue workers互相引用，非现行装配。旧compose/安装导出同步退出。,旧入口/兼容导出不能再调用；当前入口和有效契约继续保留；删除前迁移消费者和测试。,True,True,18820db894d8c739572f0ef678a8606d59872bc748e7b7e9aac0f68440bbf583,无此309路径差异；实施前仍检查新改动
E:/projects/codex/aether/AgentJYS-main/src/aether_agent_memory/runtime/status.py,src/aether_agent_memory/runtime/status.py,需要确认：清单内整文件退役,当前部署使用__main__→runtime/flows/cli→Service；本组由已退休app/bootstrap/旧API/独立queue workers互相引用，非现行装配。旧compose/安装导出同步退出。,旧入口/兼容导出不能再调用；当前入口和有效契约继续保留；删除前迁移消费者和测试。,True,True,c7d06411e31676bb7bcc220f758bae9a8afaf23cc10f9a8eedbc74b7c5b71622,无此309路径差异；实施前仍检查新改动
E:/projects/codex/aether/AgentJYS-main/src/aether_agent_memory/runtime/storage/__init__.py,src/aether_agent_memory/runtime/storage/__init__.py,必须保留：当前实现或有效契约/迁移能力,当前装配、canonical Recall/Remember/Operate/Temporal及P2协议边界；不只按可达性删文件,若实现中仍有参考夹具，按清单迁移，不削减有效约束,False,True,,纳入当前运行/Azure必需差异；实施前hash复核与限定同步
E:/projects/codex/aether/AgentJYS-main/src/aether_agent_memory/runtime/storage/azure.py,src/aether_agent_memory/runtime/storage/azure.py,必须保留：当前实现或有效契约/迁移能力,当前装配、canonical Recall/Remember/Operate/Temporal及P2协议边界；不只按可达性删文件,若实现中仍有参考夹具，按清单迁移，不削减有效约束,False,True,,纳入当前运行/Azure必需差异；实施前hash复核与限定同步
E:/projects/codex/aether/AgentJYS-main/src/aether_agent_memory/runtime/storage/cache.py,src/aether_agent_memory/runtime/storage/cache.py,必须保留：当前实现或有效契约/迁移能力,当前装配、canonical Recall/Remember/Operate/Temporal及P2协议边界；不只按可达性删文件,若实现中仍有参考夹具，按清单迁移，不削减有效约束,False,True,,纳入当前运行/Azure必需差异；实施前hash复核与限定同步
E:/projects/codex/aether/AgentJYS-main/src/aether_agent_memory/runtime/storage/configuration.py,src/aether_agent_memory/runtime/storage/configuration.py,必须保留：当前实现或有效契约/迁移能力,当前装配、canonical Recall/Remember/Operate/Temporal及P2协议边界；不只按可达性删文件,若实现中仍有参考夹具，按清单迁移，不削减有效约束,False,True,,纳入当前运行/Azure必需差异；实施前hash复核与限定同步
E:/projects/codex/aether/AgentJYS-main/src/aether_agent_memory/runtime/storage/objects.py,src/aether_agent_memory/runtime/storage/objects.py,必须保留：当前实现或有效契约/迁移能力,当前装配、canonical Recall/Remember/Operate/Temporal及P2协议边界；不只按可达性删文件,若实现中仍有参考夹具，按清单迁移，不削减有效约束,False,True,,纳入当前运行/Azure必需差异；实施前hash复核与限定同步
E:/projects/codex/aether/AgentJYS-main/src/aether_agent_memory/runtime/storage/ports.py,src/aether_agent_memory/runtime/storage/ports.py,必须保留：当前实现或有效契约/迁移能力,当前装配、canonical Recall/Remember/Operate/Temporal及P2协议边界；不只按可达性删文件,若实现中仍有参考夹具，按清单迁移，不削减有效约束,False,True,,纳入当前运行/Azure必需差异；实施前hash复核与限定同步
E:/projects/codex/aether/AgentJYS-main/src/aether_agent_memory/runtime/storage/redis_cache.py,src/aether_agent_memory/runtime/storage/redis_cache.py,必须保留：当前实现或有效契约/迁移能力,当前装配、canonical Recall/Remember/Operate/Temporal及P2协议边界；不只按可达性删文件,若实现中仍有参考夹具，按清单迁移，不削减有效约束,False,True,,纳入当前运行/Azure必需差异；实施前hash复核与限定同步
E:/projects/codex/aether/AgentJYS-main/src/aether_agent_memory/runtime/storage/redis_executor.py,src/aether_agent_memory/runtime/storage/redis_executor.py,必须保留共享能力；按清单清除废弃成员/引用,同一个容量错误类型及原业务映射,从旧executor导入CacheCapacityError,False,True,,参考当前实现做限定合并/清理调整；按限定修改表，不整文件覆盖
E:/projects/codex/aether/AgentJYS-main/src/aether_agent_memory/runtime/storage/vectors.py,src/aether_agent_memory/runtime/storage/vectors.py,必须保留：当前实现或有效契约/迁移能力,当前装配、canonical Recall/Remember/Operate/Temporal及P2协议边界；不只按可达性删文件,若实现中仍有参考夹具，按清单迁移，不削减有效约束,False,True,,纳入当前运行/Azure必需差异；实施前hash复核与限定同步
E:/projects/codex/aether/AgentJYS-main/src/aether_agent_memory/runtime/temporal/__init__.py,src/aether_agent_memory/runtime/temporal/__init__.py,必须保留：当前实现或有效契约/迁移能力,当前装配、canonical Recall/Remember/Operate/Temporal及P2协议边界；不只按可达性删文件,若实现中仍有参考夹具，按清单迁移，不削减有效约束,True,True,13ba8bd8f466945d1c89b9d557629cd598b258e3fc86e463529cf20cdcf639dd,无此309路径差异；实施前仍检查新改动
E:/projects/codex/aether/AgentJYS-main/src/aether_agent_memory/runtime/temporal/activities.py,src/aether_agent_memory/runtime/temporal/activities.py,必须保留共享能力；按清单清除废弃成员/引用,接口/事务guard和原实现语义,MetadataTransaction/MetadataUnitOfWork/_active/business_write_guard/native从退休storage模块导入,True,True,e956049f519c3628ebcdb4e8703b2dbcc76bbadcdab6ffe7f0b859032609e539,参考当前实现做限定合并/清理调整；按限定修改表，不整文件覆盖
E:/projects/codex/aether/AgentJYS-main/src/aether_agent_memory/runtime/temporal/bridge.py,src/aether_agent_memory/runtime/temporal/bridge.py,必须保留：当前实现或有效契约/迁移能力,当前装配、canonical Recall/Remember/Operate/Temporal及P2协议边界；不只按可达性删文件,若实现中仍有参考夹具，按清单迁移，不削减有效约束,True,True,ac316be700e73426cee8425c58fc87aab129b4966c791f57675c1a007cf137e3,纳入当前运行/Azure必需差异；实施前hash复核与限定同步
E:/projects/codex/aether/AgentJYS-main/src/aether_agent_memory/runtime/temporal/config.py,src/aether_agent_memory/runtime/temporal/config.py,必须保留：当前实现或有效契约/迁移能力,当前装配、canonical Recall/Remember/Operate/Temporal及P2协议边界；不只按可达性删文件,若实现中仍有参考夹具，按清单迁移，不削减有效约束,True,True,bdf1dfe2706b1c4280971b3e53cd87de3d3d338ae7109d60b5cb560745868400,无此309路径差异；实施前仍检查新改动
E:/projects/codex/aether/AgentJYS-main/src/aether_agent_memory/runtime/temporal/controls.py,src/aether_agent_memory/runtime/temporal/controls.py,必须保留共享能力；按清单清除废弃成员/引用,接口/事务guard和原实现语义,MetadataTransaction/MetadataUnitOfWork/_active/business_write_guard/native从退休storage模块导入,True,True,29de1204dbb71bc7c7358a67abaf18babefbe1e8a70699aea493b236c27b0809,参考当前实现做限定合并/清理调整；按限定修改表，不整文件覆盖
E:/projects/codex/aether/AgentJYS-main/src/aether_agent_memory/runtime/temporal/events.py,src/aether_agent_memory/runtime/temporal/events.py,必须保留共享能力；按清单清除废弃成员/引用,接口/事务guard和原实现语义,MetadataTransaction/MetadataUnitOfWork/_active/business_write_guard/native从退休storage模块导入,True,True,2fd5d9b1983d7432325c8de03681fd6777599d4b2d014e44dee092090631eeb1,参考当前实现做限定合并/清理调整；按限定修改表，不整文件覆盖
E:/projects/codex/aether/AgentJYS-main/src/aether_agent_memory/runtime/temporal/gateway.py,src/aether_agent_memory/runtime/temporal/gateway.py,必须保留共享能力；按清单清除废弃成员/引用,接口/事务guard和原实现语义,MetadataTransaction/MetadataUnitOfWork/_active/business_write_guard/native从退休storage模块导入,True,True,ae465b346a4b436db202ec5bcfaae80d302d06655c65b37706a7b30236a80fee,参考当前实现做限定合并/清理调整；按限定修改表，不整文件覆盖
E:/projects/codex/aether/AgentJYS-main/src/aether_agent_memory/runtime/temporal/ingress.py,src/aether_agent_memory/runtime/temporal/ingress.py,必须保留共享能力；按清单清除废弃成员/引用,接口/事务guard和原实现语义,MetadataTransaction/MetadataUnitOfWork/_active/business_write_guard/native从退休storage模块导入,True,True,f25831036ff010162b4c15a8d8cafab9711f84c0b3bf3d320eed3edeb98cd7b9,参考当前实现做限定合并/清理调整；按限定修改表，不整文件覆盖
E:/projects/codex/aether/AgentJYS-main/src/aether_agent_memory/runtime/temporal/ledger.py,src/aether_agent_memory/runtime/temporal/ledger.py,必须保留共享能力；按清单清除废弃成员/引用,接口/事务guard和原实现语义,MetadataTransaction/MetadataUnitOfWork/_active/business_write_guard/native从退休storage模块导入,True,True,8563304ccc4a599fdd3b693282d90fe8c3b8dba3c47e516b8c31073a587f5712,参考当前实现做限定合并/清理调整；按限定修改表，不整文件覆盖
E:/projects/codex/aether/AgentJYS-main/src/aether_agent_memory/runtime/temporal/locking.py,src/aether_agent_memory/runtime/temporal/locking.py,必须保留：当前实现或有效契约/迁移能力,当前装配、canonical Recall/Remember/Operate/Temporal及P2协议边界；不只按可达性删文件,若实现中仍有参考夹具，按清单迁移，不削减有效约束,True,True,0e834666facc72bc82fdc5332950f8440b87ecbea5cc080b8ad8cb9bf8c2b3f1,无此309路径差异；实施前仍检查新改动
E:/projects/codex/aether/AgentJYS-main/src/aether_agent_memory/runtime/temporal/migration.py,src/aether_agent_memory/runtime/temporal/migration.py,必须保留：当前实现或有效契约/迁移能力,当前装配、canonical Recall/Remember/Operate/Temporal及P2协议边界；不只按可达性删文件,若实现中仍有参考夹具，按清单迁移，不削减有效约束,True,True,caaeac77afafaa413a3756ddf15d42a1e1cdae43820479a96180e261e1dbb840,无此309路径差异；实施前仍检查新改动
E:/projects/codex/aether/AgentJYS-main/src/aether_agent_memory/runtime/temporal/models.py,src/aether_agent_memory/runtime/temporal/models.py,必须保留：当前实现或有效契约/迁移能力,当前装配、canonical Recall/Remember/Operate/Temporal及P2协议边界；不只按可达性删文件,若实现中仍有参考夹具，按清单迁移，不削减有效约束,True,True,edb0582f28d5f2f34915e3d0c902a82634b62c06e6388f1b6823c78d1644ae55,无此309路径差异；实施前仍检查新改动
E:/projects/codex/aether/AgentJYS-main/src/aether_agent_memory/runtime/temporal/operate.py,src/aether_agent_memory/runtime/temporal/operate.py,必须保留：当前实现或有效契约/迁移能力,当前装配、canonical Recall/Remember/Operate/Temporal及P2协议边界；不只按可达性删文件,若实现中仍有参考夹具，按清单迁移，不削减有效约束,True,True,841859593665ef00ab4ce9344d7da5712ba14a3edd94069c204c337c18096669,无此309路径差异；实施前仍检查新改动
E:/projects/codex/aether/AgentJYS-main/src/aether_agent_memory/runtime/temporal/operation_lookup.py,src/aether_agent_memory/runtime/temporal/operation_lookup.py,必须保留：当前实现或有效契约/迁移能力,当前装配、canonical Recall/Remember/Operate/Temporal及P2协议边界；不只按可达性删文件,若实现中仍有参考夹具，按清单迁移，不削减有效约束,False,True,,纳入当前运行/Azure必需差异；实施前hash复核与限定同步
E:/projects/codex/aether/AgentJYS-main/src/aether_agent_memory/runtime/temporal/periodic.py,src/aether_agent_memory/runtime/temporal/periodic.py,必须保留共享能力；按清单清除废弃成员/引用,主目录+13行cadence守卫、+83行回归的全部语义,仅语义适配当前MetadataTransaction与异步实现，不覆盖主目录独有段落,True,True,ebdb3a66fd0fb54c5ebb67aa8a63ab4c4c20254d6b080aee5f305f79e44506f2,参考当前实现做限定合并/清理调整；按限定修改表，不整文件覆盖
E:/projects/codex/aether/AgentJYS-main/src/aether_agent_memory/runtime/temporal/periodic_workflow.py,src/aether_agent_memory/runtime/temporal/periodic_workflow.py,必须保留：当前实现或有效契约/迁移能力,当前装配、canonical Recall/Remember/Operate/Temporal及P2协议边界；不只按可达性删文件,若实现中仍有参考夹具，按清单迁移，不削减有效约束,True,True,f6cb1ca63f5f843bedf82912d20a7c755fdf407828692ab68fbabb89b8b78c7b,无此309路径差异；实施前仍检查新改动
E:/projects/codex/aether/AgentJYS-main/src/aether_agent_memory/runtime/temporal/projections.py,src/aether_agent_memory/runtime/temporal/projections.py,必须保留共享能力；按清单清除废弃成员/引用,接口/事务guard和原实现语义,MetadataTransaction/MetadataUnitOfWork/_active/business_write_guard/native从退休storage模块导入,True,True,2f4630d757617a72e48b4ee946880b6ca3c99b15b6554e662d56ed641160cf4b,参考当前实现做限定合并/清理调整；按限定修改表，不整文件覆盖
E:/projects/codex/aether/AgentJYS-main/src/aether_agent_memory/runtime/temporal/recall.py,src/aether_agent_memory/runtime/temporal/recall.py,必须保留：当前实现或有效契约/迁移能力,当前装配、canonical Recall/Remember/Operate/Temporal及P2协议边界；不只按可达性删文件,若实现中仍有参考夹具，按清单迁移，不削减有效约束,True,True,08ad1e0d94a87c120ada474ee88b9e4c835ec698f04292afaa483c3710b6f9c8,纳入当前运行/Azure必需差异；实施前hash复核与限定同步
E:/projects/codex/aether/AgentJYS-main/src/aether_agent_memory/runtime/temporal/registry.py,src/aether_agent_memory/runtime/temporal/registry.py,必须保留：当前实现或有效契约/迁移能力,当前装配、canonical Recall/Remember/Operate/Temporal及P2协议边界；不只按可达性删文件,若实现中仍有参考夹具，按清单迁移，不削减有效约束,True,True,25feb15ad8a342e7bb969ad07e0a293e2a6677f5a93d594b44cf596028c30dc9,无此309路径差异；实施前仍检查新改动
E:/projects/codex/aether/AgentJYS-main/src/aether_agent_memory/runtime/temporal/remember.py,src/aether_agent_memory/runtime/temporal/remember.py,必须保留：当前实现或有效契约/迁移能力,当前装配、canonical Recall/Remember/Operate/Temporal及P2协议边界；不只按可达性删文件,若实现中仍有参考夹具，按清单迁移，不削减有效约束,True,True,f91780d42ac5f6af0086c5dc78ed40c4c2651c168865c7eb1b119d74be6d0f3c,无此309路径差异；实施前仍检查新改动
E:/projects/codex/aether/AgentJYS-main/src/aether_agent_memory/runtime/temporal/replay.py,src/aether_agent_memory/runtime/temporal/replay.py,必须保留：当前实现或有效契约/迁移能力,当前装配、canonical Recall/Remember/Operate/Temporal及P2协议边界；不只按可达性删文件,若实现中仍有参考夹具，按清单迁移，不削减有效约束,True,True,684d848e5b75a03616cae05196e468adab0b5972dfa63186fb5d5cd7fdd5d552,无此309路径差异；实施前仍检查新改动
E:/projects/codex/aether/AgentJYS-main/src/aether_agent_memory/runtime/temporal/sample.py,src/aether_agent_memory/runtime/temporal/sample.py,必须保留：当前实现或有效契约/迁移能力,当前装配、canonical Recall/Remember/Operate/Temporal及P2协议边界；不只按可达性删文件,若实现中仍有参考夹具，按清单迁移，不削减有效约束,True,True,7ab1ed6c37dfd726dae632b12d336a72670e5525f5fbf0ee0cc83ad32c058a01,无此309路径差异；实施前仍检查新改动
E:/projects/codex/aether/AgentJYS-main/src/aether_agent_memory/runtime/temporal/service.py,src/aether_agent_memory/runtime/temporal/service.py,必须保留共享能力；按清单清除废弃成员/引用,接口/事务guard和原实现语义,MetadataTransaction/MetadataUnitOfWork/_active/business_write_guard/native从退休storage模块导入,True,True,96262033b6312bc0695f15925443359ad0173ec28da6338cb835e8c4962f21c8,参考当前实现做限定合并/清理调整；按限定修改表，不整文件覆盖
E:/projects/codex/aether/AgentJYS-main/src/aether_agent_memory/runtime/temporal/worker.py,src/aether_agent_memory/runtime/temporal/worker.py,必须保留：当前实现或有效契约/迁移能力,当前装配、canonical Recall/Remember/Operate/Temporal及P2协议边界；不只按可达性删文件,若实现中仍有参考夹具，按清单迁移，不削减有效约束,True,True,8eb9dfe29ff59099925fed24e03709d4e620922d84b9aed358258e1b9c46c64f,纳入当前运行/Azure必需差异；实施前hash复核与限定同步
E:/projects/codex/aether/AgentJYS-main/src/aether_agent_memory/runtime/temporal/workflows.py,src/aether_agent_memory/runtime/temporal/workflows.py,必须保留：当前实现或有效契约/迁移能力,当前装配、canonical Recall/Remember/Operate/Temporal及P2协议边界；不只按可达性删文件,若实现中仍有参考夹具，按清单迁移，不削减有效约束,True,True,882bd6799ea873245696f862e5d9844e69b647762cd124370dbe89ef15ce732d,无此309路径差异；实施前仍检查新改动
E:/projects/codex/aether/AgentJYS-main/src/aether_agent_memory/runtime/vector_backend.py,src/aether_agent_memory/runtime/vector_backend.py,必须保留共享能力；按清单清除废弃成员/引用,MilvusConnection、TLS/shape检查、生命周期；SQLiteVectorStore.ref其实是共有RecordRef转换，迁为独立projection_ref再供Milvus调用,SQLiteVectorStore可写参考类和SPACE参考默认值,True,True,09b3fa381c2751f97c784804c561865006d88bf49c5c797898fd8a23959f8bf8,参考当前实现做限定合并/清理调整；按限定修改表，不整文件覆盖
E:/projects/codex/aether/AgentJYS-main/src/aether_agent_memory/semantic/__init__.py,src/aether_agent_memory/semantic/__init__.py,需要确认：清单内整文件退役,旧Mock、Sidecar仪表盘和B1/B2/B3演示工具；目标当前本机及Azure使用canonical native BGE和统一HTTP。退出这些工具的能力是明确影响。,旧入口/兼容导出不能再调用；当前入口和有效契约继续保留；删除前迁移消费者和测试。,True,True,73e277c7204b6349f36a4cb7629edfc7d108aa21d7dac233d5194bface92a26d,无此309路径差异；实施前仍检查新改动
E:/projects/codex/aether/AgentJYS-main/src/aether_agent_memory/semantic/manager.py,src/aether_agent_memory/semantic/manager.py,需要确认：清单内整文件退役,旧Mock、Sidecar仪表盘和B1/B2/B3演示工具；目标当前本机及Azure使用canonical native BGE和统一HTTP。退出这些工具的能力是明确影响。,旧入口/兼容导出不能再调用；当前入口和有效契约继续保留；删除前迁移消费者和测试。,True,True,e6c20909485d16d06764144f0691556c48f3a3d5b06fd3a882b712c31c71505d,无此309路径差异；实施前仍检查新改动
E:/projects/codex/aether/AgentJYS-main/src/aether_agent_memory/session/__init__.py,src/aether_agent_memory/session/__init__.py,需要确认：清单内整文件退役,属于旧MemoryRuntime/ContextCatalog/长文本Celery/B3影子调度闭包；当前Remember/Recall/Temporal/Operate已使用另一组实现。删除需迁移有效的契约和边界断言。,旧入口/兼容导出不能再调用；当前入口和有效契约继续保留；删除前迁移消费者和测试。,True,True,47534edf6158a6f8ab6b3b420fda2de47182633b70d6ae84ac214253c1db3c5e,无此309路径差异；实施前仍检查新改动
E:/projects/codex/aether/AgentJYS-main/src/aether_agent_memory/session/extraction.py,src/aether_agent_memory/session/extraction.py,需要确认：清单内整文件退役,属于旧MemoryRuntime/ContextCatalog/长文本Celery/B3影子调度闭包；当前Remember/Recall/Temporal/Operate已使用另一组实现。删除需迁移有效的契约和边界断言。,旧入口/兼容导出不能再调用；当前入口和有效契约继续保留；删除前迁移消费者和测试。,True,True,e0631394769daba78ce0566f73294aa6de9732caf86a1d8e450a817d4e5b6d20,无此309路径差异；实施前仍检查新改动
E:/projects/codex/aether/AgentJYS-main/src/aether_agent_memory/session/models.py,src/aether_agent_memory/session/models.py,需要确认：清单内整文件退役,属于旧MemoryRuntime/ContextCatalog/长文本Celery/B3影子调度闭包；当前Remember/Recall/Temporal/Operate已使用另一组实现。删除需迁移有效的契约和边界断言。,旧入口/兼容导出不能再调用；当前入口和有效契约继续保留；删除前迁移消费者和测试。,True,True,bcefc6b70af9d934089b234885cd5e19f5f8adb5f0e0a0e778331ae7109ff5c5,无此309路径差异；实施前仍检查新改动
E:/projects/codex/aether/AgentJYS-main/src/aether_agent_memory/session/ports.py,src/aether_agent_memory/session/ports.py,需要确认：清单内整文件退役,属于旧MemoryRuntime/ContextCatalog/长文本Celery/B3影子调度闭包；当前Remember/Recall/Temporal/Operate已使用另一组实现。删除需迁移有效的契约和边界断言。,旧入口/兼容导出不能再调用；当前入口和有效契约继续保留；删除前迁移消费者和测试。,True,True,cb461b8bdcab6da25ffe420236a86c720ccc159efe1f06c6ac2cafea7d0a8c76,无此309路径差异；实施前仍检查新改动
E:/projects/codex/aether/AgentJYS-main/src/aether_agent_memory/session/service.py,src/aether_agent_memory/session/service.py,需要确认：清单内整文件退役,属于旧MemoryRuntime/ContextCatalog/长文本Celery/B3影子调度闭包；当前Remember/Recall/Temporal/Operate已使用另一组实现。删除需迁移有效的契约和边界断言。,旧入口/兼容导出不能再调用；当前入口和有效契约继续保留；删除前迁移消费者和测试。,True,True,e0d0abb96b30a7c8194f5131f2b711351d3e98336443c5567f35993ed4190f4e,无此309路径差异；实施前仍检查新改动
E:/projects/codex/aether/AgentJYS-main/src/aether_agent_memory/signal/__init__.py,src/aether_agent_memory/signal/__init__.py,需要确认：清单内整文件退役,旧Mock、Sidecar仪表盘和B1/B2/B3演示工具；目标当前本机及Azure使用canonical native BGE和统一HTTP。退出这些工具的能力是明确影响。,旧入口/兼容导出不能再调用；当前入口和有效契约继续保留；删除前迁移消费者和测试。,True,True,b1fb6046d881a2cbc25a49f6fa7e1d5667011852342ee5e5eee99eccdc6d1de2,无此309路径差异；实施前仍检查新改动
E:/projects/codex/aether/AgentJYS-main/src/aether_agent_memory/signal/emitter.py,src/aether_agent_memory/signal/emitter.py,需要确认：清单内整文件退役,旧Mock、Sidecar仪表盘和B1/B2/B3演示工具；目标当前本机及Azure使用canonical native BGE和统一HTTP。退出这些工具的能力是明确影响。,旧入口/兼容导出不能再调用；当前入口和有效契约继续保留；删除前迁移消费者和测试。,True,True,9d76c3371c6c710cd2e677da9d1b532aa265ce88943a40932aa809e1b5e7f42d,无此309路径差异；实施前仍检查新改动
E:/projects/codex/aether/AgentJYS-main/src/aether_agent_memory/signal/models.py,src/aether_agent_memory/signal/models.py,需要确认：清单内整文件退役,旧Mock、Sidecar仪表盘和B1/B2/B3演示工具；目标当前本机及Azure使用canonical native BGE和统一HTTP。退出这些工具的能力是明确影响。,旧入口/兼容导出不能再调用；当前入口和有效契约继续保留；删除前迁移消费者和测试。,True,True,3d11a2ec0d64ee4fac586e83e5aec82ed42ff6462c1ef47e51c74b809708a353,无此309路径差异；实施前仍检查新改动
E:/projects/codex/aether/AgentJYS-main/src/aether_agent_memory/skill/__init__.py,src/aether_agent_memory/skill/__init__.py,需要确认：清单内整文件退役,属于旧MemoryRuntime/ContextCatalog/长文本Celery/B3影子调度闭包；当前Remember/Recall/Temporal/Operate已使用另一组实现。删除需迁移有效的契约和边界断言。,旧入口/兼容导出不能再调用；当前入口和有效契约继续保留；删除前迁移消费者和测试。,True,True,994713449c1fe2d899290fc3d8ca3e59b1129ee3d94c3dd623d88e59ee1627db,无此309路径差异；实施前仍检查新改动
E:/projects/codex/aether/AgentJYS-main/src/aether_agent_memory/skill/models.py,src/aether_agent_memory/skill/models.py,需要确认：清单内整文件退役,属于旧MemoryRuntime/ContextCatalog/长文本Celery/B3影子调度闭包；当前Remember/Recall/Temporal/Operate已使用另一组实现。删除需迁移有效的契约和边界断言。,旧入口/兼容导出不能再调用；当前入口和有效契约继续保留；删除前迁移消费者和测试。,True,True,ae2c810e3ad554b58a8c31e0af8fc0da8ba4a81acf175e39b535077d9cda6324,无此309路径差异；实施前仍检查新改动
E:/projects/codex/aether/AgentJYS-main/src/aether_agent_memory/skill/ports.py,src/aether_agent_memory/skill/ports.py,需要确认：清单内整文件退役,属于旧MemoryRuntime/ContextCatalog/长文本Celery/B3影子调度闭包；当前Remember/Recall/Temporal/Operate已使用另一组实现。删除需迁移有效的契约和边界断言。,旧入口/兼容导出不能再调用；当前入口和有效契约继续保留；删除前迁移消费者和测试。,True,True,afa1a41eba80e23fafd61a9acf552226be5e4f5e3eb2c61f91908a1ae3790346,无此309路径差异；实施前仍检查新改动
E:/projects/codex/aether/AgentJYS-main/src/aether_agent_memory/workers/__init__.py,src/aether_agent_memory/workers/__init__.py,需要确认：清单内整文件退役,当前部署使用__main__→runtime/flows/cli→Service；本组由已退休app/bootstrap/旧API/独立queue workers互相引用，非现行装配。旧compose/安装导出同步退出。,旧入口/兼容导出不能再调用；当前入口和有效契约继续保留；删除前迁移消费者和测试。,True,True,cc09e5c1ce3bbec61affbab48a8bc0f5ac2d4c633ba59d3a5f19a2edcd67aae2,无此309路径差异；实施前仍检查新改动
E:/projects/codex/aether/AgentJYS-main/src/aether_agent_memory/workers/context_projection.py,src/aether_agent_memory/workers/context_projection.py,需要确认：清单内整文件退役,当前部署使用__main__→runtime/flows/cli→Service；本组由已退休app/bootstrap/旧API/独立queue workers互相引用，非现行装配。旧compose/安装导出同步退出。,旧入口/兼容导出不能再调用；当前入口和有效契约继续保留；删除前迁移消费者和测试。,True,True,b1d56586b05ff9e05c1fa94215953838798500375b0ec3245d038831a4ef6f4f,无此309路径差异；实施前仍检查新改动
E:/projects/codex/aether/AgentJYS-main/src/aether_agent_memory/workers/projection.py,src/aether_agent_memory/workers/projection.py,需要确认：清单内整文件退役,当前部署使用__main__→runtime/flows/cli→Service；本组由已退休app/bootstrap/旧API/独立queue workers互相引用，非现行装配。旧compose/安装导出同步退出。,旧入口/兼容导出不能再调用；当前入口和有效契约继续保留；删除前迁移消费者和测试。,True,True,bb8ff5b7736f8e1bbb5f9bd1bb08cef9f559671a806a6f2dcd2c18131652937c,无此309路径差异；实施前仍检查新改动
E:/projects/codex/aether/AgentJYS-main/src/aether_agent_memory/workers/session_extraction.py,src/aether_agent_memory/workers/session_extraction.py,需要确认：清单内整文件退役,当前部署使用__main__→runtime/flows/cli→Service；本组由已退休app/bootstrap/旧API/独立queue workers互相引用，非现行装配。旧compose/安装导出同步退出。,旧入口/兼容导出不能再调用；当前入口和有效契约继续保留；删除前迁移消费者和测试。,True,True,16dc951c898d7dea82caf82a29a2631b45b18364a14c669b5af0b49823b4c4ce,无此309路径差异；实施前仍检查新改动
E:/projects/codex/aether/AgentJYS-main/src/aether_agent_memory/working/__init__.py,src/aether_agent_memory/working/__init__.py,需要确认：清单内整文件退役,旧Mock、Sidecar仪表盘和B1/B2/B3演示工具；目标当前本机及Azure使用canonical native BGE和统一HTTP。退出这些工具的能力是明确影响。,旧入口/兼容导出不能再调用；当前入口和有效契约继续保留；删除前迁移消费者和测试。,True,True,7cab3c14826b65cf4a5a243b694e30dad17ccb5b11d3da8b37307f603a2a306c,无此309路径差异；实施前仍检查新改动
E:/projects/codex/aether/AgentJYS-main/src/aether_agent_memory/working/manager.py,src/aether_agent_memory/working/manager.py,需要确认：清单内整文件退役,旧Mock、Sidecar仪表盘和B1/B2/B3演示工具；目标当前本机及Azure使用canonical native BGE和统一HTTP。退出这些工具的能力是明确影响。,旧入口/兼容导出不能再调用；当前入口和有效契约继续保留；删除前迁移消费者和测试。,True,True,bd3b777d4d343a9985a8c8811cd96f927ebe6ed12287b592cc14950d4c179132,无此309路径差异；实施前仍检查新改动
E:/projects/codex/aether/AgentJYS-main/src/aether_p4_simulator/__init__.py,src/aether_p4_simulator/__init__.py,必须保留：当前P4/Web实现与运行资源,当前本机使用；P4问题排障已暂停,只纳入当前必要版本，不重发故事或清数据,True,True,53a84ac245bbd6282f86ebbbde540d2d1c202893cb419fb530a80ae904afb2bf,无此309路径差异；实施前仍检查新改动
E:/projects/codex/aether/AgentJYS-main/src/aether_p4_simulator/client.py,src/aether_p4_simulator/client.py,必须保留：当前P4/Web实现与运行资源,当前本机使用；P4问题排障已暂停,只纳入当前必要版本，不重发故事或清数据,True,True,31ca57b7f3151a22a2d04790c7e0e970155f7816c03728f035d7982ab8b96d2c,无此309路径差异；实施前仍检查新改动
E:/projects/codex/aether/AgentJYS-main/src/aether_p4_simulator/demo/__init__.py,src/aether_p4_simulator/demo/__init__.py,必须保留：当前P4/Web实现与运行资源,当前本机使用；P4问题排障已暂停,只纳入当前必要版本，不重发故事或清数据,True,True,052431eebfc7909e967d96fdbb82f96cab8f2cbf46403ef5d0f8b03c14496c31,无此309路径差异；实施前仍检查新改动
E:/projects/codex/aether/AgentJYS-main/src/aether_p4_simulator/demo/coverage.py,src/aether_p4_simulator/demo/coverage.py,必须保留：当前P4/Web实现与运行资源,当前本机使用；P4问题排障已暂停,只纳入当前必要版本，不重发故事或清数据,True,True,5c4be93e86ccb982e5b1d148506a46a3ccebaf6fe4a719b870a4f6f41b6563fa,纳入当前运行/Azure必需差异；实施前hash复核与限定同步
E:/projects/codex/aether/AgentJYS-main/src/aether_p4_simulator/demo/definition.py,src/aether_p4_simulator/demo/definition.py,必须保留：当前P4/Web实现与运行资源,当前本机使用；P4问题排障已暂停,只纳入当前必要版本，不重发故事或清数据,False,True,,纳入当前运行/Azure必需差异；实施前hash复核与限定同步
E:/projects/codex/aether/AgentJYS-main/src/aether_p4_simulator/demo/diagnostics.py,src/aether_p4_simulator/demo/diagnostics.py,必须保留：当前P4/Web实现与运行资源,当前本机使用；P4问题排障已暂停,只纳入当前必要版本，不重发故事或清数据,True,True,7567f058ce110f7bb15e2ed379e34d60e86e9d539842ca0c450efea8c3a848f0,纳入当前运行/Azure必需差异；实施前hash复核与限定同步
E:/projects/codex/aether/AgentJYS-main/src/aether_p4_simulator/demo/execution.py,src/aether_p4_simulator/demo/execution.py,必须保留：当前P4/Web实现与运行资源,当前本机使用；P4问题排障已暂停,只纳入当前必要版本，不重发故事或清数据,True,True,cbb96cd84bc499c69ea62abcbbbc0d3f8fc03b7486995cbdcf63833327583713,纳入当前运行/Azure必需差异；实施前hash复核与限定同步
E:/projects/codex/aether/AgentJYS-main/src/aether_p4_simulator/demo/http.py,src/aether_p4_simulator/demo/http.py,必须保留：当前P4/Web实现与运行资源,当前本机使用；P4问题排障已暂停,只纳入当前必要版本，不重发故事或清数据,True,True,2762e380a73e4cb9d1da0d53bddfbeccf27f2b7ead29d0c35e9545bbe03961bf,纳入当前运行/Azure必需差异；实施前hash复核与限定同步
E:/projects/codex/aether/AgentJYS-main/src/aether_p4_simulator/demo/initialization.py,src/aether_p4_simulator/demo/initialization.py,必须保留：当前P4/Web实现与运行资源,当前本机使用；P4问题排障已暂停,只纳入当前必要版本，不重发故事或清数据,False,True,,纳入当前运行/Azure必需差异；实施前hash复核与限定同步
E:/projects/codex/aether/AgentJYS-main/src/aether_p4_simulator/demo/models.py,src/aether_p4_simulator/demo/models.py,必须保留：当前P4/Web实现与运行资源,当前本机使用；P4问题排障已暂停,只纳入当前必要版本，不重发故事或清数据,True,True,64643e05dbd52deb35c24cf1f332ada700209827fa2cb2bad411228f416533b3,纳入当前运行/Azure必需差异；实施前hash复核与限定同步
E:/projects/codex/aether/AgentJYS-main/src/aether_p4_simulator/demo/reconciliation.py,src/aether_p4_simulator/demo/reconciliation.py,必须保留：当前P4/Web实现与运行资源,当前本机使用；P4问题排障已暂停,只纳入当前必要版本，不重发故事或清数据,False,True,,纳入当前运行/Azure必需差异；实施前hash复核与限定同步
E:/projects/codex/aether/AgentJYS-main/src/aether_p4_simulator/demo/registry.py,src/aether_p4_simulator/demo/registry.py,必须保留：当前P4/Web实现与运行资源,当前本机使用；P4问题排障已暂停,只纳入当前必要版本，不重发故事或清数据,False,True,,纳入当前运行/Azure必需差异；实施前hash复核与限定同步
E:/projects/codex/aether/AgentJYS-main/src/aether_p4_simulator/demo/runner.py,src/aether_p4_simulator/demo/runner.py,必须保留：当前P4/Web实现与运行资源,当前本机使用；P4问题排障已暂停,只纳入当前必要版本，不重发故事或清数据,True,True,8d30da8721543b027b7e630a8313eb5d246cfaa64a69ae0ca66e2ff2b8511a5a,纳入当前运行/Azure必需差异；实施前hash复核与限定同步
E:/projects/codex/aether/AgentJYS-main/src/aether_p4_simulator/demo/scenarios.py,src/aether_p4_simulator/demo/scenarios.py,必须保留：当前P4/Web实现与运行资源,当前本机使用；P4问题排障已暂停,只纳入当前必要版本，不重发故事或清数据,True,True,c29cdda8526ef896a1f618bcc2b8af6a03f7da53bce59981f17cf05d40f4b826,纳入当前运行/Azure必需差异；实施前hash复核与限定同步
E:/projects/codex/aether/AgentJYS-main/src/aether_p4_simulator/demo/service.py,src/aether_p4_simulator/demo/service.py,必须保留：当前P4/Web实现与运行资源,当前本机使用；P4问题排障已暂停,只纳入当前必要版本，不重发故事或清数据,True,True,68dc8d13a89bacd2cdd5022f7a49a65471bd65182205d18dfb49521d1d990430,纳入当前运行/Azure必需差异；实施前hash复核与限定同步
E:/projects/codex/aether/AgentJYS-main/src/aether_p4_simulator/demo/state.py,src/aether_p4_simulator/demo/state.py,必须保留：当前P4/Web实现与运行资源,当前本机使用；P4问题排障已暂停,只纳入当前必要版本，不重发故事或清数据,False,True,,纳入当前运行/Azure必需差异；实施前hash复核与限定同步
E:/projects/codex/aether/AgentJYS-main/src/aether_p4_simulator/demo/stories.py,src/aether_p4_simulator/demo/stories.py,必须保留：当前P4/Web实现与运行资源,当前本机使用；P4问题排障已暂停,只纳入当前必要版本，不重发故事或清数据,True,True,06e2e5fa09a8425dfdb0ffb2e509bf0844da0b4e842e895facde740aeaa0691a,纳入当前运行/Azure必需差异；实施前hash复核与限定同步
E:/projects/codex/aether/AgentJYS-main/src/aether_p4_simulator/models.py,src/aether_p4_simulator/models.py,必须保留：当前P4/Web实现与运行资源,当前本机使用；P4问题排障已暂停,只纳入当前必要版本，不重发故事或清数据,True,True,ecac0778a020c6852eda92612fec84d63d0d6f0fab1e81007e60b1c9ee7e7275,无此309路径差异；实施前仍检查新改动
E:/projects/codex/aether/AgentJYS-main/src/aether_p4_simulator/server.py,src/aether_p4_simulator/server.py,必须保留：当前P4/Web实现与运行资源,当前本机使用；P4问题排障已暂停,只纳入当前必要版本，不重发故事或清数据,True,True,709bd0c39db80f93b8b9a612e69452c8619c38db986ac506ead99ce0778ecded,纳入当前运行/Azure必需差异；实施前hash复核与限定同步
E:/projects/codex/aether/AgentJYS-main/src/aether_p4_simulator/service.py,src/aether_p4_simulator/service.py,必须保留：当前P4/Web实现与运行资源,当前本机使用；P4问题排障已暂停,只纳入当前必要版本，不重发故事或清数据,True,True,214dc521a1c446fe2dbae9987e284e3a04348974fce7d3a56c8e0dbcaf783adb,无此309路径差异；实施前仍检查新改动
E:/projects/codex/aether/AgentJYS-main/src/aether_p4_simulator/validation/__init__.py,src/aether_p4_simulator/validation/__init__.py,必须保留：当前P4/Web实现与运行资源,当前本机使用；P4问题排障已暂停,只纳入当前必要版本，不重发故事或清数据,True,True,0e2ee3cc9d81c6e9783d7199b801f32197f3acd6a1fdd9eeb06bc1ed9c379fbe,无此309路径差异；实施前仍检查新改动
E:/projects/codex/aether/AgentJYS-main/src/aether_p4_simulator/validation/calls.py,src/aether_p4_simulator/validation/calls.py,必须保留：当前P4/Web实现与运行资源,当前本机使用；P4问题排障已暂停,只纳入当前必要版本，不重发故事或清数据,True,True,a8b0e3ac61665fa4ae16787856f02cd752d23e9b95bc9a4843b338fd1c3b7b5a,纳入当前运行/Azure必需差异；实施前hash复核与限定同步
E:/projects/codex/aether/AgentJYS-main/src/aether_p4_simulator/validation/client.py,src/aether_p4_simulator/validation/client.py,必须保留：当前P4/Web实现与运行资源,当前本机使用；P4问题排障已暂停,只纳入当前必要版本，不重发故事或清数据,True,True,632a18dcc454a538da1da1f584fa6f9f59370d69e92950b63d02efceef2bd7fc,纳入当前运行/Azure必需差异；实施前hash复核与限定同步
E:/projects/codex/aether/AgentJYS-main/src/aether_p4_simulator/validation/confirmation.py,src/aether_p4_simulator/validation/confirmation.py,必须保留：当前P4/Web实现与运行资源,当前本机使用；P4问题排障已暂停,只纳入当前必要版本，不重发故事或清数据,False,True,,纳入当前运行/Azure必需差异；实施前hash复核与限定同步
E:/projects/codex/aether/AgentJYS-main/src/aether_p4_simulator/validation/errors.py,src/aether_p4_simulator/validation/errors.py,必须保留：当前P4/Web实现与运行资源,当前本机使用；P4问题排障已暂停,只纳入当前必要版本，不重发故事或清数据,True,True,db33911a476ea9d7e2ffb090aefcedd441730332fbe693cd80fa34264733d6d5,无此309路径差异；实施前仍检查新改动
E:/projects/codex/aether/AgentJYS-main/src/aether_p4_simulator/validation/models.py,src/aether_p4_simulator/validation/models.py,必须保留：当前P4/Web实现与运行资源,当前本机使用；P4问题排障已暂停,只纳入当前必要版本，不重发故事或清数据,True,True,7f18845552dc4183209c8c38dff2f19847c813c946ab0ef8e1c57ac62f3e9d6d,无此309路径差异；实施前仍检查新改动
E:/projects/codex/aether/AgentJYS-main/src/aether_p4_simulator/validation/operations.py,src/aether_p4_simulator/validation/operations.py,必须保留：当前P4/Web实现与运行资源,当前本机使用；P4问题排障已暂停,只纳入当前必要版本，不重发故事或清数据,True,True,461907e49e7a2e11a366a227746ee0a8033e0dbc80fbdf4c902ef59dd2aa3463,无此309路径差异；实施前仍检查新改动
E:/projects/codex/aether/AgentJYS-main/src/aether_p4_simulator/validation/story_models.py,src/aether_p4_simulator/validation/story_models.py,必须保留：当前P4/Web实现与运行资源,当前本机使用；P4问题排障已暂停,只纳入当前必要版本，不重发故事或清数据,True,True,697ae80ea192316a71ac9bbe41cc262897d7bc92637b4254224c1780f17aa484,无此309路径差异；实施前仍检查新改动
E:/projects/codex/aether/AgentJYS-main/tests/azure_storage_support.py,tests/azure_storage_support.py,必须保留共享能力；按清单清除废弃成员/引用,TLS/server-name校验、fixture-own prefix删除、不触碰其他记录,未显式fixture登记的清理前缀/默认skip,False,True,,参考当前实现做限定合并/清理调整；按限定修改表，不整文件覆盖
E:/projects/codex/aether/AgentJYS-main/tests/component_configuration.py,tests/component_configuration.py,必须保留共享能力；按清单清除废弃成员/引用,用于受控故障边界的测试配置，显式PG/provider注入,参考SQLite默认metadata与profile捷径,False,True,,参考当前实现做限定合并/清理调整；按限定修改表，不整文件覆盖
E:/projects/codex/aether/AgentJYS-main/tests/conftest.py,tests/conftest.py,必须保留共享能力；按清单清除废弃成员/引用,session test-owned进程/namespace、准确失败/退出/回收,业务夹具隐式SQLite；默认skip真实后端；仅测试Temporal必须独立标识,True,True,822d43c62f75a466a4c831bb30433483552e7aded58f84eba95e8b0f4ccb03d2,无此309路径差异；实施前仍检查新改动
E:/projects/codex/aether/AgentJYS-main/tests/contracts/p3/conftest.py,tests/contracts/p3/conftest.py,必须保留：有效当前测试/合同/恢复证据,没有足够证据证明废弃；与旧实现完全绑定的测试另在删除/迁移表,保留当前失败与历史/replay边界；不按日期删除,True,True,15a29464a0ac74727b79313195cb28f473e9986763bc47972529913eeac169e0,无此309路径差异；实施前仍检查新改动
E:/projects/codex/aether/AgentJYS-main/tests/contracts/p3/pytest.ini,tests/contracts/p3/pytest.ini,必须保留：有效当前测试/合同/恢复证据,没有足够证据证明废弃；与旧实现完全绑定的测试另在删除/迁移表,保留当前失败与历史/replay边界；不按日期删除,True,True,08d6d62b4ecd456e488d97b9929253493c2512592c070fda84ac97cf76da911e,无此309路径差异；实施前仍检查新改动
E:/projects/codex/aether/AgentJYS-main/tests/contracts/p3/test_contracts.py,tests/contracts/p3/test_contracts.py,必须保留：有效当前测试/合同/恢复证据,没有足够证据证明废弃；与旧实现完全绑定的测试另在删除/迁移表,保留当前失败与历史/replay边界；不按日期删除,True,True,5840452a6274c52277baf27bce1962bfc2ad8072de40203dd0b3a37780f45820,无此309路径差异；实施前仍检查新改动
E:/projects/codex/aether/AgentJYS-main/tests/contracts/p3/test_foundation_contracts.py,tests/contracts/p3/test_foundation_contracts.py,必须保留：有效当前测试/合同/恢复证据,没有足够证据证明废弃；与旧实现完全绑定的测试另在删除/迁移表,保留当前失败与历史/replay边界；不按日期删除,True,True,95de414876a2d2ad61ce84ea7507b67c371066fa04ad367e31da00a662ac6c3a,无此309路径差异；实施前仍检查新改动
E:/projects/codex/aether/AgentJYS-main/tests/contracts/p3/test_qualification_contracts.py,tests/contracts/p3/test_qualification_contracts.py,必须保留：有效当前测试/合同/恢复证据,没有足够证据证明废弃；与旧实现完全绑定的测试另在删除/迁移表,保留当前失败与历史/replay边界；不按日期删除,True,True,f813833bd57cb8596c86ed6686d360b51730d6e2be13a71c8fdd301237707cd4,无此309路径差异；实施前仍检查新改动
E:/projects/codex/aether/AgentJYS-main/tests/integration/__init__.py,tests/integration/__init__.py,必须保留：有效当前测试/合同/恢复证据,没有足够证据证明废弃；与旧实现完全绑定的测试另在删除/迁移表,保留当前失败与历史/replay边界；不按日期删除,True,True,e3b0c44298fc1c149afbf4c8996fb92427ae41e4649b934ca495991b7852b855,无此309路径差异；实施前仍检查新改动
E:/projects/codex/aether/AgentJYS-main/tests/integration/milvus_support.py,tests/integration/milvus_support.py,必须保留：有效当前测试/合同/恢复证据,没有足够证据证明废弃；与旧实现完全绑定的测试另在删除/迁移表,保留当前失败与历史/replay边界；不按日期删除,True,True,9e23cbe9bf1f24ebf7326a077d06b9b0306b23c86dd384e4531f4c8b3f6d8e99,无此309路径差异；实施前仍检查新改动
E:/projects/codex/aether/AgentJYS-main/tests/integration/test_client_admission.py,tests/integration/test_client_admission.py,必须保留当前测试；迁到Azure夹具,保留业务/故障/契约断言，metadata fixture改真实Azure PG；对象/向量/缓存业务fixture改真实后端；仅受控故障响应单独标识,逐例schema/prefix/collection隔离；当前失败不删；pytest collection与真实业务门禁必须执行，不用skip制造完成,False,True,,纳入当前运行/Azure必需差异；实施前hash复核与限定同步
E:/projects/codex/aether/AgentJYS-main/tests/integration/test_client_definitions.py,tests/integration/test_client_definitions.py,必须保留当前测试；迁到Azure夹具,保留业务/故障/契约断言，metadata fixture改真实Azure PG；对象/向量/缓存业务fixture改真实后端；仅受控故障响应单独标识,逐例schema/prefix/collection隔离；当前失败不删；pytest collection与真实业务门禁必须执行，不用skip制造完成,False,True,,纳入当前运行/Azure必需差异；实施前hash复核与限定同步
E:/projects/codex/aether/AgentJYS-main/tests/integration/test_client_initialization.py,tests/integration/test_client_initialization.py,必须保留当前测试；迁到Azure夹具,保留业务/故障/契约断言，metadata fixture改真实Azure PG；对象/向量/缓存业务fixture改真实后端；仅受控故障响应单独标识,逐例schema/prefix/collection隔离；当前失败不删；pytest collection与真实业务门禁必须执行，不用skip制造完成,False,True,,纳入当前运行/Azure必需差异；实施前hash复核与限定同步
E:/projects/codex/aether/AgentJYS-main/tests/integration/test_client_inputs.py,tests/integration/test_client_inputs.py,必须保留当前测试；迁到Azure夹具,保留业务/故障/契约断言，metadata fixture改真实Azure PG；对象/向量/缓存业务fixture改真实后端；仅受控故障响应单独标识,逐例schema/prefix/collection隔离；当前失败不删；pytest collection与真实业务门禁必须执行，不用skip制造完成,False,True,,纳入当前运行/Azure必需差异；实施前hash复核与限定同步
E:/projects/codex/aether/AgentJYS-main/tests/integration/test_client_recoveries.py,tests/integration/test_client_recoveries.py,必须保留：有效当前测试/合同/恢复证据,没有足够证据证明废弃；与旧实现完全绑定的测试另在删除/迁移表,保留当前失败与历史/replay边界；不按日期删除,False,True,,纳入当前运行/Azure必需差异；实施前hash复核与限定同步
E:/projects/codex/aether/AgentJYS-main/tests/integration/test_client_recovery_inputs.py,tests/integration/test_client_recovery_inputs.py,必须保留当前测试；迁到Azure夹具,保留业务/故障/契约断言，metadata fixture改真实Azure PG；对象/向量/缓存业务fixture改真实后端；仅受控故障响应单独标识,逐例schema/prefix/collection隔离；当前失败不删；pytest collection与真实业务门禁必须执行，不用skip制造完成,False,True,,纳入当前运行/Azure必需差异；实施前hash复核与限定同步
E:/projects/codex/aether/AgentJYS-main/tests/integration/test_client_recovery_reads.py,tests/integration/test_client_recovery_reads.py,必须保留当前测试；迁到Azure夹具,保留业务/故障/契约断言，metadata fixture改真实Azure PG；对象/向量/缓存业务fixture改真实后端；仅受控故障响应单独标识,逐例schema/prefix/collection隔离；当前失败不删；pytest collection与真实业务门禁必须执行，不用skip制造完成,False,True,,纳入当前运行/Azure必需差异；实施前hash复核与限定同步
E:/projects/codex/aether/AgentJYS-main/tests/integration/test_client_recovery_safety.py,tests/integration/test_client_recovery_safety.py,必须保留当前测试；迁到Azure夹具,保留业务/故障/契约断言，metadata fixture改真实Azure PG；对象/向量/缓存业务fixture改真实后端；仅受控故障响应单独标识,逐例schema/prefix/collection隔离；当前失败不删；pytest collection与真实业务门禁必须执行，不用skip制造完成,False,True,,纳入当前运行/Azure必需差异；实施前hash复核与限定同步
E:/projects/codex/aether/AgentJYS-main/tests/integration/test_client_request_binding.py,tests/integration/test_client_request_binding.py,必须保留：有效当前测试/合同/恢复证据,没有足够证据证明废弃；与旧实现完全绑定的测试另在删除/迁移表,保留当前失败与历史/replay边界；不按日期删除,False,True,,纳入当前运行/Azure必需差异；实施前hash复核与限定同步
E:/projects/codex/aether/AgentJYS-main/tests/integration/test_client_run_registry.py,tests/integration/test_client_run_registry.py,必须保留当前测试；迁到Azure夹具,保留业务/故障/契约断言，metadata fixture改真实Azure PG；对象/向量/缓存业务fixture改真实后端；仅受控故障响应单独标识,逐例schema/prefix/collection隔离；当前失败不删；pytest collection与真实业务门禁必须执行，不用skip制造完成,False,True,,纳入当前运行/Azure必需差异；实施前hash复核与限定同步
E:/projects/codex/aether/AgentJYS-main/tests/integration/test_client_scopes.py,tests/integration/test_client_scopes.py,必须保留当前测试；迁到Azure夹具,保留业务/故障/契约断言，metadata fixture改真实Azure PG；对象/向量/缓存业务fixture改真实后端；仅受控故障响应单独标识,逐例schema/prefix/collection隔离；当前失败不删；pytest collection与真实业务门禁必须执行，不用skip制造完成,False,True,,纳入当前运行/Azure必需差异；实施前hash复核与限定同步
E:/projects/codex/aether/AgentJYS-main/tests/integration/test_client_state_streams.py,tests/integration/test_client_state_streams.py,必须保留当前测试；迁到Azure夹具,保留业务/故障/契约断言，metadata fixture改真实Azure PG；对象/向量/缓存业务fixture改真实后端；仅受控故障响应单独标识,逐例schema/prefix/collection隔离；当前失败不删；pytest collection与真实业务门禁必须执行，不用skip制造完成,False,True,,纳入当前运行/Azure必需差异；实施前hash复核与限定同步
E:/projects/codex/aether/AgentJYS-main/tests/integration/test_client_states.py,tests/integration/test_client_states.py,必须保留当前测试；迁到Azure夹具,保留业务/故障/契约断言，metadata fixture改真实Azure PG；对象/向量/缓存业务fixture改真实后端；仅受控故障响应单独标识,逐例schema/prefix/collection隔离；当前失败不删；pytest collection与真实业务门禁必须执行，不用skip制造完成,False,True,,纳入当前运行/Azure必需差异；实施前hash复核与限定同步
E:/projects/codex/aether/AgentJYS-main/tests/integration/test_client_transfer_races.py,tests/integration/test_client_transfer_races.py,必须保留当前测试；迁到Azure夹具,保留业务/故障/契约断言，metadata fixture改真实Azure PG；对象/向量/缓存业务fixture改真实后端；仅受控故障响应单独标识,逐例schema/prefix/collection隔离；当前失败不删；pytest collection与真实业务门禁必须执行，不用skip制造完成,False,True,,纳入当前运行/Azure必需差异；实施前hash复核与限定同步
E:/projects/codex/aether/AgentJYS-main/tests/integration/test_client_transfers.py,tests/integration/test_client_transfers.py,必须保留当前测试；迁到Azure夹具,保留业务/故障/契约断言，metadata fixture改真实Azure PG；对象/向量/缓存业务fixture改真实后端；仅受控故障响应单独标识,逐例schema/prefix/collection隔离；当前失败不删；pytest collection与真实业务门禁必须执行，不用skip制造完成,False,True,,纳入当前运行/Azure必需差异；实施前hash复核与限定同步
E:/projects/codex/aether/AgentJYS-main/tests/integration/test_compose_stack.py,tests/integration/test_compose_stack.py,必须保留：有效当前测试/合同/恢复证据,没有足够证据证明废弃；与旧实现完全绑定的测试另在删除/迁移表,保留当前失败与历史/replay边界；不按日期删除,True,True,e5ccb98ed0422b1ea68a38956b7d714f0b16d72b4b4dcf62541174758e16fe2d,无此309路径差异；实施前仍检查新改动
E:/projects/codex/aether/AgentJYS-main/tests/integration/test_continuous_service.py,tests/integration/test_continuous_service.py,必须保留：有效当前测试/合同/恢复证据,没有足够证据证明废弃；与旧实现完全绑定的测试另在删除/迁移表,保留当前失败与历史/replay边界；不按日期删除,True,True,72d3bf3e8e93c8ddbc60e5321625d37f10f76936139dcd3933438a28a0df9733,纳入当前运行/Azure必需差异；实施前hash复核与限定同步
E:/projects/codex/aether/AgentJYS-main/tests/integration/test_current_p2.py,tests/integration/test_current_p2.py,必须保留当前测试；迁到Azure夹具,保留P2客户端/协议/TLS与独立engine验证；元数据夹具显式Azure PG，不退回SQLite,逐例schema/prefix/collection隔离；当前失败不删；pytest collection与真实业务门禁必须执行，不用skip制造完成,False,True,,纳入当前运行/Azure必需差异；实施前hash复核与限定同步
E:/projects/codex/aether/AgentJYS-main/tests/integration/test_current_p2_demos.py,tests/integration/test_current_p2_demos.py,必须保留：有效当前测试/合同/恢复证据,没有足够证据证明废弃；与旧实现完全绑定的测试另在删除/迁移表,保留当前失败与历史/replay边界；不按日期删除,False,True,,纳入当前运行/Azure必需差异；实施前hash复核与限定同步
E:/projects/codex/aether/AgentJYS-main/tests/integration/test_current_p2_http.py,tests/integration/test_current_p2_http.py,必须保留当前测试；迁到Azure夹具,保留P2客户端/协议/TLS与独立engine验证；元数据夹具显式Azure PG，不退回SQLite,逐例schema/prefix/collection隔离；当前失败不删；pytest collection与真实业务门禁必须执行，不用skip制造完成,False,True,,纳入当前运行/Azure必需差异；实施前hash复核与限定同步
E:/projects/codex/aether/AgentJYS-main/tests/integration/test_current_p2_native.py,tests/integration/test_current_p2_native.py,必须保留：有效当前测试/合同/恢复证据,没有足够证据证明废弃；与旧实现完全绑定的测试另在删除/迁移表,保留当前失败与历史/replay边界；不按日期删除,False,True,,纳入当前运行/Azure必需差异；实施前hash复核与限定同步
E:/projects/codex/aether/AgentJYS-main/tests/integration/test_http_admission_evidence.py,tests/integration/test_http_admission_evidence.py,必须保留当前测试；迁到Azure夹具,保留业务/故障/契约断言，metadata fixture改真实Azure PG；对象/向量/缓存业务fixture改真实后端；仅受控故障响应单独标识,逐例schema/prefix/collection隔离；当前失败不删；pytest collection与真实业务门禁必须执行，不用skip制造完成,False,True,,纳入当前运行/Azure必需差异；实施前hash复核与限定同步
E:/projects/codex/aether/AgentJYS-main/tests/integration/test_monitor_catalogs.py,tests/integration/test_monitor_catalogs.py,必须保留：有效当前测试/合同/恢复证据,没有足够证据证明废弃；与旧实现完全绑定的测试另在删除/迁移表,保留当前失败与历史/replay边界；不按日期删除,True,True,7e93b1de8aee7529cd28ede27d7e85d9806c695c4f45ea9a17c7a252e37020e9,无此309路径差异；实施前仍检查新改动
E:/projects/codex/aether/AgentJYS-main/tests/integration/test_mutation_receipts.py,tests/integration/test_mutation_receipts.py,必须保留：有效当前测试/合同/恢复证据,没有足够证据证明废弃；与旧实现完全绑定的测试另在删除/迁移表,保留当前失败与历史/replay边界；不按日期删除,False,True,,纳入当前运行/Azure必需差异；实施前hash复核与限定同步
E:/projects/codex/aether/AgentJYS-main/tests/integration/test_mutation_results.py,tests/integration/test_mutation_results.py,必须保留：有效当前测试/合同/恢复证据,没有足够证据证明废弃；与旧实现完全绑定的测试另在删除/迁移表,保留当前失败与历史/replay边界；不按日期删除,False,True,,纳入当前运行/Azure必需差异；实施前hash复核与限定同步
E:/projects/codex/aether/AgentJYS-main/tests/integration/test_operation_lookup.py,tests/integration/test_operation_lookup.py,必须保留：有效当前测试/合同/恢复证据,没有足够证据证明废弃；与旧实现完全绑定的测试另在删除/迁移表,保留当前失败与历史/replay边界；不按日期删除,False,True,,纳入当前运行/Azure必需差异；实施前hash复核与限定同步
E:/projects/codex/aether/AgentJYS-main/tests/integration/test_p2_tls_transport.py,tests/integration/test_p2_tls_transport.py,必须保留：有效当前测试/合同/恢复证据,没有足够证据证明废弃；与旧实现完全绑定的测试另在删除/迁移表,保留当前失败与历史/replay边界；不按日期删除,False,True,,纳入当前运行/Azure必需差异；实施前hash复核与限定同步
E:/projects/codex/aether/AgentJYS-main/tests/integration/test_p3_closed_loop.py,tests/integration/test_p3_closed_loop.py,需要确认：旧实现专属测试退役,旧接口路径/Mock输出形状/独立Sidecar-Celery装配不保留；仍有效的授权、版本、TTL、故障保护和回执约束迁至下列当前门禁，不声称新旧产品接口等同。,随退休实现整文件删除；有效横向断言按本表迁移,True,True,61452c83278cf3b51227e3544cff1b40d77623b595850ab709477d03575ef33b,无此309路径差异；实施前仍检查新改动
E:/projects/codex/aether/AgentJYS-main/tests/integration/test_p4_activations.py,tests/integration/test_p4_activations.py,必须保留：有效当前测试/合同/恢复证据,没有足够证据证明废弃；与旧实现完全绑定的测试另在删除/迁移表,保留当前失败与历史/replay边界；不按日期删除,False,True,,纳入当前运行/Azure必需差异；实施前hash复核与限定同步
E:/projects/codex/aether/AgentJYS-main/tests/integration/test_p4_demo_handoff.py,tests/integration/test_p4_demo_handoff.py,必须保留：有效当前测试/合同/恢复证据,没有足够证据证明废弃；与旧实现完全绑定的测试另在删除/迁移表,保留当前失败与历史/replay边界；不按日期删除,True,True,901a3d5bc7b3b4bf4735985eee6a976e712ba5ec15d6e4209a5fa9dbb0c534b8,无此309路径差异；实施前仍检查新改动
E:/projects/codex/aether/AgentJYS-main/tests/integration/test_p4_demo_recovery.py,tests/integration/test_p4_demo_recovery.py,必须保留：有效当前测试/合同/恢复证据,没有足够证据证明废弃；与旧实现完全绑定的测试另在删除/迁移表,保留当前失败与历史/replay边界；不按日期删除,False,True,,纳入当前运行/Azure必需差异；实施前hash复核与限定同步
E:/projects/codex/aether/AgentJYS-main/tests/integration/test_p4_demo_reply_loss.py,tests/integration/test_p4_demo_reply_loss.py,必须保留：有效当前测试/合同/恢复证据,没有足够证据证明废弃；与旧实现完全绑定的测试另在删除/迁移表,保留当前失败与历史/replay边界；不按日期删除,False,True,,纳入当前运行/Azure必需差异；实施前hash复核与限定同步
E:/projects/codex/aether/AgentJYS-main/tests/integration/test_p4_demo_stories.py,tests/integration/test_p4_demo_stories.py,必须保留：有效当前测试/合同/恢复证据,没有足够证据证明废弃；与旧实现完全绑定的测试另在删除/迁移表,保留当前失败与历史/replay边界；不按日期删除,True,True,d55f483a39257b57e056cab7ebc107d65a5414a9ff43807eaf8815e4cc362e50,纳入当前运行/Azure必需差异；实施前hash复核与限定同步
E:/projects/codex/aether/AgentJYS-main/tests/integration/test_p4_demo_temporal.py,tests/integration/test_p4_demo_temporal.py,必须保留：有效当前测试/合同/恢复证据,没有足够证据证明废弃；与旧实现完全绑定的测试另在删除/迁移表,保留当前失败与历史/replay边界；不按日期删除,True,True,9178999085b040a90e4c14dc6cd248bfccec949935c6f67ae4ca67c5457df840,纳入当前运行/Azure必需差异；实施前hash复核与限定同步
E:/projects/codex/aether/AgentJYS-main/tests/integration/test_p4_execution_state.py,tests/integration/test_p4_execution_state.py,必须保留：有效当前测试/合同/恢复证据,没有足够证据证明废弃；与旧实现完全绑定的测试另在删除/迁移表,保留当前失败与历史/replay边界；不按日期删除,False,True,,纳入当前运行/Azure必需差异；实施前hash复核与限定同步
E:/projects/codex/aether/AgentJYS-main/tests/integration/test_p4_initialization_boundaries.py,tests/integration/test_p4_initialization_boundaries.py,必须保留当前测试；迁到Azure夹具,保留业务/故障/契约断言，metadata fixture改真实Azure PG；对象/向量/缓存业务fixture改真实后端；仅受控故障响应单独标识,逐例schema/prefix/collection隔离；当前失败不删；pytest collection与真实业务门禁必须执行，不用skip制造完成,False,True,,纳入当前运行/Azure必需差异；实施前hash复核与限定同步
E:/projects/codex/aether/AgentJYS-main/tests/integration/test_p4_initialization_definition.py,tests/integration/test_p4_initialization_definition.py,必须保留：有效当前测试/合同/恢复证据,没有足够证据证明废弃；与旧实现完全绑定的测试另在删除/迁移表,保留当前失败与历史/replay边界；不按日期删除,False,True,,纳入当前运行/Azure必需差异；实施前hash复核与限定同步
E:/projects/codex/aether/AgentJYS-main/tests/integration/test_p4_initialization_process.py,tests/integration/test_p4_initialization_process.py,必须保留：有效当前测试/合同/恢复证据,没有足够证据证明废弃；与旧实现完全绑定的测试另在删除/迁移表,保留当前失败与历史/replay边界；不按日期删除,False,True,,纳入当前运行/Azure必需差异；实施前hash复核与限定同步
E:/projects/codex/aether/AgentJYS-main/tests/integration/test_p4_initialization_recovery.py,tests/integration/test_p4_initialization_recovery.py,必须保留当前测试；迁到Azure夹具,保留业务/故障/契约断言，metadata fixture改真实Azure PG；对象/向量/缓存业务fixture改真实后端；仅受控故障响应单独标识,逐例schema/prefix/collection隔离；当前失败不删；pytest collection与真实业务门禁必须执行，不用skip制造完成,False,True,,纳入当前运行/Azure必需差异；实施前hash复核与限定同步
E:/projects/codex/aether/AgentJYS-main/tests/integration/test_p4_reconciliation.py,tests/integration/test_p4_reconciliation.py,必须保留：有效当前测试/合同/恢复证据,没有足够证据证明废弃；与旧实现完全绑定的测试另在删除/迁移表,保留当前失败与历史/replay边界；不按日期删除,False,True,,纳入当前运行/Azure必需差异；实施前hash复核与限定同步
E:/projects/codex/aether/AgentJYS-main/tests/integration/test_p4_recovery_inputs.py,tests/integration/test_p4_recovery_inputs.py,必须保留：有效当前测试/合同/恢复证据,没有足够证据证明废弃；与旧实现完全绑定的测试另在删除/迁移表,保留当前失败与历史/replay边界；不按日期删除,False,True,,纳入当前运行/Azure必需差异；实施前hash复核与限定同步
E:/projects/codex/aether/AgentJYS-main/tests/integration/test_p4_recovery_reads.py,tests/integration/test_p4_recovery_reads.py,必须保留：有效当前测试/合同/恢复证据,没有足够证据证明废弃；与旧实现完全绑定的测试另在删除/迁移表,保留当前失败与历史/replay边界；不按日期删除,False,True,,纳入当前运行/Azure必需差异；实施前hash复核与限定同步
E:/projects/codex/aether/AgentJYS-main/tests/integration/test_p4_transfers.py,tests/integration/test_p4_transfers.py,必须保留：有效当前测试/合同/恢复证据,没有足够证据证明废弃；与旧实现完全绑定的测试另在删除/迁移表,保留当前失败与历史/replay边界；不按日期删除,False,True,,纳入当前运行/Azure必需差异；实施前hash复核与限定同步
E:/projects/codex/aether/AgentJYS-main/tests/integration/test_pending_recall_restart.py,tests/integration/test_pending_recall_restart.py,必须保留：有效当前测试/合同/恢复证据,没有足够证据证明废弃；与旧实现完全绑定的测试另在删除/迁移表,保留当前失败与历史/replay边界；不按日期删除,False,True,,纳入当前运行/Azure必需差异；实施前hash复核与限定同步
E:/projects/codex/aether/AgentJYS-main/tests/integration/test_rf_completion.py,tests/integration/test_rf_completion.py,必须保留当前测试；迁到Azure夹具,保留业务/故障/契约断言，metadata fixture改真实Azure PG；对象/向量/缓存业务fixture改真实后端；仅受控故障响应单独标识,逐例schema/prefix/collection隔离；当前失败不删；pytest collection与真实业务门禁必须执行，不用skip制造完成,True,True,07a0ae45bfe7d8b24b2290cc43ccd0e7ed4e4fc5e560def1c2e8422aeb6bf3e2,纳入当前运行/Azure必需差异；实施前hash复核与限定同步
E:/projects/codex/aether/AgentJYS-main/tests/integration/test_temporal_process_recovery.py,tests/integration/test_temporal_process_recovery.py,必须保留：有效当前测试/合同/恢复证据,没有足够证据证明废弃；与旧实现完全绑定的测试另在删除/迁移表,保留当前失败与历史/replay边界；不按日期删除,True,True,d8bd52904ee645fc64a0383d5fe39d919ef6b99f7fa55b0e809d5d70dcbca835,纳入当前运行/Azure必需差异；实施前hash复核与限定同步
E:/projects/codex/aether/AgentJYS-main/tests/integration/test_transfer_interface_evidence.py,tests/integration/test_transfer_interface_evidence.py,必须保留：有效当前测试/合同/恢复证据,没有足够证据证明废弃；与旧实现完全绑定的测试另在删除/迁移表,保留当前失败与历史/replay边界；不按日期删除,False,True,,纳入当前运行/Azure必需差异；实施前hash复核与限定同步
E:/projects/codex/aether/AgentJYS-main/tests/integration/test_transfer_write_boundaries.py,tests/integration/test_transfer_write_boundaries.py,必须保留：有效当前测试/合同/恢复证据,没有足够证据证明废弃；与旧实现完全绑定的测试另在删除/迁移表,保留当前失败与历史/replay边界；不按日期删除,False,True,,纳入当前运行/Azure必需差异；实施前hash复核与限定同步
E:/projects/codex/aether/AgentJYS-main/tests/integration/test_tui_four_scenarios.py,tests/integration/test_tui_four_scenarios.py,需要确认：旧实现专属测试退役,旧接口路径/Mock输出形状/独立Sidecar-Celery装配不保留；仍有效的授权、版本、TTL、故障保护和回执约束迁至下列当前门禁，不声称新旧产品接口等同。,随退休实现整文件删除；有效横向断言按本表迁移,True,True,e1a402291320ebe43d61c195f1ad5b9bfc37bd3aeec617755f54e706872fc643,无此309路径差异；实施前仍检查新改动
E:/projects/codex/aether/AgentJYS-main/tests/integration/test_unified_flow_smoke.py,tests/integration/test_unified_flow_smoke.py,需要确认：旧实现专属测试退役,旧接口路径/Mock输出形状/独立Sidecar-Celery装配不保留；仍有效的授权、版本、TTL、故障保护和回执约束迁至下列当前门禁，不声称新旧产品接口等同。,随退休实现整文件删除；有效横向断言按本表迁移,True,True,f67e18741c4ae016b37dd97673869822aff7c464fd5138e0d18ee60ff43282fb,无此309路径差异；实施前仍检查新改动
E:/projects/codex/aether/AgentJYS-main/tests/integration/test_web_gateway.py,tests/integration/test_web_gateway.py,必须保留：有效当前测试/合同/恢复证据,没有足够证据证明废弃；与旧实现完全绑定的测试另在删除/迁移表,保留当前失败与历史/replay边界；不按日期删除,False,True,,纳入当前运行/Azure必需差异；实施前hash复核与限定同步
E:/projects/codex/aether/AgentJYS-main/tests/integration/test_working_milvus.py,tests/integration/test_working_milvus.py,必须保留：有效当前测试/合同/恢复证据,没有足够证据证明废弃；与旧实现完全绑定的测试另在删除/迁移表,保留当前失败与历史/replay边界；不按日期删除,True,True,c33b4c3be6522967339bf80a1ba0a0530d6f5ab48fbb1bf4c7e5272debe440f6,无此309路径差异；实施前仍检查新改动
E:/projects/codex/aether/AgentJYS-main/tests/integration/test_working_native_vector.py,tests/integration/test_working_native_vector.py,必须保留：有效当前测试/合同/恢复证据,没有足够证据证明废弃；与旧实现完全绑定的测试另在删除/迁移表,保留当前失败与历史/replay边界；不按日期删除,True,True,7c3796e8236d8598ad27708a07435289b33f275643099b006c320eaeebe81e27,无此309路径差异；实施前仍检查新改动
E:/projects/codex/aether/AgentJYS-main/tests/runtime/flows/conftest.py,tests/runtime/flows/conftest.py,必须保留：有效当前测试/合同/恢复证据,没有足够证据证明废弃；与旧实现完全绑定的测试另在删除/迁移表,保留当前失败与历史/replay边界；不按日期删除,True,True,0ccf3edc83bbe4f13d32b55e8302027fae14bd7776c6eb37d1cc9b600b6bcdc7,无此309路径差异；实施前仍检查新改动
E:/projects/codex/aether/AgentJYS-main/tests/runtime/flows/remember_helpers.py,tests/runtime/flows/remember_helpers.py,必须保留共享能力；按清单清除废弃成员/引用,全部仍有效的Remember/Recall/Operate断言,reference默认ThreeFlows/create_runtime、旧warm/cold替身结果,True,True,b12f6c37f90bbcacb5af8f08c0e1ce9b5cd220618f7605136f32870b63d67214,无此309路径差异；实施前仍检查新改动
E:/projects/codex/aether/AgentJYS-main/tests/runtime/flows/test_async_postgres_telemetry.py,tests/runtime/flows/test_async_postgres_telemetry.py,必须保留：有效当前测试/合同/恢复证据,没有足够证据证明废弃；与旧实现完全绑定的测试另在删除/迁移表,保留当前失败与历史/replay边界；不按日期删除,False,True,,纳入当前运行/Azure必需差异；实施前hash复核与限定同步
E:/projects/codex/aether/AgentJYS-main/tests/runtime/flows/test_async_recall_postgres.py,tests/runtime/flows/test_async_recall_postgres.py,必须保留当前测试；迁到Azure夹具,保留业务/故障/契约断言，metadata fixture改真实Azure PG；对象/向量/缓存业务fixture改真实后端；仅受控故障响应单独标识,逐例schema/prefix/collection隔离；当前失败不删；pytest collection与真实业务门禁必须执行，不用skip制造完成,False,True,,纳入当前运行/Azure必需差异；实施前hash复核与限定同步
E:/projects/codex/aether/AgentJYS-main/tests/runtime/flows/test_azure_cache.py,tests/runtime/flows/test_azure_cache.py,必须保留：有效当前测试/合同/恢复证据,没有足够证据证明废弃；与旧实现完全绑定的测试另在删除/迁移表,保留当前失败与历史/replay边界；不按日期删除,False,True,,纳入当前运行/Azure必需差异；实施前hash复核与限定同步
E:/projects/codex/aether/AgentJYS-main/tests/runtime/flows/test_azure_cache_executor.py,tests/runtime/flows/test_azure_cache_executor.py,必须保留：有效当前测试/合同/恢复证据,没有足够证据证明废弃；与旧实现完全绑定的测试另在删除/迁移表,保留当前失败与历史/replay边界；不按日期删除,False,True,,纳入当前运行/Azure必需差异；实施前hash复核与限定同步
E:/projects/codex/aether/AgentJYS-main/tests/runtime/flows/test_azure_model_business.py,tests/runtime/flows/test_azure_model_business.py,必须保留：有效当前测试/合同/恢复证据,没有足够证据证明废弃；与旧实现完全绑定的测试另在删除/迁移表,保留当前失败与历史/replay边界；不按日期删除,False,True,,纳入当前运行/Azure必需差异；实施前hash复核与限定同步
E:/projects/codex/aether/AgentJYS-main/tests/runtime/flows/test_azure_objects.py,tests/runtime/flows/test_azure_objects.py,必须保留当前测试；迁到Azure夹具,保留业务/故障/契约断言，metadata fixture改真实Azure PG；对象/向量/缓存业务fixture改真实后端；仅受控故障响应单独标识,逐例schema/prefix/collection隔离；当前失败不删；pytest collection与真实业务门禁必须执行，不用skip制造完成,False,True,,纳入当前运行/Azure必需差异；实施前hash复核与限定同步
E:/projects/codex/aether/AgentJYS-main/tests/runtime/flows/test_azure_process_business.py,tests/runtime/flows/test_azure_process_business.py,必须保留：有效当前测试/合同/恢复证据,没有足够证据证明废弃；与旧实现完全绑定的测试另在删除/迁移表,保留当前失败与历史/replay边界；不按日期删除,False,True,,纳入当前运行/Azure必需差异；实施前hash复核与限定同步
E:/projects/codex/aether/AgentJYS-main/tests/runtime/flows/test_azure_real_ceph.py,tests/runtime/flows/test_azure_real_ceph.py,必须保留：有效当前测试/合同/恢复证据,没有足够证据证明废弃；与旧实现完全绑定的测试另在删除/迁移表,保留当前失败与历史/replay边界；不按日期删除,False,True,,纳入当前运行/Azure必需差异；实施前hash复核与限定同步
E:/projects/codex/aether/AgentJYS-main/tests/runtime/flows/test_azure_service_identity.py,tests/runtime/flows/test_azure_service_identity.py,必须保留：有效当前测试/合同/恢复证据,没有足够证据证明废弃；与旧实现完全绑定的测试另在删除/迁移表,保留当前失败与历史/replay边界；不按日期删除,False,True,,纳入当前运行/Azure必需差异；实施前hash复核与限定同步
E:/projects/codex/aether/AgentJYS-main/tests/runtime/flows/test_azure_storage_assembly.py,tests/runtime/flows/test_azure_storage_assembly.py,必须保留当前测试；迁到Azure夹具,保留业务/故障/契约断言，metadata fixture改真实Azure PG；对象/向量/缓存业务fixture改真实后端；仅受控故障响应单独标识,逐例schema/prefix/collection隔离；当前失败不删；pytest collection与真实业务门禁必须执行，不用skip制造完成,False,True,,纳入当前运行/Azure必需差异；实施前hash复核与限定同步
E:/projects/codex/aether/AgentJYS-main/tests/runtime/flows/test_azure_storage_configuration.py,tests/runtime/flows/test_azure_storage_configuration.py,必须保留：有效当前测试/合同/恢复证据,没有足够证据证明废弃；与旧实现完全绑定的测试另在删除/迁移表,保留当前失败与历史/replay边界；不按日期删除,False,True,,纳入当前运行/Azure必需差异；实施前hash复核与限定同步
E:/projects/codex/aether/AgentJYS-main/tests/runtime/flows/test_azure_vector_contract.py,tests/runtime/flows/test_azure_vector_contract.py,必须保留：有效当前测试/合同/恢复证据,没有足够证据证明废弃；与旧实现完全绑定的测试另在删除/迁移表,保留当前失败与历史/replay边界；不按日期删除,False,True,,纳入当前运行/Azure必需差异；实施前hash复核与限定同步
E:/projects/codex/aether/AgentJYS-main/tests/runtime/flows/test_current_p2_vectors.py,tests/runtime/flows/test_current_p2_vectors.py,必须保留当前测试；迁到Azure夹具,保留P2客户端/协议/TLS与独立engine验证；元数据夹具显式Azure PG，不退回SQLite,逐例schema/prefix/collection隔离；当前失败不删；pytest collection与真实业务门禁必须执行，不用skip制造完成,False,True,,纳入当前运行/Azure必需差异；实施前hash复核与限定同步
E:/projects/codex/aether/AgentJYS-main/tests/runtime/flows/test_flows.py,tests/runtime/flows/test_flows.py,必须保留共享能力；按清单清除废弃成员/引用,全部仍有效的Remember/Recall/Operate断言,reference默认ThreeFlows/create_runtime、旧warm/cold替身结果,True,True,fd713fb89fd6b7c6c76c7ccbc8dc6309c9b9b9cf6b14016c8b3bbfc21c8e44a3,参考当前实现做限定合并/清理调整；按限定修改表，不整文件覆盖
E:/projects/codex/aether/AgentJYS-main/tests/runtime/flows/test_generation_assembly.py,tests/runtime/flows/test_generation_assembly.py,必须保留：有效当前测试/合同/恢复证据,没有足够证据证明废弃；与旧实现完全绑定的测试另在删除/迁移表,保留当前失败与历史/replay边界；不按日期删除,True,True,6f73942c4788202d3930011ca10234a8eb208f8d7381696be7430244b9b490d6,无此309路径差异；实施前仍检查新改动
E:/projects/codex/aether/AgentJYS-main/tests/runtime/flows/test_generation_candidates.py,tests/runtime/flows/test_generation_candidates.py,必须保留当前测试；迁到Azure夹具,保留业务/故障/契约断言，metadata fixture改真实Azure PG；对象/向量/缓存业务fixture改真实后端；仅受控故障响应单独标识,逐例schema/prefix/collection隔离；当前失败不删；pytest collection与真实业务门禁必须执行，不用skip制造完成,True,True,1ea22763dc6fe91a34cc53e94117b3056f68ec6c804674f46fffdff31e04b662,无此309路径差异；实施前仍检查新改动
E:/projects/codex/aether/AgentJYS-main/tests/runtime/flows/test_generation_commit.py,tests/runtime/flows/test_generation_commit.py,必须保留当前测试；迁到Azure夹具,保留业务/故障/契约断言，metadata fixture改真实Azure PG；对象/向量/缓存业务fixture改真实后端；仅受控故障响应单独标识,逐例schema/prefix/collection隔离；当前失败不删；pytest collection与真实业务门禁必须执行，不用skip制造完成,True,True,d67891a84e6417fb81e7c1c730591af9a32d5c9bff1fec4281c7168957bfdefc,无此309路径差异；实施前仍检查新改动
E:/projects/codex/aether/AgentJYS-main/tests/runtime/flows/test_health_budget_configuration.py,tests/runtime/flows/test_health_budget_configuration.py,必须保留：有效当前测试/合同/恢复证据,没有足够证据证明废弃；与旧实现完全绑定的测试另在删除/迁移表,保留当前失败与历史/replay边界；不按日期删除,False,True,,纳入当前运行/Azure必需差异；实施前hash复核与限定同步
E:/projects/codex/aether/AgentJYS-main/tests/runtime/flows/test_http.py,tests/runtime/flows/test_http.py,必须保留当前测试；迁到Azure夹具,保留业务/故障/契约断言，metadata fixture改真实Azure PG；对象/向量/缓存业务fixture改真实后端；仅受控故障响应单独标识,逐例schema/prefix/collection隔离；当前失败不删；pytest collection与真实业务门禁必须执行，不用skip制造完成,True,True,07216164b892ae84eb9a66328dae1d84ee5de7da699b5fc3db2bc23ed2ab1da9,无此309路径差异；实施前仍检查新改动
E:/projects/codex/aether/AgentJYS-main/tests/runtime/flows/test_http_request_deadline.py,tests/runtime/flows/test_http_request_deadline.py,必须保留当前测试；迁到Azure夹具,保留业务/故障/契约断言，metadata fixture改真实Azure PG；对象/向量/缓存业务fixture改真实后端；仅受控故障响应单独标识,逐例schema/prefix/collection隔离；当前失败不删；pytest collection与真实业务门禁必须执行，不用skip制造完成,False,True,,纳入当前运行/Azure必需差异；实施前hash复核与限定同步
E:/projects/codex/aether/AgentJYS-main/tests/runtime/flows/test_keycloak_demo_tools.py,tests/runtime/flows/test_keycloak_demo_tools.py,必须保留：有效当前测试/合同/恢复证据,没有足够证据证明废弃；与旧实现完全绑定的测试另在删除/迁移表,保留当前失败与历史/replay边界；不按日期删除,True,True,212996b53b9395071480d52467c6cf7b8aa6beb22d4645648dbef7432e111a2a,无此309路径差异；实施前仍检查新改动
E:/projects/codex/aether/AgentJYS-main/tests/runtime/flows/test_keycloak_organizations.py,tests/runtime/flows/test_keycloak_organizations.py,必须保留当前测试；迁到Azure夹具,保留业务/故障/契约断言，metadata fixture改真实Azure PG；对象/向量/缓存业务fixture改真实后端；仅受控故障响应单独标识,逐例schema/prefix/collection隔离；当前失败不删；pytest collection与真实业务门禁必须执行，不用skip制造完成,True,True,b24b6f77d522dba7971f7b238dad5dd4fd46e9f74ce13a5e0bc639f89398ac47,无此309路径差异；实施前仍检查新改动
E:/projects/codex/aether/AgentJYS-main/tests/runtime/flows/test_keycloak_self_service.py,tests/runtime/flows/test_keycloak_self_service.py,必须保留：有效当前测试/合同/恢复证据,没有足够证据证明废弃；与旧实现完全绑定的测试另在删除/迁移表,保留当前失败与历史/replay边界；不按日期删除,True,True,8cb0ff3f1aee39ee626cd9c8be325cb387a68d338b38a69c3ea000fb9866ecc5,无此309路径差异；实施前仍检查新改动
E:/projects/codex/aether/AgentJYS-main/tests/runtime/flows/test_milvus_adapter.py,tests/runtime/flows/test_milvus_adapter.py,必须保留有效断言；按表迁移后清除旧段落/旧文件,MilvusVectors 导入从兼容模块改到 runtime/flows/vector_adapters.py；projection_target 从 remember/basic/projection.py 导入；binding/shape/scope断言保留。,当前测试保留；迁移到当前Milvus owner导入与真实后端夹具,True,True,d163fb6a7f0ad0ba60d916ee9ed2b71c1c611db2a02e284593360557505c15c3,无此309路径差异；实施前仍检查新改动
E:/projects/codex/aether/AgentJYS-main/tests/runtime/flows/test_milvus_connection.py,tests/runtime/flows/test_milvus_connection.py,必须保留当前测试；迁到Azure夹具,保留业务/故障/契约断言，metadata fixture改真实Azure PG；对象/向量/缓存业务fixture改真实后端；仅受控故障响应单独标识,逐例schema/prefix/collection隔离；当前失败不删；pytest collection与真实业务门禁必须执行，不用skip制造完成,True,True,3c1e2ce058251d5949c6611bcdd254fac377d0897fd6ab3348842d77b621529a,纳入当前运行/Azure必需差异；实施前hash复核与限定同步
E:/projects/codex/aether/AgentJYS-main/tests/runtime/flows/test_milvus_generation.py,tests/runtime/flows/test_milvus_generation.py,必须保留：有效当前测试/合同/恢复证据,没有足够证据证明废弃；与旧实现完全绑定的测试另在删除/迁移表,保留当前失败与历史/replay边界；不按日期删除,True,True,f922de9ee0ed8d81ec3593593817d79cf794ff00b228e2ff10b8e4e622097934,无此309路径差异；实施前仍检查新改动
E:/projects/codex/aether/AgentJYS-main/tests/runtime/flows/test_mutation_replay.py,tests/runtime/flows/test_mutation_replay.py,必须保留当前测试；迁到Azure夹具,保留业务/故障/契约断言，metadata fixture改真实Azure PG；对象/向量/缓存业务fixture改真实后端；仅受控故障响应单独标识,逐例schema/prefix/collection隔离；当前失败不删；pytest collection与真实业务门禁必须执行，不用skip制造完成,False,True,,纳入当前运行/Azure必需差异；实施前hash复核与限定同步
E:/projects/codex/aether/AgentJYS-main/tests/runtime/flows/test_observability.py,tests/runtime/flows/test_observability.py,必须保留当前测试；迁到Azure夹具,保留业务/故障/契约断言，metadata fixture改真实Azure PG；对象/向量/缓存业务fixture改真实后端；仅受控故障响应单独标识,逐例schema/prefix/collection隔离；当前失败不删；pytest collection与真实业务门禁必须执行，不用skip制造完成,True,True,8e6b8dc71434a9b7e1255091885ac790f39ee3b1b1b2644ae590a3e461503aa9,无此309路径差异；实施前仍检查新改动
E:/projects/codex/aether/AgentJYS-main/tests/runtime/flows/test_p2_storage_configuration.py,tests/runtime/flows/test_p2_storage_configuration.py,必须保留：有效当前测试/合同/恢复证据,没有足够证据证明废弃；与旧实现完全绑定的测试另在删除/迁移表,保留当前失败与历史/replay边界；不按日期删除,False,True,,纳入当前运行/Azure必需差异；实施前hash复核与限定同步
E:/projects/codex/aether/AgentJYS-main/tests/runtime/flows/test_postgres_log_burst.py,tests/runtime/flows/test_postgres_log_burst.py,必须保留：有效当前测试/合同/恢复证据,没有足够证据证明废弃；与旧实现完全绑定的测试另在删除/迁移表,保留当前失败与历史/replay边界；不按日期删除,False,True,,纳入当前运行/Azure必需差异；实施前hash复核与限定同步
E:/projects/codex/aether/AgentJYS-main/tests/runtime/flows/test_postgres_observability.py,tests/runtime/flows/test_postgres_observability.py,必须保留共享能力；按清单清除废弃成员/引用,四个原断言；按每例随机schema隔离、finally只回收本fixture schema,主目录DROP public全部表fixture；默认skip,True,True,9996c42e512ae7b17df1b6b9d3d15ca62cb11c0f463ad825135a55f5d717ebfd,参考当前实现做限定合并/清理调整；按限定修改表，不整文件覆盖
E:/projects/codex/aether/AgentJYS-main/tests/runtime/flows/test_postgres_periodic_budget.py,tests/runtime/flows/test_postgres_periodic_budget.py,必须保留：有效当前测试/合同/恢复证据,没有足够证据证明废弃；与旧实现完全绑定的测试另在删除/迁移表,保留当前失败与历史/replay边界；不按日期删除,False,True,,纳入当前运行/Azure必需差异；实施前hash复核与限定同步
E:/projects/codex/aether/AgentJYS-main/tests/runtime/flows/test_postgres_telemetry_startup.py,tests/runtime/flows/test_postgres_telemetry_startup.py,必须保留：有效当前测试/合同/恢复证据,没有足够证据证明废弃；与旧实现完全绑定的测试另在删除/迁移表,保留当前失败与历史/replay边界；不按日期删除,False,True,,纳入当前运行/Azure必需差异；实施前hash复核与限定同步
E:/projects/codex/aether/AgentJYS-main/tests/runtime/flows/test_postgres_transaction_delivery.py,tests/runtime/flows/test_postgres_transaction_delivery.py,必须保留：有效当前测试/合同/恢复证据,没有足够证据证明废弃；与旧实现完全绑定的测试另在删除/迁移表,保留当前失败与历史/replay边界；不按日期删除,False,True,,纳入当前运行/Azure必需差异；实施前hash复核与限定同步
E:/projects/codex/aether/AgentJYS-main/tests/runtime/flows/test_projection_ownership.py,tests/runtime/flows/test_projection_ownership.py,必须保留当前测试；迁到Azure夹具,保留业务/故障/契约断言，metadata fixture改真实Azure PG；对象/向量/缓存业务fixture改真实后端；仅受控故障响应单独标识,逐例schema/prefix/collection隔离；当前失败不删；pytest collection与真实业务门禁必须执行，不用skip制造完成,True,True,9582184cdbd7a5021f924193d013e9722f6bcd2d35bb3c81abaf777778ce9262,无此309路径差异；实施前仍检查新改动
E:/projects/codex/aether/AgentJYS-main/tests/runtime/flows/test_recall_pipeline.py,tests/runtime/flows/test_recall_pipeline.py,必须保留：有效当前测试/合同/恢复证据,没有足够证据证明废弃；与旧实现完全绑定的测试另在删除/迁移表,保留当前失败与历史/replay边界；不按日期删除,True,True,ffd7961bbd4faea01938f9a6727a5612648f529ecd6e36a1173d341865e5ee13,无此309路径差异；实施前仍检查新改动
E:/projects/codex/aether/AgentJYS-main/tests/runtime/flows/test_remember_boundary.py,tests/runtime/flows/test_remember_boundary.py,必须保留：有效当前测试/合同/恢复证据,没有足够证据证明废弃；与旧实现完全绑定的测试另在删除/迁移表,保留当前失败与历史/replay边界；不按日期删除,True,True,7bf8ce1566e9a7398afc6c4f6c3a8ac98e5f212c7c925d5a8d0506cc1ca629c5,无此309路径差异；实施前仍检查新改动
E:/projects/codex/aether/AgentJYS-main/tests/runtime/flows/test_remember_dedup.py,tests/runtime/flows/test_remember_dedup.py,必须保留：有效当前测试/合同/恢复证据,没有足够证据证明废弃；与旧实现完全绑定的测试另在删除/迁移表,保留当前失败与历史/replay边界；不按日期删除,True,True,e925aa876f304eba16b86cc0235c77b3d26d38780850c4e8498b431a9d9dfe95,纳入当前运行/Azure必需差异；实施前hash复核与限定同步
E:/projects/codex/aether/AgentJYS-main/tests/runtime/flows/test_remember_lcm_complete.py,tests/runtime/flows/test_remember_lcm_complete.py,必须保留：有效当前测试/合同/恢复证据,没有足够证据证明废弃；与旧实现完全绑定的测试另在删除/迁移表,保留当前失败与历史/replay边界；不按日期删除,True,True,e4318220c9b90c875aa229b870607b41accd73e447d8b4d87f070cf5e38bfa3a,纳入当前运行/Azure必需差异；实施前hash复核与限定同步
E:/projects/codex/aether/AgentJYS-main/tests/runtime/flows/test_remember_pipeline.py,tests/runtime/flows/test_remember_pipeline.py,必须保留有效断言；按表迁移后清除旧段落/旧文件,删除 test_celery_outbox_failure_retains_work_and_sends_only_task_id 的Broker形状；原待发工作保留与仅传ID的边界改由Temporal start intent/历史脱敏门禁验证。其他Remember断言保留。,当前测试保留；移除Celery专属段落并迁移夹具,True,True,88582a5a613983f562b2aa2144d18951b2b9763b6ff7f2625d53592161a139fc,纳入当前运行/Azure必需差异；实施前hash复核与限定同步
E:/projects/codex/aether/AgentJYS-main/tests/runtime/flows/test_remember_v3.py,tests/runtime/flows/test_remember_v3.py,必须保留当前测试；迁到Azure夹具,保留业务/故障/契约断言，metadata fixture改真实Azure PG；对象/向量/缓存业务fixture改真实后端；仅受控故障响应单独标识,逐例schema/prefix/collection隔离；当前失败不删；pytest collection与真实业务门禁必须执行，不用skip制造完成,True,True,269b3cb6a8a59c05d79818b975a4d2ef9f469fcf5d466b609f00553018471fb1,纳入当前运行/Azure必需差异；实施前hash复核与限定同步
E:/projects/codex/aether/AgentJYS-main/tests/runtime/flows/test_tenant_observability.py,tests/runtime/flows/test_tenant_observability.py,必须保留当前测试；迁到Azure夹具,保留业务/故障/契约断言，metadata fixture改真实Azure PG；对象/向量/缓存业务fixture改真实后端；仅受控故障响应单独标识,逐例schema/prefix/collection隔离；当前失败不删；pytest collection与真实业务门禁必须执行，不用skip制造完成,True,True,0b3fa226c612991b58f3b2dd6b1a05ae8e732447b5e3de137f35e5620e2a1168,纳入当前运行/Azure必需差异；实施前hash复核与限定同步
E:/projects/codex/aether/AgentJYS-main/tests/runtime/flows/test_working_provider_wiring.py,tests/runtime/flows/test_working_provider_wiring.py,必须保留有效断言；按表迁移后清除旧段落/旧文件,MilvusVectors 导入从兼容模块改到 runtime/flows/vector_adapters.py；projection_target 从 remember/basic/projection.py 导入；binding/shape/scope断言保留。,当前测试保留；迁移到当前Milvus owner导入与真实后端夹具,True,True,c25d24a7d53de41a65e1efab0aea946d0bd724d781819930518465a463852f1b,无此309路径差异；实施前仍检查新改动
E:/projects/codex/aether/AgentJYS-main/tests/runtime/flows/test_working_summaries.py,tests/runtime/flows/test_working_summaries.py,必须保留：有效当前测试/合同/恢复证据,没有足够证据证明废弃；与旧实现完全绑定的测试另在删除/迁移表,保留当前失败与历史/replay边界；不按日期删除,True,True,62e094881e81c981be0045f0491130cb3492fa0d8713b7e3e12fe239f8c06657,纳入当前运行/Azure必需差异；实施前hash复核与限定同步
E:/projects/codex/aether/AgentJYS-main/tests/runtime/flows/test_working_vector_projection.py,tests/runtime/flows/test_working_vector_projection.py,必须保留：有效当前测试/合同/恢复证据,没有足够证据证明废弃；与旧实现完全绑定的测试另在删除/迁移表,保留当前失败与历史/replay边界；不按日期删除,True,True,dd125bc9911d4b992e70fe524b8f0ea408d6087bef805ff4aa0c87bfa6b1e7da,无此309路径差异；实施前仍检查新改动
E:/projects/codex/aether/AgentJYS-main/tests/runtime/flows/test_working_vector_recall.py,tests/runtime/flows/test_working_vector_recall.py,必须保留：有效当前测试/合同/恢复证据,没有足够证据证明废弃；与旧实现完全绑定的测试另在删除/迁移表,保留当前失败与历史/replay边界；不按日期删除,True,True,ba8ba303c72eff9af56e60cc8fee4375432e1c70bc7fe386d2ecc0d6aa25e852,无此309路径差异；实施前仍检查新改动
E:/projects/codex/aether/AgentJYS-main/tests/runtime/native/conftest.py,tests/runtime/native/conftest.py,必须保留：有效当前测试/合同/恢复证据,没有足够证据证明废弃；与旧实现完全绑定的测试另在删除/迁移表,保留当前失败与历史/replay边界；不按日期删除,True,True,a06f5fd3b7a69eb6812e97d3ddc3bdd1edd0c54601812169c58b45189cfc7b93,无此309路径差异；实施前仍检查新改动
E:/projects/codex/aether/AgentJYS-main/tests/runtime/native/test_async_native_postgres.py,tests/runtime/native/test_async_native_postgres.py,必须保留：有效当前测试/合同/恢复证据,没有足够证据证明废弃；与旧实现完全绑定的测试另在删除/迁移表,保留当前失败与历史/replay边界；不按日期删除,False,True,,纳入当前运行/Azure必需差异；实施前hash复核与限定同步
E:/projects/codex/aether/AgentJYS-main/tests/runtime/native/test_native_adapter.py,tests/runtime/native/test_native_adapter.py,必须保留当前测试；迁到Azure夹具,保留业务/故障/契约断言，metadata fixture改真实Azure PG；对象/向量/缓存业务fixture改真实后端；仅受控故障响应单独标识,逐例schema/prefix/collection隔离；当前失败不删；pytest collection与真实业务门禁必须执行，不用skip制造完成,True,True,6f680f701d48beb07fcf2c847ad4ed7d0e73116f1660b65748dbbc54af39f2b9,无此309路径差异；实施前仍检查新改动
E:/projects/codex/aether/AgentJYS-main/tests/runtime/p3/conftest.py,tests/runtime/p3/conftest.py,必须保留：有效当前测试/合同/恢复证据,没有足够证据证明废弃；与旧实现完全绑定的测试另在删除/迁移表,保留当前失败与历史/replay边界；不按日期删除,True,True,0ccf3edc83bbe4f13d32b55e8302027fae14bd7776c6eb37d1cc9b600b6bcdc7,无此309路径差异；实施前仍检查新改动
E:/projects/codex/aether/AgentJYS-main/tests/runtime/p3/pytest.ini,tests/runtime/p3/pytest.ini,必须保留：有效当前测试/合同/恢复证据,没有足够证据证明废弃；与旧实现完全绑定的测试另在删除/迁移表,保留当前失败与历史/replay边界；不按日期删除,True,True,e426e9d19abc292755ba0193e87e40a93f26b61e87db8e131fe90288610e9aa7,无此309路径差异；实施前仍检查新改动
E:/projects/codex/aether/AgentJYS-main/tests/runtime/p3/test_foundation.py,tests/runtime/p3/test_foundation.py,必须保留当前测试；迁到Azure夹具,保留业务/故障/契约断言，metadata fixture改真实Azure PG；对象/向量/缓存业务fixture改真实后端；仅受控故障响应单独标识,逐例schema/prefix/collection隔离；当前失败不删；pytest collection与真实业务门禁必须执行，不用skip制造完成,True,True,bc7b477d786d6808a96a1cf2e49dd0b777f60228a19ae64484126ff8bc4c3e6c,无此309路径差异；实施前仍检查新改动
E:/projects/codex/aether/AgentJYS-main/tests/runtime/p3/test_monitor_responsiveness.py,tests/runtime/p3/test_monitor_responsiveness.py,必须保留：有效当前测试/合同/恢复证据,没有足够证据证明废弃；与旧实现完全绑定的测试另在删除/迁移表,保留当前失败与历史/replay边界；不按日期删除,True,True,d48be0cf477ac0243af5905ed918a9a30196da126cacf800c1590cf29605a61e,无此309路径差异；实施前仍检查新改动
E:/projects/codex/aether/AgentJYS-main/tests/runtime/p3/test_runtime_services.py,tests/runtime/p3/test_runtime_services.py,必须保留当前测试；迁到Azure夹具,保留业务/故障/契约断言，metadata fixture改真实Azure PG；对象/向量/缓存业务fixture改真实后端；仅受控故障响应单独标识,逐例schema/prefix/collection隔离；当前失败不删；pytest collection与真实业务门禁必须执行，不用skip制造完成,True,True,4dbcb6e90a58a8e6d0fa8fc736b879eed1850b75d456fdf34137ff090ef64c21,无此309路径差异；实施前仍检查新改动
E:/projects/codex/aether/AgentJYS-main/tests/runtime/p3/test_storage_interfaces.py,tests/runtime/p3/test_storage_interfaces.py,必须保留当前测试；迁到Azure夹具,保留业务/故障/契约断言，metadata fixture改真实Azure PG；对象/向量/缓存业务fixture改真实后端；仅受控故障响应单独标识,逐例schema/prefix/collection隔离；当前失败不删；pytest collection与真实业务门禁必须执行，不用skip制造完成,False,True,,纳入当前运行/Azure必需差异；实施前hash复核与限定同步
E:/projects/codex/aether/AgentJYS-main/tests/runtime/temporal/acceptance_scenarios.json,tests/runtime/temporal/acceptance_scenarios.json,必须保留：有效当前测试/合同/恢复证据,没有足够证据证明废弃；与旧实现完全绑定的测试另在删除/迁移表,保留当前失败与历史/replay边界；不按日期删除,True,True,4d320cfeee6fbf14077ed8350c66c20e93f6889b1f534202d5be77efedb13f28,无此309路径差异；实施前仍检查新改动
E:/projects/codex/aether/AgentJYS-main/tests/runtime/temporal/conftest.py,tests/runtime/temporal/conftest.py,必须保留：有效当前测试/合同/恢复证据,没有足够证据证明废弃；与旧实现完全绑定的测试另在删除/迁移表,保留当前失败与历史/replay边界；不按日期删除,True,True,f02253c55ce9893f0a6688f1da2440c4f40d735d97059d344710a6fef5fb85d4,无此309路径差异；实施前仍检查新改动
E:/projects/codex/aether/AgentJYS-main/tests/runtime/temporal/histories/README.md,tests/runtime/temporal/histories/README.md,必须保留：有效当前测试/合同/恢复证据,没有足够证据证明废弃；与旧实现完全绑定的测试另在删除/迁移表,保留当前失败与历史/replay边界；不按日期删除,True,True,f35a0cf4ffc37e6a844d74c217341169f7c17b34334dd834df93f9264c326d36,无此309路径差异；实施前仍检查新改动
E:/projects/codex/aether/AgentJYS-main/tests/runtime/temporal/histories/periodic-plan-v1.json,tests/runtime/temporal/histories/periodic-plan-v1.json,必须保留：有效当前测试/合同/恢复证据,没有足够证据证明废弃；与旧实现完全绑定的测试另在删除/迁移表,保留当前失败与历史/replay边界；不按日期删除,True,True,b4eaf2fa229329c943f0d485e1dafbb33c9f613fc2dfa28da611219afde7227b,无此309路径差异；实施前仍检查新改动
E:/projects/codex/aether/AgentJYS-main/tests/runtime/temporal/histories/task-plan-v1.json,tests/runtime/temporal/histories/task-plan-v1.json,必须保留：有效当前测试/合同/恢复证据,没有足够证据证明废弃；与旧实现完全绑定的测试另在删除/迁移表,保留当前失败与历史/replay边界；不按日期删除,True,True,664aed8e7c214457ec8e15b1373dda18adb9546192dfe8d256a1c46c7f33ad6a,无此309路径差异；实施前仍检查新改动
E:/projects/codex/aether/AgentJYS-main/tests/runtime/temporal/process_worker.py,tests/runtime/temporal/process_worker.py,必须保留当前测试；迁到Azure夹具,保留业务/故障/契约断言，metadata fixture改真实Azure PG；对象/向量/缓存业务fixture改真实后端；仅受控故障响应单独标识,逐例schema/prefix/collection隔离；当前失败不删；pytest collection与真实业务门禁必须执行，不用skip制造完成,True,True,85704ef84bdf7c6f396ff00357be64ddf431b4b5dbf5281f6a3492f362c800d3,纳入当前运行/Azure必需差异；实施前hash复核与限定同步
E:/projects/codex/aether/AgentJYS-main/tests/runtime/temporal/retired_rf_coverage.json,tests/runtime/temporal/retired_rf_coverage.json,必须保留：有效当前测试/合同/恢复证据,没有足够证据证明废弃；与旧实现完全绑定的测试另在删除/迁移表,保留当前失败与历史/replay边界；不按日期删除,True,True,0230ad89b10178e38cb0411c95ddb40a3b4a49ddf2656074100c70a85199aef6,无此309路径差异；实施前仍检查新改动
E:/projects/codex/aether/AgentJYS-main/tests/runtime/temporal/test_bridge.py,tests/runtime/temporal/test_bridge.py,必须保留：有效当前测试/合同/恢复证据,没有足够证据证明废弃；与旧实现完全绑定的测试另在删除/迁移表,保留当前失败与历史/replay边界；不按日期删除,True,True,2bea8cf0e53bca218e358c8cddca025b7a607097c15660fec431c20517c51c67,无此309路径差异；实施前仍检查新改动
E:/projects/codex/aether/AgentJYS-main/tests/runtime/temporal/test_control_admission.py,tests/runtime/temporal/test_control_admission.py,必须保留：有效当前测试/合同/恢复证据,没有足够证据证明废弃；与旧实现完全绑定的测试另在删除/迁移表,保留当前失败与历史/replay边界；不按日期删除,True,True,ed4e4f1fb81ecec3374c65cc55aebd6258fdbed41fa81d241d9604933dd3c0cc,纳入当前运行/Azure必需差异；实施前hash复核与限定同步
E:/projects/codex/aether/AgentJYS-main/tests/runtime/temporal/test_event_workflow.py,tests/runtime/temporal/test_event_workflow.py,必须保留：有效当前测试/合同/恢复证据,没有足够证据证明废弃；与旧实现完全绑定的测试另在删除/迁移表,保留当前失败与历史/replay边界；不按日期删除,True,True,36e805a08b28051318ac9447a787dc3bc7c277f50dfda4ce0511b6b609733626,无此309路径差异；实施前仍检查新改动
E:/projects/codex/aether/AgentJYS-main/tests/runtime/temporal/test_execution_coverage.py,tests/runtime/temporal/test_execution_coverage.py,必须保留：有效当前测试/合同/恢复证据,没有足够证据证明废弃；与旧实现完全绑定的测试另在删除/迁移表,保留当前失败与历史/replay边界；不按日期删除,True,True,0b6e61eef1768eef44d1453a9a4e90a240d85034e7af851574ab5b2f6357b28e,无此309路径差异；实施前仍检查新改动
E:/projects/codex/aether/AgentJYS-main/tests/runtime/temporal/test_execution_limits.py,tests/runtime/temporal/test_execution_limits.py,必须保留：有效当前测试/合同/恢复证据,没有足够证据证明废弃；与旧实现完全绑定的测试另在删除/迁移表,保留当前失败与历史/replay边界；不按日期删除,True,True,43e9fad8cabce081a4f18cbee994e81e25908a77264c419a35f269b1eb942ef5,无此309路径差异；实施前仍检查新改动
E:/projects/codex/aether/AgentJYS-main/tests/runtime/temporal/test_history_replay.py,tests/runtime/temporal/test_history_replay.py,必须保留：有效当前测试/合同/恢复证据,没有足够证据证明废弃；与旧实现完全绑定的测试另在删除/迁移表,保留当前失败与历史/replay边界；不按日期删除,True,True,8118d617e041af2d4322c31e95f5fadcbeb10d67459b38d0d8739689421b7075,无此309路径差异；实施前仍检查新改动
E:/projects/codex/aether/AgentJYS-main/tests/runtime/temporal/test_ingress.py,tests/runtime/temporal/test_ingress.py,必须保留当前测试；迁到Azure夹具,保留业务/故障/契约断言，metadata fixture改真实Azure PG；对象/向量/缓存业务fixture改真实后端；仅受控故障响应单独标识,逐例schema/prefix/collection隔离；当前失败不删；pytest collection与真实业务门禁必须执行，不用skip制造完成,True,True,e59e85c9539d50ddf334a18542d1ae5a99dc3cf5f2b2d58ffaf254e177eb6f78,纳入当前运行/Azure必需差异；实施前hash复核与限定同步
E:/projects/codex/aether/AgentJYS-main/tests/runtime/temporal/test_ledger.py,tests/runtime/temporal/test_ledger.py,必须保留当前测试；迁到Azure夹具,保留业务/故障/契约断言，metadata fixture改真实Azure PG；对象/向量/缓存业务fixture改真实后端；仅受控故障响应单独标识,逐例schema/prefix/collection隔离；当前失败不删；pytest collection与真实业务门禁必须执行，不用skip制造完成,True,True,cab0750213e929e7b6a4a5948a83a8cfbc13c9b21c613506d230fed069b11c15,无此309路径差异；实施前仍检查新改动
E:/projects/codex/aether/AgentJYS-main/tests/runtime/temporal/test_operate_workflow.py,tests/runtime/temporal/test_operate_workflow.py,必须保留：有效当前测试/合同/恢复证据,没有足够证据证明废弃；与旧实现完全绑定的测试另在删除/迁移表,保留当前失败与历史/replay边界；不按日期删除,True,True,05545bb212de0bbc4f302e42499c9df9e6ecf2b8efc8e479bf8fb76f7e97ff25,纳入当前运行/Azure必需差异；实施前hash复核与限定同步
E:/projects/codex/aether/AgentJYS-main/tests/runtime/temporal/test_periodic_retention.py,tests/runtime/temporal/test_periodic_retention.py,必须保留：有效当前测试/合同/恢复证据,没有足够证据证明废弃；与旧实现完全绑定的测试另在删除/迁移表,保留当前失败与历史/replay边界；不按日期删除,True,True,42383e84d16b94c7326bcdfb412d98aed32818a79f42645145df46d34b114147,无此309路径差异；实施前仍检查新改动
E:/projects/codex/aether/AgentJYS-main/tests/runtime/temporal/test_periodic_workflow.py,tests/runtime/temporal/test_periodic_workflow.py,必须保留共享能力；按清单清除废弃成员/引用,主目录+13行cadence守卫、+83行回归的全部语义,仅语义适配当前MetadataTransaction与异步实现，不覆盖主目录独有段落,True,True,7123df6e759d43a2b7a8f206b52aeb0e7389096819c682985afe726748519083,参考当前实现做限定合并/清理调整；按限定修改表，不整文件覆盖
E:/projects/codex/aether/AgentJYS-main/tests/runtime/temporal/test_pg_remote_workflow.py,tests/runtime/temporal/test_pg_remote_workflow.py,必须保留当前测试；迁到Azure夹具,保留业务/故障/契约断言，metadata fixture改真实Azure PG；对象/向量/缓存业务fixture改真实后端；仅受控故障响应单独标识,逐例schema/prefix/collection隔离；当前失败不删；pytest collection与真实业务门禁必须执行，不用skip制造完成,False,True,,纳入当前运行/Azure必需差异；实施前hash复核与限定同步
E:/projects/codex/aether/AgentJYS-main/tests/runtime/temporal/test_recall_workflow.py,tests/runtime/temporal/test_recall_workflow.py,必须保留当前测试；迁到Azure夹具,保留业务/故障/契约断言，metadata fixture改真实Azure PG；对象/向量/缓存业务fixture改真实后端；仅受控故障响应单独标识,逐例schema/prefix/collection隔离；当前失败不删；pytest collection与真实业务门禁必须执行，不用skip制造完成,True,True,65fa8d9fbdb9cfd45fd0e9e95e1c054ae930746135185c6b1ee242b0008496d6,无此309路径差异；实施前仍检查新改动
E:/projects/codex/aether/AgentJYS-main/tests/runtime/temporal/test_remember_workflows.py,tests/runtime/temporal/test_remember_workflows.py,必须保留当前测试；迁到Azure夹具,保留业务/故障/契约断言，metadata fixture改真实Azure PG；对象/向量/缓存业务fixture改真实后端；仅受控故障响应单独标识,逐例schema/prefix/collection隔离；当前失败不删；pytest collection与真实业务门禁必须执行，不用skip制造完成,True,True,c674b7b0e7776ada067837ec3a206bedaca52890980372bdfa96538d99a2dcec,无此309路径差异；实施前仍检查新改动
E:/projects/codex/aether/AgentJYS-main/tests/runtime/temporal/test_remote_bodies.py,tests/runtime/temporal/test_remote_bodies.py,必须保留当前测试；迁到Azure夹具,保留业务/故障/契约断言，metadata fixture改真实Azure PG；对象/向量/缓存业务fixture改真实后端；仅受控故障响应单独标识,逐例schema/prefix/collection隔离；当前失败不删；pytest collection与真实业务门禁必须执行，不用skip制造完成,False,True,,纳入当前运行/Azure必需差异；实施前hash复核与限定同步
E:/projects/codex/aether/AgentJYS-main/tests/runtime/temporal/test_remote_input_store.py,tests/runtime/temporal/test_remote_input_store.py,必须保留当前测试；迁到Azure夹具,保留业务/故障/契约断言，metadata fixture改真实Azure PG；对象/向量/缓存业务fixture改真实后端；仅受控故障响应单独标识,逐例schema/prefix/collection隔离；当前失败不删；pytest collection与真实业务门禁必须执行，不用skip制造完成,False,True,,纳入当前运行/Azure必需差异；实施前hash复核与限定同步
E:/projects/codex/aether/AgentJYS-main/tests/runtime/temporal/test_sample_workflow.py,tests/runtime/temporal/test_sample_workflow.py,必须保留：有效当前测试/合同/恢复证据,没有足够证据证明废弃；与旧实现完全绑定的测试另在删除/迁移表,保留当前失败与历史/replay边界；不按日期删除,True,True,053fd29784e9a27f6405a925ebadcca6620cb4f70b254c0d54f38f352662c242,无此309路径差异；实施前仍检查新改动
E:/projects/codex/aether/AgentJYS-main/tests/runtime/temporal/test_sdk_environment.py,tests/runtime/temporal/test_sdk_environment.py,必须保留：有效当前测试/合同/恢复证据,没有足够证据证明废弃；与旧实现完全绑定的测试另在删除/迁移表,保留当前失败与历史/replay边界；不按日期删除,True,True,2f2d02af4e6e00becdc10016b961ef92058ae9ac42099cd815541175a5b2202d,无此309路径差异；实施前仍检查新改动
E:/projects/codex/aether/AgentJYS-main/tests/runtime/temporal/test_slow_metadata.py,tests/runtime/temporal/test_slow_metadata.py,必须保留：有效当前测试/合同/恢复证据,没有足够证据证明废弃；与旧实现完全绑定的测试另在删除/迁移表,保留当前失败与历史/replay边界；不按日期删除,False,True,,纳入当前运行/Azure必需差异；实施前hash复核与限定同步
E:/projects/codex/aether/AgentJYS-main/tests/runtime/temporal/test_task_workflow.py,tests/runtime/temporal/test_task_workflow.py,必须保留：有效当前测试/合同/恢复证据,没有足够证据证明废弃；与旧实现完全绑定的测试另在删除/迁移表,保留当前失败与历史/replay边界；不按日期删除,True,True,537f24e49ea924c1acf251cd286ada38076989442785a20cd04a12d86dab939f,无此309路径差异；实施前仍检查新改动
E:/projects/codex/aether/AgentJYS-main/tests/runtime/temporal/test_temporal_demos.py,tests/runtime/temporal/test_temporal_demos.py,必须保留当前测试；迁到Azure夹具,保留业务/故障/契约断言，metadata fixture改真实Azure PG；对象/向量/缓存业务fixture改真实后端；仅受控故障响应单独标识,逐例schema/prefix/collection隔离；当前失败不删；pytest collection与真实业务门禁必须执行，不用skip制造完成,True,True,72e47bf50fa6a341d0f056c1f7fd75e78bb9d8d987a4436a68feebcab3148b54,纳入当前运行/Azure必需差异；实施前hash复核与限定同步
E:/projects/codex/aether/AgentJYS-main/tests/runtime/temporal/test_temporal_dev.py,tests/runtime/temporal/test_temporal_dev.py,必须保留：有效当前测试/合同/恢复证据,没有足够证据证明废弃；与旧实现完全绑定的测试另在删除/迁移表,保留当前失败与历史/replay边界；不按日期删除,True,True,846772ed9eb60e45ecadd0c88919934ad70e6596b127b948189a4bf315b4d3c2,无此309路径差异；实施前仍检查新改动
E:/projects/codex/aether/AgentJYS-main/tests/runtime/temporal/test_temporal_http.py,tests/runtime/temporal/test_temporal_http.py,必须保留：有效当前测试/合同/恢复证据,没有足够证据证明废弃；与旧实现完全绑定的测试另在删除/迁移表,保留当前失败与历史/replay边界；不按日期删除,True,True,c0958eac5a5411f398373baba642b160a28ca54177b3ceeb99c6e1ce06d8de1a,纳入当前运行/Azure必需差异；实施前hash复核与限定同步
E:/projects/codex/aether/AgentJYS-main/tests/runtime/temporal/test_temporal_migration.py,tests/runtime/temporal/test_temporal_migration.py,必须保留当前测试；迁到Azure夹具,旧数据迁移/只读检查场景保留；原数据创建限定测试路径,逐例schema/prefix/collection隔离；当前失败不删；pytest collection与真实业务门禁必须执行，不用skip制造完成,True,True,96226412b24367307c0bd4998c358ef06e52eefaa4925845253e37d303466624,无此309路径差异；实施前仍检查新改动
E:/projects/codex/aether/AgentJYS-main/tests/runtime/temporal/test_temporal_service.py,tests/runtime/temporal/test_temporal_service.py,必须保留：有效当前测试/合同/恢复证据,没有足够证据证明废弃；与旧实现完全绑定的测试另在删除/迁移表,保留当前失败与历史/replay边界；不按日期删除,True,True,509c480c74a2f9e419ec253160019e00d1ec9f9a82fcd5c2aec745c9cde8bf2d,纳入当前运行/Azure必需差异；实施前hash复核与限定同步
E:/projects/codex/aether/AgentJYS-main/tests/runtime/temporal/test_terminal_projection.py,tests/runtime/temporal/test_terminal_projection.py,必须保留：有效当前测试/合同/恢复证据,没有足够证据证明废弃；与旧实现完全绑定的测试另在删除/迁移表,保留当前失败与历史/replay边界；不按日期删除,True,True,e9ae1b4ab08c4b6a623555122351075bb1be04a8fc2bd1312e3de2b6069d2e9a,无此309路径差异；实施前仍检查新改动
E:/projects/codex/aether/AgentJYS-main/tests/runtime/temporal/test_worker_lock.py,tests/runtime/temporal/test_worker_lock.py,必须保留：有效当前测试/合同/恢复证据,没有足够证据证明废弃；与旧实现完全绑定的测试另在删除/迁移表,保留当前失败与历史/replay边界；不按日期删除,True,True,6779e6801dc82c5599a7d18dba028c5828c65a9bbf785f2506b4befa2b8546ff,无此309路径差异；实施前仍检查新改动
E:/projects/codex/aether/AgentJYS-main/tests/summary_demo_models.py,tests/summary_demo_models.py,必须保留：有效当前测试/合同/恢复证据,没有足够证据证明废弃；与旧实现完全绑定的测试另在删除/迁移表,保留当前失败与历史/replay边界；不按日期删除,False,True,,纳入当前运行/Azure必需差异；实施前hash复核与限定同步
E:/projects/codex/aether/AgentJYS-main/tests/temporal_test_support.py,tests/temporal_test_support.py,必须保留：有效当前测试/合同/恢复证据,没有足够证据证明废弃；与旧实现完全绑定的测试另在删除/迁移表,保留当前失败与历史/replay边界；不按日期删除,True,True,1107cdcc8a6bf21df26efb637003aee7e3876a87d34d6e25a758dd2c4b785147,纳入当前运行/Azure必需差异；实施前hash复核与限定同步
E:/projects/codex/aether/AgentJYS-main/tests/unit/__init__.py,tests/unit/__init__.py,必须保留：有效当前测试/合同/恢复证据,没有足够证据证明废弃；与旧实现完全绑定的测试另在删除/迁移表,保留当前失败与历史/replay边界；不按日期删除,True,True,e3b0c44298fc1c149afbf4c8996fb92427ae41e4649b934ca495991b7852b855,无此309路径差异；实施前仍检查新改动
E:/projects/codex/aether/AgentJYS-main/tests/unit/p4_demo/__init__.py,tests/unit/p4_demo/__init__.py,必须保留：有效当前测试/合同/恢复证据,没有足够证据证明废弃；与旧实现完全绑定的测试另在删除/迁移表,保留当前失败与历史/replay边界；不按日期删除,True,True,d34534ea6a35cb3fbc519e618f64920bc6431cda99c4cb889e3bac2c6a94e5f9,无此309路径差异；实施前仍检查新改动
E:/projects/codex/aether/AgentJYS-main/tests/unit/p4_demo/registry_support.py,tests/unit/p4_demo/registry_support.py,必须保留：有效当前测试/合同/恢复证据,没有足够证据证明废弃；与旧实现完全绑定的测试另在删除/迁移表,保留当前失败与历史/replay边界；不按日期删除,False,True,,纳入当前运行/Azure必需差异；实施前hash复核与限定同步
E:/projects/codex/aether/AgentJYS-main/tests/unit/p4_demo/support.py,tests/unit/p4_demo/support.py,必须保留：有效当前测试/合同/恢复证据,没有足够证据证明废弃；与旧实现完全绑定的测试另在删除/迁移表,保留当前失败与历史/replay边界；不按日期删除,True,True,f092b652579fbe7eed4717c235b0d8c8c4cbf3d2036255dbc73df95043739f12,纳入当前运行/Azure必需差异；实施前hash复核与限定同步
E:/projects/codex/aether/AgentJYS-main/tests/unit/p4_demo/test_configuration.py,tests/unit/p4_demo/test_configuration.py,必须保留：有效当前测试/合同/恢复证据,没有足够证据证明废弃；与旧实现完全绑定的测试另在删除/迁移表,保留当前失败与历史/replay边界；不按日期删除,True,True,8608b2bfa3789f8c9a04bd7ab36428539511382842bb91bd36e977a06c9a3a61,纳入当前运行/Azure必需差异；实施前hash复核与限定同步
E:/projects/codex/aether/AgentJYS-main/tests/unit/p4_demo/test_coverage.py,tests/unit/p4_demo/test_coverage.py,必须保留：有效当前测试/合同/恢复证据,没有足够证据证明废弃；与旧实现完全绑定的测试另在删除/迁移表,保留当前失败与历史/replay边界；不按日期删除,True,True,3c7be74e8737a5691f58bcf4799fc1d0967aacb49edad215ecf518dd6c9cb4ac,纳入当前运行/Azure必需差异；实施前hash复核与限定同步
E:/projects/codex/aether/AgentJYS-main/tests/unit/p4_demo/test_definition.py,tests/unit/p4_demo/test_definition.py,必须保留：有效当前测试/合同/恢复证据,没有足够证据证明废弃；与旧实现完全绑定的测试另在删除/迁移表,保留当前失败与历史/replay边界；不按日期删除,False,True,,纳入当前运行/Azure必需差异；实施前hash复核与限定同步
E:/projects/codex/aether/AgentJYS-main/tests/unit/p4_demo/test_execution_state.py,tests/unit/p4_demo/test_execution_state.py,必须保留：有效当前测试/合同/恢复证据,没有足够证据证明废弃；与旧实现完全绑定的测试另在删除/迁移表,保留当前失败与历史/replay边界；不按日期删除,False,True,,纳入当前运行/Azure必需差异；实施前hash复核与限定同步
E:/projects/codex/aether/AgentJYS-main/tests/unit/p4_demo/test_http.py,tests/unit/p4_demo/test_http.py,必须保留：有效当前测试/合同/恢复证据,没有足够证据证明废弃；与旧实现完全绑定的测试另在删除/迁移表,保留当前失败与历史/replay边界；不按日期删除,True,True,91904cf0f3907a48ba170b36c0a46810f58608fe058d5e900109686e6b378b98,纳入当前运行/Azure必需差异；实施前hash复核与限定同步
E:/projects/codex/aether/AgentJYS-main/tests/unit/p4_demo/test_interface_evidence.py,tests/unit/p4_demo/test_interface_evidence.py,必须保留：有效当前测试/合同/恢复证据,没有足够证据证明废弃；与旧实现完全绑定的测试另在删除/迁移表,保留当前失败与历史/replay边界；不按日期删除,True,True,a7cb829bad4bf40cf650550d1f3f178b4ca1b1eb0c1cfd6cb6e0925c3a25b797,无此309路径差异；实施前仍检查新改动
E:/projects/codex/aether/AgentJYS-main/tests/unit/p4_demo/test_reconciliation.py,tests/unit/p4_demo/test_reconciliation.py,必须保留：有效当前测试/合同/恢复证据,没有足够证据证明废弃；与旧实现完全绑定的测试另在删除/迁移表,保留当前失败与历史/replay边界；不按日期删除,False,True,,纳入当前运行/Azure必需差异；实施前hash复核与限定同步
E:/projects/codex/aether/AgentJYS-main/tests/unit/p4_demo/test_registry.py,tests/unit/p4_demo/test_registry.py,必须保留：有效当前测试/合同/恢复证据,没有足够证据证明废弃；与旧实现完全绑定的测试另在删除/迁移表,保留当前失败与历史/replay边界；不按日期删除,False,True,,纳入当前运行/Azure必需差异；实施前hash复核与限定同步
E:/projects/codex/aether/AgentJYS-main/tests/unit/p4_demo/test_runner.py,tests/unit/p4_demo/test_runner.py,必须保留：有效当前测试/合同/恢复证据,没有足够证据证明废弃；与旧实现完全绑定的测试另在删除/迁移表,保留当前失败与历史/replay边界；不按日期删除,True,True,cd7bf7ddc65b15807aa006f684d60a164c238385097b746deee7c37404d18a6a,纳入当前运行/Azure必需差异；实施前hash复核与限定同步
E:/projects/codex/aether/AgentJYS-main/tests/unit/p4_demo/test_service.py,tests/unit/p4_demo/test_service.py,必须保留：有效当前测试/合同/恢复证据,没有足够证据证明废弃；与旧实现完全绑定的测试另在删除/迁移表,保留当前失败与历史/replay边界；不按日期删除,True,True,b5a3eb767520452d048c67c748462f923895361eb02f73ab0a7f68dfbc8a4b11,纳入当前运行/Azure必需差异；实施前hash复核与限定同步
E:/projects/codex/aether/AgentJYS-main/tests/unit/p4_demo/test_story_catalog.py,tests/unit/p4_demo/test_story_catalog.py,必须保留：有效当前测试/合同/恢复证据,没有足够证据证明废弃；与旧实现完全绑定的测试另在删除/迁移表,保留当前失败与历史/replay边界；不按日期删除,True,True,26ab785a3a53dfd9b803d1524580d6a0acca965ef0571cc0b9576a09d05fad82,无此309路径差异；实施前仍检查新改动
E:/projects/codex/aether/AgentJYS-main/tests/unit/p4_demo/test_story_diagnostics.py,tests/unit/p4_demo/test_story_diagnostics.py,必须保留：有效当前测试/合同/恢复证据,没有足够证据证明废弃；与旧实现完全绑定的测试另在删除/迁移表,保留当前失败与历史/replay边界；不按日期删除,True,True,98313d9cb97f13958673bdc71972a1a7dbca5cff137c9905ff516abb9d736a36,纳入当前运行/Azure必需差异；实施前hash复核与限定同步
E:/projects/codex/aether/AgentJYS-main/tests/unit/p4_demo/test_story_distill.py,tests/unit/p4_demo/test_story_distill.py,必须保留：有效当前测试/合同/恢复证据,没有足够证据证明废弃；与旧实现完全绑定的测试另在删除/迁移表,保留当前失败与历史/replay边界；不按日期删除,True,True,df718158f7dc5b93f5d0bcf3958fe6843292121bdbb9ffa9a6cbff907057069c,纳入当前运行/Azure必需差异；实施前hash复核与限定同步
E:/projects/codex/aether/AgentJYS-main/tests/unit/p4_demo/test_story_invalidation.py,tests/unit/p4_demo/test_story_invalidation.py,必须保留：有效当前测试/合同/恢复证据,没有足够证据证明废弃；与旧实现完全绑定的测试另在删除/迁移表,保留当前失败与历史/replay边界；不按日期删除,True,True,e04c993e7cf1b47d87ec0d7e443a7b1938dc1a0aaaef0781d90d8c1dc9f7b884,纳入当前运行/Azure必需差异；实施前hash复核与限定同步
E:/projects/codex/aether/AgentJYS-main/tests/unit/p4_demo/test_story_summary.py,tests/unit/p4_demo/test_story_summary.py,必须保留：有效当前测试/合同/恢复证据,没有足够证据证明废弃；与旧实现完全绑定的测试另在删除/迁移表,保留当前失败与历史/replay边界；不按日期删除,True,True,db07794644dca8731bebb5a1a5764768f16a1ad5fd33e4e4d33e6e74c9273d91,纳入当前运行/Azure必需差异；实施前hash复核与限定同步
E:/projects/codex/aether/AgentJYS-main/tests/unit/p4_validation/__init__.py,tests/unit/p4_validation/__init__.py,必须保留：有效当前测试/合同/恢复证据,没有足够证据证明废弃；与旧实现完全绑定的测试另在删除/迁移表,保留当前失败与历史/replay边界；不按日期删除,True,True,41056e03bea5d52115dc6c40b03bf656af2ff3728012ea81c9bd76f0a7b07090,无此309路径差异；实施前仍检查新改动
E:/projects/codex/aether/AgentJYS-main/tests/unit/p4_validation/test_adapter_models.py,tests/unit/p4_validation/test_adapter_models.py,必须保留：有效当前测试/合同/恢复证据,没有足够证据证明废弃；与旧实现完全绑定的测试另在删除/迁移表,保留当前失败与历史/replay边界；不按日期删除,True,True,a9206a0e3f3e5be8e2490635904b32e9244cb99129f7b47429ad52eda5684adf,无此309路径差异；实施前仍检查新改动
E:/projects/codex/aether/AgentJYS-main/tests/unit/p4_validation/test_client.py,tests/unit/p4_validation/test_client.py,必须保留：有效当前测试/合同/恢复证据,没有足够证据证明废弃；与旧实现完全绑定的测试另在删除/迁移表,保留当前失败与历史/replay边界；不按日期删除,True,True,68925fb95201f787970fb4c56a7de34736c00e080f01ffd3ef141424aedaf0cb,无此309路径差异；实施前仍检查新改动
E:/projects/codex/aether/AgentJYS-main/tests/unit/p4_validation/test_client_admission.py,tests/unit/p4_validation/test_client_admission.py,必须保留：有效当前测试/合同/恢复证据,没有足够证据证明废弃；与旧实现完全绑定的测试另在删除/迁移表,保留当前失败与历史/replay边界；不按日期删除,False,True,,纳入当前运行/Azure必需差异；实施前hash复核与限定同步
E:/projects/codex/aether/AgentJYS-main/tests/unit/p4_validation/test_client_inputs.py,tests/unit/p4_validation/test_client_inputs.py,必须保留：有效当前测试/合同/恢复证据,没有足够证据证明废弃；与旧实现完全绑定的测试另在删除/迁移表,保留当前失败与历史/replay边界；不按日期删除,False,True,,纳入当前运行/Azure必需差异；实施前hash复核与限定同步
E:/projects/codex/aether/AgentJYS-main/tests/unit/p4_validation/test_client_recoveries.py,tests/unit/p4_validation/test_client_recoveries.py,必须保留：有效当前测试/合同/恢复证据,没有足够证据证明废弃；与旧实现完全绑定的测试另在删除/迁移表,保留当前失败与历史/replay边界；不按日期删除,False,True,,纳入当前运行/Azure必需差异；实施前hash复核与限定同步
E:/projects/codex/aether/AgentJYS-main/tests/unit/p4_validation/test_client_states.py,tests/unit/p4_validation/test_client_states.py,必须保留：有效当前测试/合同/恢复证据,没有足够证据证明废弃；与旧实现完全绑定的测试另在删除/迁移表,保留当前失败与历史/replay边界；不按日期删除,False,True,,纳入当前运行/Azure必需差异；实施前hash复核与限定同步
E:/projects/codex/aether/AgentJYS-main/tests/unit/p4_validation/test_client_transfers.py,tests/unit/p4_validation/test_client_transfers.py,必须保留：有效当前测试/合同/恢复证据,没有足够证据证明废弃；与旧实现完全绑定的测试另在删除/迁移表,保留当前失败与历史/replay边界；不按日期删除,False,True,,纳入当前运行/Azure必需差异；实施前hash复核与限定同步
E:/projects/codex/aether/AgentJYS-main/tests/unit/p4_validation/test_configured_probe_budget.py,tests/unit/p4_validation/test_configured_probe_budget.py,必须保留：有效当前测试/合同/恢复证据,没有足够证据证明废弃；与旧实现完全绑定的测试另在删除/迁移表,保留当前失败与历史/replay边界；不按日期删除,False,True,,纳入当前运行/Azure必需差异；实施前hash复核与限定同步
E:/projects/codex/aether/AgentJYS-main/tests/unit/p4_validation/test_mutation_lookup.py,tests/unit/p4_validation/test_mutation_lookup.py,必须保留：有效当前测试/合同/恢复证据,没有足够证据证明废弃；与旧实现完全绑定的测试另在删除/迁移表,保留当前失败与历史/replay边界；不按日期删除,False,True,,纳入当前运行/Azure必需差异；实施前hash复核与限定同步
E:/projects/codex/aether/AgentJYS-main/tests/unit/p4_validation/test_mutation_results.py,tests/unit/p4_validation/test_mutation_results.py,必须保留：有效当前测试/合同/恢复证据,没有足够证据证明废弃；与旧实现完全绑定的测试另在删除/迁移表,保留当前失败与历史/replay边界；不按日期删除,False,True,,纳入当前运行/Azure必需差异；实施前hash复核与限定同步
E:/projects/codex/aether/AgentJYS-main/tests/unit/p4_validation/test_operation_lookup.py,tests/unit/p4_validation/test_operation_lookup.py,必须保留：有效当前测试/合同/恢复证据,没有足够证据证明废弃；与旧实现完全绑定的测试另在删除/迁移表,保留当前失败与历史/replay边界；不按日期删除,False,True,,纳入当前运行/Azure必需差异；实施前hash复核与限定同步
E:/projects/codex/aether/AgentJYS-main/tests/unit/p4_validation/test_operations.py,tests/unit/p4_validation/test_operations.py,必须保留：有效当前测试/合同/恢复证据,没有足够证据证明废弃；与旧实现完全绑定的测试另在删除/迁移表,保留当前失败与历史/replay边界；不按日期删除,True,True,55506646d00e9cbb424d283e6be812252df98f90eac979c9f840499d7f40d8f6,无此309路径差异；实施前仍检查新改动
E:/projects/codex/aether/AgentJYS-main/tests/unit/p4_validation/test_read_budget.py,tests/unit/p4_validation/test_read_budget.py,必须保留：有效当前测试/合同/恢复证据,没有足够证据证明废弃；与旧实现完全绑定的测试另在删除/迁移表,保留当前失败与历史/replay边界；不按日期删除,False,True,,纳入当前运行/Azure必需差异；实施前hash复核与限定同步
E:/projects/codex/aether/AgentJYS-main/tests/unit/p4_validation/test_recovery_read_head.py,tests/unit/p4_validation/test_recovery_read_head.py,必须保留：有效当前测试/合同/恢复证据,没有足够证据证明废弃；与旧实现完全绑定的测试另在删除/迁移表,保留当前失败与历史/replay边界；不按日期删除,False,True,,纳入当前运行/Azure必需差异；实施前hash复核与限定同步
E:/projects/codex/aether/AgentJYS-main/tests/unit/p4_validation/test_request_binding.py,tests/unit/p4_validation/test_request_binding.py,必须保留：有效当前测试/合同/恢复证据,没有足够证据证明废弃；与旧实现完全绑定的测试另在删除/迁移表,保留当前失败与历史/replay边界；不按日期删除,False,True,,纳入当前运行/Azure必需差异；实施前hash复核与限定同步
E:/projects/codex/aether/AgentJYS-main/tests/unit/p4_validation/test_request_confirmation.py,tests/unit/p4_validation/test_request_confirmation.py,必须保留：有效当前测试/合同/恢复证据,没有足够证据证明废弃；与旧实现完全绑定的测试另在删除/迁移表,保留当前失败与历史/replay边界；不按日期删除,False,True,,纳入当前运行/Azure必需差异；实施前hash复核与限定同步
E:/projects/codex/aether/AgentJYS-main/tests/unit/p4_validation/test_story_client.py,tests/unit/p4_validation/test_story_client.py,必须保留：有效当前测试/合同/恢复证据,没有足够证据证明废弃；与旧实现完全绑定的测试另在删除/迁移表,保留当前失败与历史/replay边界；不按日期删除,True,True,4f492c71287ab7db4ea94ad2d4cc06edd24a9505e1372b7f6a1b57e5ed115499,无此309路径差异；实施前仍检查新改动
E:/projects/codex/aether/AgentJYS-main/tests/unit/recall/__init__.py,tests/unit/recall/__init__.py,必须保留：有效当前测试/合同/恢复证据,没有足够证据证明废弃；与旧实现完全绑定的测试另在删除/迁移表,保留当前失败与历史/replay边界；不按日期删除,True,True,e3b0c44298fc1c149afbf4c8996fb92427ae41e4649b934ca495991b7852b855,无此309路径差异；实施前仍检查新改动
E:/projects/codex/aether/AgentJYS-main/tests/unit/recall/helpers.py,tests/unit/recall/helpers.py,必须保留：有效当前测试/合同/恢复证据,没有足够证据证明废弃；与旧实现完全绑定的测试另在删除/迁移表,保留当前失败与历史/replay边界；不按日期删除,True,True,bb983cff4a79ec8e82557605928d724a79783c1004176aa906119af9cd7b92c3,无此309路径差异；实施前仍检查新改动
E:/projects/codex/aether/AgentJYS-main/tests/unit/recall/test_admission.py,tests/unit/recall/test_admission.py,必须保留当前测试；迁到Azure夹具,保留业务/故障/契约断言，metadata fixture改真实Azure PG；对象/向量/缓存业务fixture改真实后端；仅受控故障响应单独标识,逐例schema/prefix/collection隔离；当前失败不删；pytest collection与真实业务门禁必须执行，不用skip制造完成,True,True,5b97caed3dc6d688717b0e9074370e15e729c91ef2fdd1382fefbf55150978ca,无此309路径差异；实施前仍检查新改动
E:/projects/codex/aether/AgentJYS-main/tests/unit/recall/test_architecture.py,tests/unit/recall/test_architecture.py,必须保留有效断言；按表迁移后清除旧段落/旧文件,保留 test_recall_imports_only_canonical_modules 和 test_flow_runs_with_legacy_packages_blocked；删除 test_legacy_paths_export_canonical_implementations。,保留canonical架构门禁；仅删除旧路径参数组,True,True,53584604851fcd998ba7647297a6f7d12b1c5039d9ef8c8c0fb785ea3430ce22,无此309路径差异；实施前仍检查新改动
E:/projects/codex/aether/AgentJYS-main/tests/unit/recall/test_boundaries.py,tests/unit/recall/test_boundaries.py,必须保留当前测试；迁到Azure夹具,保留业务/故障/契约断言，metadata fixture改真实Azure PG；对象/向量/缓存业务fixture改真实后端；仅受控故障响应单独标识,逐例schema/prefix/collection隔离；当前失败不删；pytest collection与真实业务门禁必须执行，不用skip制造完成,True,True,209db257435bda3a9a1cc9e54275c5b9d22da412b321dbbe20d05ed16109cc31,无此309路径差异；实施前仍检查新改动
E:/projects/codex/aether/AgentJYS-main/tests/unit/recall/test_contracts.py,tests/unit/recall/test_contracts.py,必须保留有效断言；按表迁移后清除旧段落/旧文件,64字段清单、nullable project、ByteRange、JCS、绑定摘要和完成证据断言全部保留；scope project 直接验证 canonical Scope 往返。,原文件保留；仅移除旧 RequestContext/require_agent_scope 段落,True,True,e2c895f35ecad2bf6359f90dd0f482ff14ed650e7f726486994a29888067afd4,无此309路径差异；实施前仍检查新改动
E:/projects/codex/aether/AgentJYS-main/tests/unit/recall/test_embedding.py,tests/unit/recall/test_embedding.py,必须保留当前测试；迁到Azure夹具,保留业务/故障/契约断言，metadata fixture改真实Azure PG；对象/向量/缓存业务fixture改真实后端；仅受控故障响应单独标识,逐例schema/prefix/collection隔离；当前失败不删；pytest collection与真实业务门禁必须执行，不用skip制造完成,True,True,7f8eba48b1fc60fb0fcbcae1f059197bf914cecd2c3fc4505ec4dc6c83a0caa4,无此309路径差异；实施前仍检查新改动
E:/projects/codex/aether/AgentJYS-main/tests/unit/recall/test_execution_skeleton.py,tests/unit/recall/test_execution_skeleton.py,必须保留：有效当前测试/合同/恢复证据,没有足够证据证明废弃；与旧实现完全绑定的测试另在删除/迁移表,保留当前失败与历史/replay边界；不按日期删除,True,True,af63ca586ec626286c5ec15fe25d5686a24f793863adc8c4a20a0d9e1493c0bf,无此309路径差异；实施前仍检查新改动
E:/projects/codex/aether/AgentJYS-main/tests/unit/recall/test_native_embedding.py,tests/unit/recall/test_native_embedding.py,必须保留有效断言；按表迁移后清除旧段落/旧文件,保留真实模型绑定、token、deadline、取消、槽位和拒绝错误向量断言。,原文件保留；只删除 test_legacy_backend_module_is_the_canonical_implementation,True,True,675360771287ac02ebfe753b136c04535fa7cebb0c871038703431c85538b496,无此309路径差异；实施前仍检查新改动
E:/projects/codex/aether/AgentJYS-main/tests/unit/recall/test_provider.py,tests/unit/recall/test_provider.py,必须保留有效断言；按表迁移后清除旧段落/旧文件,保留 provider ACK 不等于 READY、proto 可选字段、原始对象元数据、删除栅栏和丢响应回查；SQLiteCapabilityStore 夹具改隔离 PG。,原文件保留；删除退休 Sidecar 专属段落并替换持久夹具,True,True,49a41e08c9d383890382ffbd5edd9476e607042da93643619ab2edd440958572,无此309路径差异；实施前仍检查新改动
E:/projects/codex/aether/AgentJYS-main/tests/unit/recall/test_query.py,tests/unit/recall/test_query.py,必须保留当前测试；迁到Azure夹具,保留业务/故障/契约断言，metadata fixture改真实Azure PG；对象/向量/缓存业务fixture改真实后端；仅受控故障响应单独标识,逐例schema/prefix/collection隔离；当前失败不删；pytest collection与真实业务门禁必须执行，不用skip制造完成,True,True,3a528695ee1cf0fd44aa3c18a2fd19d5ce04951e9dd773658267c7eb210d026f,无此309路径差异；实施前仍检查新改动
E:/projects/codex/aether/AgentJYS-main/tests/unit/recall/test_working_p2_search.py,tests/unit/recall/test_working_p2_search.py,必须保留：有效当前测试/合同/恢复证据,没有足够证据证明废弃；与旧实现完全绑定的测试另在删除/迁移表,保留当前失败与历史/replay边界；不按日期删除,True,True,91b7c71d7e5749f78dbda8d7e69fb9b014d6a913785ee58499024b2a48279b53,无此309路径差异；实施前仍检查新改动
E:/projects/codex/aether/AgentJYS-main/tests/unit/test_access_trace.py,tests/unit/test_access_trace.py,必须保留有效断言；按表迁移后清除旧段落/旧文件,保留批量trace不重复、scope/identifier保持、日志故障不影响业务；旧 AccessTraceAdapter 的形状和 fallback 调用次数退出。,迁移有效断言后删除旧适配器测试,True,True,5357314331f19a8c74ea2c26862978fe57c3b8decd4078e6a53747690d86d143,无此309路径差异；实施前仍检查新改动
E:/projects/codex/aether/AgentJYS-main/tests/unit/test_action_log.py,tests/unit/test_action_log.py,必须保留有效断言；按表迁移后清除旧段落/旧文件,保留回执持久重开、跨scope不可读、日志故障不回滚业务；原 RedisActionLog 退出。,迁移有效断言后删除旧日志测试,True,True,b2ef79aa35dbc0ce75e7931c79561cf5e4e2f99d5bdf46d2ca113fe655d07344,无此309路径差异；实施前仍检查新改动
E:/projects/codex/aether/AgentJYS-main/tests/unit/test_app_contract.py,tests/unit/test_app_contract.py,需要确认：旧实现专属测试退役,旧接口路径/Mock输出形状/独立Sidecar-Celery装配不保留；仍有效的授权、版本、TTL、故障保护和回执约束迁至下列当前门禁，不声称新旧产品接口等同。,随退休实现整文件删除；有效横向断言按本表迁移,True,True,5de5db4aeae4064af28f3c77a2811291a627847272f5d550878365ec3d12def6,无此309路径差异；实施前仍检查新改动
E:/projects/codex/aether/AgentJYS-main/tests/unit/test_app_settings.py,tests/unit/test_app_settings.py,需要确认：旧实现专属测试退役,旧接口路径/Mock输出形状/独立Sidecar-Celery装配不保留；仍有效的授权、版本、TTL、故障保护和回执约束迁至下列当前门禁，不声称新旧产品接口等同。,随退休实现整文件删除；有效横向断言按本表迁移,True,True,aac842b043b146c11eb3916e32a6524323ba11b8726f921b0d2ce7c7a4e2f66a,废弃项不从参考来源导入；目标现有文件按删除清单处理
E:/projects/codex/aether/AgentJYS-main/tests/unit/test_architecture_layers.py,tests/unit/test_architecture_layers.py,必须保留有效断言；按表迁移后清除旧段落/旧文件,把禁止HTTP引用具体基础设施、领域只依赖port、provider显式配置门禁改到 runtime/flows、contracts、storage；原 b2/b3/api 层路径断言删除。,迁到当前边界门禁后删除旧路径测试,True,True,7ea145cfdc5b8b133e8fa698ef360f82dee0602273457c4b89a47dd9bfcb5f54,无此309路径差异；实施前仍检查新改动
E:/projects/codex/aether/AgentJYS-main/tests/unit/test_b1_backends.py,tests/unit/test_b1_backends.py,必须保留有效断言；按表迁移后清除旧段落/旧文件,2个 OpenVINO 批次顺序/已有 INT8 模型不重新量化用例原样迁移，只改 canonical import；仍是受控引擎边界测试。,有效断言迁到 tests/unit/recall/test_backends.py 后删除旧文件,True,True,d0276377db988f9688048922086fc1f1e7d48d05c38e99982e1cb04f8b522183,无此309路径差异；实施前仍检查新改动
E:/projects/codex/aether/AgentJYS-main/tests/unit/test_b1_batching.py,tests/unit/test_b1_batching.py,需要确认：旧实现专属测试退役,旧接口路径/Mock输出形状/独立Sidecar-Celery装配不保留；仍有效的授权、版本、TTL、故障保护和回执约束迁至下列当前门禁，不声称新旧产品接口等同。,随退休实现整文件删除；有效横向断言按本表迁移,True,True,023d963b2b364c1117ad7860528b769c21792170389e907177b383294e684ac8,无此309路径差异；实施前仍检查新改动
E:/projects/codex/aether/AgentJYS-main/tests/unit/test_b1_dataset_runner.py,tests/unit/test_b1_dataset_runner.py,需要确认：旧实现专属测试退役,旧接口路径/Mock输出形状/独立Sidecar-Celery装配不保留；仍有效的授权、版本、TTL、故障保护和回执约束迁至下列当前门禁，不声称新旧产品接口等同。,随退休实现整文件删除；有效横向断言按本表迁移,True,True,75ea417965bcc688e54b1fdb24cdd00fa478c44970a17f3088629fd5df6bb033,无此309路径差异；实施前仍检查新改动
E:/projects/codex/aether/AgentJYS-main/tests/unit/test_b1_openvino_production_binding.py,tests/unit/test_b1_openvino_production_binding.py,需要确认：旧实现专属测试退役,旧接口路径/Mock输出形状/独立Sidecar-Celery装配不保留；仍有效的授权、版本、TTL、故障保护和回执约束迁至下列当前门禁，不声称新旧产品接口等同。,随退休实现整文件删除；有效横向断言按本表迁移,True,True,325a3614d50d937eaf6bb6f49fb14f1925b57e2be966103e1bfdbefe279c0d4e,废弃项不从参考来源导入；目标现有文件按删除清单处理
E:/projects/codex/aether/AgentJYS-main/tests/unit/test_b1_pipeline.py,tests/unit/test_b1_pipeline.py,需要确认：旧实现专属测试退役,旧接口路径/Mock输出形状/独立Sidecar-Celery装配不保留；仍有效的授权、版本、TTL、故障保护和回执约束迁至下列当前门禁，不声称新旧产品接口等同。,随退休实现整文件删除；有效横向断言按本表迁移,True,True,09b4291d653918bdc4c368252aaff3e107b557593df89dd9ee023556af293da6,无此309路径差异；实施前仍检查新改动
E:/projects/codex/aether/AgentJYS-main/tests/unit/test_b1_sidecar.py,tests/unit/test_b1_sidecar.py,需要确认：旧实现专属测试退役,旧接口路径/Mock输出形状/独立Sidecar-Celery装配不保留；仍有效的授权、版本、TTL、故障保护和回执约束迁至下列当前门禁，不声称新旧产品接口等同。,随退休实现整文件删除；有效横向断言按本表迁移,True,True,0eb83d30db967d76b8fe19ccc18ec2875acf4260ab648df5bd47550f8ae18efb,无此309路径差异；实施前仍检查新改动
E:/projects/codex/aether/AgentJYS-main/tests/unit/test_b1_sidecar_client.py,tests/unit/test_b1_sidecar_client.py,需要确认：旧实现专属测试退役,旧接口路径/Mock输出形状/独立Sidecar-Celery装配不保留；仍有效的授权、版本、TTL、故障保护和回执约束迁至下列当前门禁，不声称新旧产品接口等同。,随退休实现整文件删除；有效横向断言按本表迁移,True,True,8366d3b012be23674e76c42694d8fa252587a3cc89bd4c891cba6f980b9beff8,无此309路径差异；实施前仍检查新改动
E:/projects/codex/aether/AgentJYS-main/tests/unit/test_b2_b1_client.py,tests/unit/test_b2_b1_client.py,需要确认：旧实现专属测试退役,旧接口路径/Mock输出形状/独立Sidecar-Celery装配不保留；仍有效的授权、版本、TTL、故障保护和回执约束迁至下列当前门禁，不声称新旧产品接口等同。,随退休实现整文件删除；有效横向断言按本表迁移,True,True,368963b23b8786a8851d54b923686a4c90763379de5bf1337212a6641ba42075,无此309路径差异；实施前仍检查新改动
E:/projects/codex/aether/AgentJYS-main/tests/unit/test_b2_long_text.py,tests/unit/test_b2_long_text.py,必须保留有效断言；按表迁移后清除旧段落/旧文件,保留完整原文覆盖、Unicode/overlap 及非法策略拒绝；旧 B2 chunk 函数退出。,迁移后删除旧文件,True,True,71aacea05902644d39b60c09c1260d1b94f96735ee2a06c6bf50702ea804cd6f,无此309路径差异；实施前仍检查新改动
E:/projects/codex/aether/AgentJYS-main/tests/unit/test_b2_p2_bridge.py,tests/unit/test_b2_p2_bridge.py,需要确认：旧实现专属测试退役,旧接口路径/Mock输出形状/独立Sidecar-Celery装配不保留；仍有效的授权、版本、TTL、故障保护和回执约束迁至下列当前门禁，不声称新旧产品接口等同。,随退休实现整文件删除；有效横向断言按本表迁移,True,True,50d03d41bd0ff2f2e5d7e58de2f1c2b554312b1028525472271f5c85ea3700f6,无此309路径差异；实施前仍检查新改动
E:/projects/codex/aether/AgentJYS-main/tests/unit/test_b2_service.py,tests/unit/test_b2_service.py,需要确认：旧实现专属测试退役,旧接口路径/Mock输出形状/独立Sidecar-Celery装配不保留；仍有效的授权、版本、TTL、故障保护和回执约束迁至下列当前门禁，不声称新旧产品接口等同。,随退休实现整文件删除；有效横向断言按本表迁移,True,True,651c41df3b71b9a5c2942d284f9a63ec106e02019a0b11b78af37a0d8eb5d9d0,无此309路径差异；实施前仍检查新改动
E:/projects/codex/aether/AgentJYS-main/tests/unit/test_b2_text_classifier.py,tests/unit/test_b2_text_classifier.py,必须保留有效断言；按表迁移后清除旧段落/旧文件,旧分类 category/confidence 与关键词规则退出；空白输入拒绝、工具/文档/会话 provenance 在当前 SourceInput/真实提取用例覆盖，不能声称两算法分类语义相同。,删除旧关键词分类器测试；在当前提取契约保留有效输入边界,True,True,f79fb42bf9b40804d62bea8a08e1154bce485a3ac4d648fd57cfdc4a2c59fed5,无此309路径差异；实施前仍检查新改动
E:/projects/codex/aether/AgentJYS-main/tests/unit/test_b3_application_scope.py,tests/unit/test_b3_application_scope.py,必须保留有效断言；按表迁移后清除旧段落/旧文件,保留跨租户候选在产生动作前拒绝、scoped日志；legacy unscoped permissive 用例退出。,迁移有效断言后删除旧 B3 用例,True,True,455eff2d8ef470cc3a95d0a8c4cb2e0f6d168b5217cee911954c30f0b566bb76,无此309路径差异；实施前仍检查新改动
E:/projects/codex/aether/AgentJYS-main/tests/unit/test_b3_scheduler.py,tests/unit/test_b3_scheduler.py,需要确认：旧实现专属测试退役,旧接口路径/Mock输出形状/独立Sidecar-Celery装配不保留；仍有效的授权、版本、TTL、故障保护和回执约束迁至下列当前门禁，不声称新旧产品接口等同。,随退休实现整文件删除；有效横向断言按本表迁移,True,True,19a6c2f79bb339d004a73175d196477472e708d74f3e3e14c0f86d9cf4758420,无此309路径差异；实施前仍检查新改动
E:/projects/codex/aether/AgentJYS-main/tests/unit/test_b3_shadow.py,tests/unit/test_b3_shadow.py,需要确认：旧实现专属测试退役,旧接口路径/Mock输出形状/独立Sidecar-Celery装配不保留；仍有效的授权、版本、TTL、故障保护和回执约束迁至下列当前门禁，不声称新旧产品接口等同。,随退休实现整文件删除；有效横向断言按本表迁移,True,True,4539bf0c647c97c9637e7f3f03576f683d3e8fa3cb2f5b60490c1df64c901588,无此309路径差异；实施前仍检查新改动
E:/projects/codex/aether/AgentJYS-main/tests/unit/test_celery_store_lifecycle.py,tests/unit/test_celery_store_lifecycle.py,需要确认：旧实现专属测试退役,旧接口路径/Mock输出形状/独立Sidecar-Celery装配不保留；仍有效的授权、版本、TTL、故障保护和回执约束迁至下列当前门禁，不声称新旧产品接口等同。,随退休实现整文件删除；有效横向断言按本表迁移,True,True,a6ba17afef195d40bde703111e4f902edc01906b33cc3d2c873ae1f901ab2620,无此309路径差异；实施前仍检查新改动
E:/projects/codex/aether/AgentJYS-main/tests/unit/test_compose_smoke_contract.py,tests/unit/test_compose_smoke_contract.py,需要确认：旧实现专属测试退役,旧接口路径/Mock输出形状/独立Sidecar-Celery装配不保留；仍有效的授权、版本、TTL、故障保护和回执约束迁至下列当前门禁，不声称新旧产品接口等同。,随退休实现整文件删除；有效横向断言按本表迁移,True,True,7b9c097121e88673d58a32773af964dc21aa95580025773679796bb7c9f09f7e,无此309路径差异；实施前仍检查新改动
E:/projects/codex/aether/AgentJYS-main/tests/unit/test_config.py,tests/unit/test_config.py,需要确认：旧实现专属测试退役,旧接口路径/Mock输出形状/独立Sidecar-Celery装配不保留；仍有效的授权、版本、TTL、故障保护和回执约束迁至下列当前门禁，不声称新旧产品接口等同。,随退休实现整文件删除；有效横向断言按本表迁移,True,True,8a906d20e225bbae9ecbf62942d8cb202a6222366c65038bfe51418fea5b9016,无此309路径差异；实施前仍检查新改动
E:/projects/codex/aether/AgentJYS-main/tests/unit/test_context_builder.py,tests/unit/test_context_builder.py,需要确认：旧实现专属测试退役,旧接口路径/Mock输出形状/独立Sidecar-Celery装配不保留；仍有效的授权、版本、TTL、故障保护和回执约束迁至下列当前门禁，不声称新旧产品接口等同。,随退休实现整文件删除；有效横向断言按本表迁移,True,True,e3bc149edd42ab67d7b7514a3ec005d2a936711e1c8bf8d349dedca244649abb,无此309路径差异；实施前仍检查新改动
E:/projects/codex/aether/AgentJYS-main/tests/unit/test_context_catalog_recall.py,tests/unit/test_context_catalog_recall.py,必须保留有效断言；按表迁移后清除旧段落/旧文件,资源/文档事实仍保留：原文读取、source identity 和 MemorySource 过滤；旧目录浏览API退出且不宣称新接口完全等同。,迁移有效断言后删除旧 catalog 用例,True,True,aff7727ef2338419e9d6a442fc9303cba455c6ed40db8fde4c0a5d51e82289b6,无此309路径差异；实施前仍检查新改动
E:/projects/codex/aether/AgentJYS-main/tests/unit/test_context_fact_stores.py,tests/unit/test_context_fact_stores.py,需要确认：旧实现专属测试退役,旧接口路径/Mock输出形状/独立Sidecar-Celery装配不保留；仍有效的授权、版本、TTL、故障保护和回执约束迁至下列当前门禁，不声称新旧产品接口等同。,随退休实现整文件删除；有效横向断言按本表迁移,True,True,9e6268d0a49b4383b16c2df9405cc935d2638e9f93601966def1f0f121059dd2,无此309路径差异；实施前仍检查新改动
E:/projects/codex/aether/AgentJYS-main/tests/unit/test_context_models.py,tests/unit/test_context_models.py,需要确认：旧实现专属测试退役,旧接口路径/Mock输出形状/独立Sidecar-Celery装配不保留；仍有效的授权、版本、TTL、故障保护和回执约束迁至下列当前门禁，不声称新旧产品接口等同。,随退休实现整文件删除；有效横向断言按本表迁移,True,True,d8bb926ee483ea8811e65f324d480d5fda6c407af5a7132b54f3fa5a97e94a49,无此309路径差异；实施前仍检查新改动
E:/projects/codex/aether/AgentJYS-main/tests/unit/test_context_projection.py,tests/unit/test_context_projection.py,需要确认：旧实现专属测试退役,旧接口路径/Mock输出形状/独立Sidecar-Celery装配不保留；仍有效的授权、版本、TTL、故障保护和回执约束迁至下列当前门禁，不声称新旧产品接口等同。,随退休实现整文件删除；有效横向断言按本表迁移,True,True,d36773495f5acb9ba4c6f25960cb6393db9a9dcb370c08303ac189dec913bc74,无此309路径差异；实施前仍检查新改动
E:/projects/codex/aether/AgentJYS-main/tests/unit/test_context_semantic_index.py,tests/unit/test_context_semantic_index.py,必须保留有效断言；按表迁移后清除旧段落/旧文件,保留投影identity、scope、重建、非目标来源拒绝；旧 context-vector-id 格式退出。,迁移有效断言后删除旧索引用例,True,True,de8cb736757ddded834cf970f95ea13c143913821dd990c131a2d47861f82c42,无此309路径差异；实施前仍检查新改动
E:/projects/codex/aether/AgentJYS-main/tests/unit/test_context_store_domain.py,tests/unit/test_context_store_domain.py,必须保留有效断言；按表迁移后清除旧段落/旧文件,保留 provider-neutral identity、授权scope、版本/源 hash和重建失败可观察；aether://旧虚拟目录/L0-L1布局规则退出。,迁移有效断言后删除旧 ContextStore 域测试,True,True,831845bbe56bc80f24d46530f173461462ac59f18c834edd47c3c1cabc56487f,无此309路径差异；实施前仍检查新改动
E:/projects/codex/aether/AgentJYS-main/tests/unit/test_context_store_reader.py,tests/unit/test_context_store_reader.py,需要确认：旧实现专属测试退役,旧接口路径/Mock输出形状/独立Sidecar-Celery装配不保留；仍有效的授权、版本、TTL、故障保护和回执约束迁至下列当前门禁，不声称新旧产品接口等同。,随退休实现整文件删除；有效横向断言按本表迁移,True,True,a3aa1e0f2e7cb94c56d9cf6444883b2bb97d91775a0a9b6895049159e4eabe11,无此309路径差异；实施前仍检查新改动
E:/projects/codex/aether/AgentJYS-main/tests/unit/test_dashboard_demo_mode.py,tests/unit/test_dashboard_demo_mode.py,需要确认：旧实现专属测试退役,旧接口路径/Mock输出形状/独立Sidecar-Celery装配不保留；仍有效的授权、版本、TTL、故障保护和回执约束迁至下列当前门禁，不声称新旧产品接口等同。,随退休实现整文件删除；有效横向断言按本表迁移,True,True,f83479a1f2478ce90c8cdb87574e86cce68c83aeca3980c71fedf738aa2e54d0,无此309路径差异；实施前仍检查新改动
E:/projects/codex/aether/AgentJYS-main/tests/unit/test_end_to_end.py,tests/unit/test_end_to_end.py,需要确认：旧实现专属测试退役,旧接口路径/Mock输出形状/独立Sidecar-Celery装配不保留；仍有效的授权、版本、TTL、故障保护和回执约束迁至下列当前门禁，不声称新旧产品接口等同。,随退休实现整文件删除；有效横向断言按本表迁移,True,True,d98129c283688fa1c80cc31a6ab1cedaa5e9f6aaa77759769a648bd53935a202,无此309路径差异；实施前仍检查新改动
E:/projects/codex/aether/AgentJYS-main/tests/unit/test_enums.py,tests/unit/test_enums.py,必须保留：有效当前测试/合同/恢复证据,没有足够证据证明废弃；与旧实现完全绑定的测试另在删除/迁移表,保留当前失败与历史/replay边界；不按日期删除,True,True,e2e0cb6dbc89e6afedcaf18f021813dd615007555fdc63d7f5224e4d94a6d877,无此309路径差异；实施前仍检查新改动
E:/projects/codex/aether/AgentJYS-main/tests/unit/test_episodic_manager.py,tests/unit/test_episodic_manager.py,需要确认：旧实现专属测试退役,旧接口路径/Mock输出形状/独立Sidecar-Celery装配不保留；仍有效的授权、版本、TTL、故障保护和回执约束迁至下列当前门禁，不声称新旧产品接口等同。,随退休实现整文件删除；有效横向断言按本表迁移,True,True,c817c7487e37e360887811d5a2af1953dc323e887c87b18e9588cc1ba42458bf,无此309路径差异；实施前仍检查新改动
E:/projects/codex/aether/AgentJYS-main/tests/unit/test_exceptions.py,tests/unit/test_exceptions.py,必须保留：有效当前测试/合同/恢复证据,没有足够证据证明废弃；与旧实现完全绑定的测试另在删除/迁移表,保留当前失败与历史/replay边界；不按日期删除,True,True,a118fca554a45701f71ddf3eab63205355732879e9ae9e07506eabf1cdf0954a,无此309路径差异；实施前仍检查新改动
E:/projects/codex/aether/AgentJYS-main/tests/unit/test_fact_first.py,tests/unit/test_fact_first.py,必须保留有效断言；按表迁移后清除旧段落/旧文件,保存事实先于投影，投影故障不丢事实、显式重试原工作、提取/压缩失败保留来源；不把重发当恢复。,迁移有效断言后删除旧 MemoryService 测试,True,True,16e857d256dc4ce68329636b6826f2aa7177d4ec97121d0e1fd2ce0166711dda,无此309路径差异；实施前仍检查新改动
E:/projects/codex/aether/AgentJYS-main/tests/unit/test_formation_policy.py,tests/unit/test_formation_policy.py,需要确认：旧实现专属测试退役,旧接口路径/Mock输出形状/独立Sidecar-Celery装配不保留；仍有效的授权、版本、TTL、故障保护和回执约束迁至下列当前门禁，不声称新旧产品接口等同。,随退休实现整文件删除；有效横向断言按本表迁移,True,True,c54f056cd52ccf2529741948223d14ce32efcf8636bfe2c93915054603b71d58,无此309路径差异；实施前仍检查新改动
E:/projects/codex/aether/AgentJYS-main/tests/unit/test_health_probes.py,tests/unit/test_health_probes.py,必须保留有效断言；按表迁移后清除旧段落/旧文件,未配置/不可用/降级不能假报ready；只替换旧 Milvus utility 调用形状断言。,迁移有效状态断言后删除旧 probe 用例,True,True,ec8ef48c198299b055aaa70e8cd4da38eac75b1af47e981b15e4166f5e7db1a3,无此309路径差异；实施前仍检查新改动
E:/projects/codex/aether/AgentJYS-main/tests/unit/test_hierarchical_context_search.py,tests/unit/test_hierarchical_context_search.py,必须保留有效断言；按表迁移后清除旧段落/旧文件,保留授权候选、来源失败保留独立结果、预算和trace；L0/L1目录遍历与URI路由已退休。,迁移有效断言后删除旧层级遍历测试,True,True,d8c61687f413fa4a4c8c3ebf974000a9b3795544e0b88c4a422520c8a77a5625,无此309路径差异；实施前仍检查新改动
E:/projects/codex/aether/AgentJYS-main/tests/unit/test_idempotency.py,tests/unit/test_idempotency.py,必须保留有效断言；按表迁移后清除旧段落/旧文件,原 operation replay、不同内容冲突、进行中状态、租户和操作类型隔离、稳定摘要；旧盲重试语义按现契约退出。,迁移有效断言后删除旧 claim 实现测试,True,True,7a7240a665a0ae1f08d17d0a7bed02db411522b3d019a0848afbc9325f632e34,无此309路径差异；实施前仍检查新改动
E:/projects/codex/aether/AgentJYS-main/tests/unit/test_import_order.py,tests/unit/test_import_order.py,必须保留有效断言；按表迁移后清除旧段落/旧文件,新进程导入和循环依赖检查保留；参数改为 __main__、runtime.flows.application、runtime.storage.azure、runtime.temporal.worker。,更换用例模块参数并迁入当前入口门禁，删除旧文件,True,True,598d6336bfe2154560ae8025ba18617aeb2c96535d5c7dfa7b844fce572ccb8e,无此309路径差异；实施前仍检查新改动
E:/projects/codex/aether/AgentJYS-main/tests/unit/test_legacy_production_gate.py,tests/unit/test_legacy_production_gate.py,需要确认：旧实现专属测试退役,旧接口路径/Mock输出形状/独立Sidecar-Celery装配不保留；仍有效的授权、版本、TTL、故障保护和回执约束迁至下列当前门禁，不声称新旧产品接口等同。,随退休实现整文件删除；有效横向断言按本表迁移,False,True,,废弃项不从参考来源导入；目标现有文件按删除清单处理
E:/projects/codex/aether/AgentJYS-main/tests/unit/test_lifecycle_decay.py,tests/unit/test_lifecycle_decay.py,必须保留：有效当前测试/合同/恢复证据,没有足够证据证明废弃；与旧实现完全绑定的测试另在删除/迁移表,保留当前失败与历史/replay边界；不按日期删除,True,True,638cbde641026c8bb9549557dd3d557f5aa32b47db3d00fcc2bbba358b7127a9,无此309路径差异；实施前仍检查新改动
E:/projects/codex/aether/AgentJYS-main/tests/unit/test_lifecycle_state.py,tests/unit/test_lifecycle_state.py,必须保留：有效当前测试/合同/恢复证据,没有足够证据证明废弃；与旧实现完全绑定的测试另在删除/迁移表,保留当前失败与历史/replay边界；不按日期删除,True,True,4d31142228b9c634ecb4f7f9cb2eaacb35a71729a2809c2115f141d79f2898cc,无此309路径差异；实施前仍检查新改动
E:/projects/codex/aether/AgentJYS-main/tests/unit/test_local_milvus.py,tests/unit/test_local_milvus.py,必须保留：有效当前测试/合同/恢复证据,没有足够证据证明废弃；与旧实现完全绑定的测试另在删除/迁移表,保留当前失败与历史/replay边界；不按日期删除,True,True,6a29c00771304b4fb04836c11e5ffed3e32a2f68f0faa92da30a4275a4e9ca93,纳入当前运行/Azure必需差异；实施前hash复核与限定同步
E:/projects/codex/aether/AgentJYS-main/tests/unit/test_long_document_recall.py,tests/unit/test_long_document_recall.py,必须保留有效断言；按表迁移后清除旧段落/旧文件,文档来源验证、P2/Ceph故障分辨、授权scope、总token预算；旧长文截断拼接API退出。,迁移有效断言后删除旧拼包测试,True,True,dcc131499386b249253cb812f6ffbf5178012fc942b22ba238563c3440080350,无此309路径差异；实施前仍检查新改动
E:/projects/codex/aether/AgentJYS-main/tests/unit/test_long_text_fact_first.py,tests/unit/test_long_text_fact_first.py,必须保留有效断言；按表迁移后清除旧段落/旧文件,原文先保存、broker/embedding 故障不丢事实、原job续跑；用Temporal IntentBridge替换旧broker形状。,迁移有效断言后删除旧 Celery 用例,True,True,74da41bf515994eac26432513efb5c8a263f09a210c66ba1079df8b34efd987b,无此309路径差异；实施前仍检查新改动
E:/projects/codex/aether/AgentJYS-main/tests/unit/test_memory.py,tests/unit/test_memory.py,必须保留：有效当前测试/合同/恢复证据,没有足够证据证明废弃；与旧实现完全绑定的测试另在删除/迁移表,保留当前失败与历史/replay边界；不按日期删除,True,True,fffa89bf52a8c8583d18c937d65cc8c697fecc75c45fe765d74b65ba388f6545,无此309路径差异；实施前仍检查新改动
E:/projects/codex/aether/AgentJYS-main/tests/unit/test_memory_domain_boundaries.py,tests/unit/test_memory_domain_boundaries.py,必须保留：有效当前测试/合同/恢复证据,没有足够证据证明废弃；与旧实现完全绑定的测试另在删除/迁移表,保留当前失败与历史/replay边界；不按日期删除,True,True,6c8666d88eba975b2845655c47dfc56214200d5e1dfe0cdd5422992b23638d01,无此309路径差异；实施前仍检查新改动
E:/projects/codex/aether/AgentJYS-main/tests/unit/test_memory_extraction_adapter.py,tests/unit/test_memory_extraction_adapter.py,需要确认：旧实现专属测试退役,旧接口路径/Mock输出形状/独立Sidecar-Celery装配不保留；仍有效的授权、版本、TTL、故障保护和回执约束迁至下列当前门禁，不声称新旧产品接口等同。,随退休实现整文件删除；有效横向断言按本表迁移,True,True,f555c19f0845ca27b8ff0420e82a7c3c16ea19a59ffb278cff05e6160a7a4e39,无此309路径差异；实施前仍检查新改动
E:/projects/codex/aether/AgentJYS-main/tests/unit/test_memory_runtime.py,tests/unit/test_memory_runtime.py,需要确认：旧实现专属测试退役,旧接口路径/Mock输出形状/独立Sidecar-Celery装配不保留；仍有效的授权、版本、TTL、故障保护和回执约束迁至下列当前门禁，不声称新旧产品接口等同。,随退休实现整文件删除；有效横向断言按本表迁移,True,True,8d85eb63612b2a63d006af367e56afbaa48ae8ed2af0d76ed83b5c0e44154cb9,无此309路径差异；实施前仍检查新改动
E:/projects/codex/aether/AgentJYS-main/tests/unit/test_memory_store.py,tests/unit/test_memory_store.py,必须保留有效断言；按表迁移后清除旧段落/旧文件,跨实例持久读、stale revision拒绝、删除tombstone；旧三类Mock manager调用形状退出。,迁移持久化/CAS断言后删除旧 SQLiteMemoryStore 测试,True,True,ad687ee080b943a62f68cbbfeb25b5ab687b7a8a4bd35b549342b2e5810dc059,无此309路径差异；实施前仍检查新改动
E:/projects/codex/aether/AgentJYS-main/tests/unit/test_mock_embedding.py,tests/unit/test_mock_embedding.py,需要确认：旧实现专属测试退役,旧接口路径/Mock输出形状/独立Sidecar-Celery装配不保留；仍有效的授权、版本、TTL、故障保护和回执约束迁至下列当前门禁，不声称新旧产品接口等同。,随退休实现整文件删除；有效横向断言按本表迁移,True,True,42093cf60e8f2d58d20468d7a671e66c88cead37ceb734e50f40e831244a1dc3,无此309路径差异；实施前仍检查新改动
E:/projects/codex/aether/AgentJYS-main/tests/unit/test_mock_storage.py,tests/unit/test_mock_storage.py,需要确认：旧实现专属测试退役,旧接口路径/Mock输出形状/独立Sidecar-Celery装配不保留；仍有效的授权、版本、TTL、故障保护和回执约束迁至下列当前门禁，不声称新旧产品接口等同。,随退休实现整文件删除；有效横向断言按本表迁移,True,True,73ca133056327594d8b60b92cb13759acd8b3d9af60f3f60de3d7a3dbcae3d70,无此309路径差异；实施前仍检查新改动
E:/projects/codex/aether/AgentJYS-main/tests/unit/test_operate_control.py,tests/unit/test_operate_control.py,必须保留有效断言；按表迁移后清除旧段落/旧文件,原动作ID回查、Unknown禁止新动作、stale observation/feedback不完成、容量/跨scope约束、并发单意图；真实warm/cold仍不支持。,迁移当前有效动作约束后删除旧 Controller 用例,True,True,e5e9d9d981bcaf38e1e2cfe0412c405c0fc3870455888b48e9cc621207a1ef19,无此309路径差异；实施前仍检查新改动
E:/projects/codex/aether/AgentJYS-main/tests/unit/test_operate_standalone.py,tests/unit/test_operate_standalone.py,需要确认：旧实现专属测试退役,旧接口路径/Mock输出形状/独立Sidecar-Celery装配不保留；仍有效的授权、版本、TTL、故障保护和回执约束迁至下列当前门禁，不声称新旧产品接口等同。,随退休实现整文件删除；有效横向断言按本表迁移,True,True,803b3e41ccdeec76ab5af67e837213849706799955d36bfa21c5b4709cd75fb1,无此309路径差异；实施前仍检查新改动
E:/projects/codex/aether/AgentJYS-main/tests/unit/test_operate_wiring.py,tests/unit/test_operate_wiring.py,必须保留有效断言；按表迁移后清除旧段落/旧文件,Azure bundle实际装配、保留memory_type与物理tier独立；不复制旧env/compose字符串门禁。,迁移装配与模型约束后删除旧 B3 wiring 测试,True,True,e80bb23c1cd5ffb0f33b5a704b5b03f1c58e6a44a89142effd14a7d4947273ef,无此309路径差异；实施前仍检查新改动
E:/projects/codex/aether/AgentJYS-main/tests/unit/test_p2_adapters.py,tests/unit/test_p2_adapters.py,必须保留：有效当前测试/合同/恢复证据,没有足够证据证明废弃；与旧实现完全绑定的测试另在删除/迁移表,保留当前失败与历史/replay边界；不按日期删除,True,True,51f3703312325cb9fdd33ef4db05ef37d664334aee0b0b61c082e4b7814c0f2f,无此309路径差异；实施前仍检查新改动
E:/projects/codex/aether/AgentJYS-main/tests/unit/test_p2_client.py,tests/unit/test_p2_client.py,必须保留：有效当前测试/合同/恢复证据,没有足够证据证明废弃；与旧实现完全绑定的测试另在删除/迁移表,保留当前失败与历史/replay边界；不按日期删除,True,True,02bd92ed90eab5ea19b1eb07cf50135711fed01491458c5b64ae752d4cd0069a,纳入当前运行/Azure必需差异；实施前hash复核与限定同步
E:/projects/codex/aether/AgentJYS-main/tests/unit/test_p2_migration_executor.py,tests/unit/test_p2_migration_executor.py,必须保留有效断言；按表迁移后清除旧段落/旧文件,fence/原action失败可观察/重开原回执；旧warm/cold物理迁移能力退出，合同与资料保留并报告未支持。,迁移动作回执/栅栏断言后删除旧 P2MigrationExecutor 测试,True,True,bdbb873d83876693e7a3b76aebccf3402ff6cfbc328af7f31d2cf0fa5cc020c9,无此309路径差异；实施前仍检查新改动
E:/projects/codex/aether/AgentJYS-main/tests/unit/test_p3_northbound_contract.py,tests/unit/test_p3_northbound_contract.py,需要确认：旧实现专属测试退役,旧接口路径/Mock输出形状/独立Sidecar-Celery装配不保留；仍有效的授权、版本、TTL、故障保护和回执约束迁至下列当前门禁，不声称新旧产品接口等同。,随退休实现整文件删除；有效横向断言按本表迁移,True,True,cc821c2c629b194abab2c6dd8cc595828d95746de953f2c2beeb1885cd455242,无此309路径差异；实施前仍检查新改动
E:/projects/codex/aether/AgentJYS-main/tests/unit/test_p4_simulator.py,tests/unit/test_p4_simulator.py,必须保留：有效当前测试/合同/恢复证据,没有足够证据证明废弃；与旧实现完全绑定的测试另在删除/迁移表,保留当前失败与历史/replay边界；不按日期删除,True,True,ee26625c100275132fb5958ea6a92fa29f7b51eebd7922f601644c358d99e5e7,无此309路径差异；实施前仍检查新改动
E:/projects/codex/aether/AgentJYS-main/tests/unit/test_phase_3_5_closure.py,tests/unit/test_phase_3_5_closure.py,必须保留有效断言；按表迁移后清除旧段落/旧文件,有效source融合、故障分辨、预算统一、provider-neutral DTO保留；旧 /api/v1兼容JSON shape退出，冻结合同原件不改为已完成新版本。,迁移当前契约/融合断言后删除旧 v1装配测试,True,True,d5d4339d254c622d377dbaad8fcd577ce71488be9cb19e7f07c2bab48e644f41,无此309路径差异；实施前仍检查新改动
E:/projects/codex/aether/AgentJYS-main/tests/unit/test_projection_reconciler.py,tests/unit/test_projection_reconciler.py,必须保留有效断言；按表迁移后清除旧段落/旧文件,revision感知、删除中止旧投影、失ACK查原目标、失败显式reindex；旧queue worker独立循环退出。,迁移有效断言后删除旧 projection-worker 测试,True,True,5560347fbd7e8d8ca6593e2efb304993d0dbd6dc8eb05f9a7f4588671d204236,无此309路径差异；实施前仍检查新改动
E:/projects/codex/aether/AgentJYS-main/tests/unit/test_projection_state.py,tests/unit/test_projection_state.py,必须保留：有效当前测试/合同/恢复证据,没有足够证据证明废弃；与旧实现完全绑定的测试另在删除/迁移表,保留当前失败与历史/replay边界；不按日期删除,True,True,f2f2062b074d047aa029e4bc535fabbd8cf7337af776dcec51d09f6ac1e238ad,无此309路径差异；实施前仍检查新改动
E:/projects/codex/aether/AgentJYS-main/tests/unit/test_queue_reliability.py,tests/unit/test_queue_reliability.py,必须保留有效断言；按表迁移后清除旧段落/旧文件,late owner不能提交、续跑预算、原任务持久化、晚回执不降级完成；以Temporal fencing/ledger保留。,迁移有效恢复约束后删除旧 queue 实现测试,True,True,2b9bfdebb39b217a1cefa6822e7afa78ef34164d165e87eaf7c71b0e4f0554e4,无此309路径差异；实施前仍检查新改动
E:/projects/codex/aether/AgentJYS-main/tests/unit/test_recall_pipeline.py,tests/unit/test_recall_pipeline.py,必须保留有效断言；按表迁移后清除旧段落/旧文件,融合去重、授权scope、Working限session/source、rank不膨胀；旧canonical URI聚合规则退出。,迁移有效断言后删除旧 UnifiedRetrievalPipeline 测试,True,True,d2c617521be1f4a11c83cab31ac526d6000c24937990aa8e943c84a5f1b44fda,无此309路径差异；实施前仍检查新改动
E:/projects/codex/aether/AgentJYS-main/tests/unit/test_redis_queue_reliability.py,tests/unit/test_redis_queue_reliability.py,必须保留有效断言；按表迁移后清除旧段落/旧文件,late token/单赢家/重复operation约束保留；Redis poll/smembers脚本形状退出，任务由Temporal承担。,迁移并发/owner约束后删除旧 Redis任务队列测试,True,True,b58b80dc2a2142aea98649bb4287308cf1a1f5fd93134eeaf69d8b9599b43f6a,无此309路径差异；实施前仍检查新改动
E:/projects/codex/aether/AgentJYS-main/tests/unit/test_resource_context.py,tests/unit/test_resource_context.py,需要确认：旧实现专属测试退役,旧接口路径/Mock输出形状/独立Sidecar-Celery装配不保留；仍有效的授权、版本、TTL、故障保护和回执约束迁至下列当前门禁，不声称新旧产品接口等同。,随退休实现整文件删除；有效横向断言按本表迁移,True,True,8a91d8cce3e81eb7fd4b3361783932039c902f4037be5b52b0ae553718011170,无此309路径差异；实施前仍检查新改动
E:/projects/codex/aether/AgentJYS-main/tests/unit/test_resource_parsing.py,tests/unit/test_resource_parsing.py,必须保留：有效当前测试/合同/恢复证据,没有足够证据证明废弃；与旧实现完全绑定的测试另在删除/迁移表,保留当前失败与历史/replay边界；不按日期删除,True,True,d6c6802b25215286a0ec207f0d95d239b93bcdf73c7d29d35f2d2f0787c1cd41,无此309路径差异；实施前仍检查新改动
E:/projects/codex/aether/AgentJYS-main/tests/unit/test_retrieval_trace_store.py,tests/unit/test_retrieval_trace_store.py,必须保留有效断言；按表迁移后清除旧段落/旧文件,授权trace只看到本scope、最终回执只记一次、持久重开与脱敏；原Redis trace键/保留实现退出。,迁移有效断言后删除旧 Redis trace 测试,True,True,934e95262125751ce40097d0ef18f7ce960fd41194147a2a420e178141acb321,无此309路径差异；实施前仍检查新改动
E:/projects/codex/aether/AgentJYS-main/tests/unit/test_runtime_degraded.py,tests/unit/test_runtime_degraded.py,需要确认：旧实现专属测试退役,旧接口路径/Mock输出形状/独立Sidecar-Celery装配不保留；仍有效的授权、版本、TTL、故障保护和回执约束迁至下列当前门禁，不声称新旧产品接口等同。,随退休实现整文件删除；有效横向断言按本表迁移,True,True,e4f670f06f08c168ff02dcaa4a04110713e00d62d932fda2ec4c1e2d8fe5ea35,无此309路径差异；实施前仍检查新改动
E:/projects/codex/aether/AgentJYS-main/tests/unit/test_runtime_dependencies.py,tests/unit/test_runtime_dependencies.py,需要确认：旧实现专属测试退役,旧接口路径/Mock输出形状/独立Sidecar-Celery装配不保留；仍有效的授权、版本、TTL、故障保护和回执约束迁至下列当前门禁，不声称新旧产品接口等同。,随退休实现整文件删除；有效横向断言按本表迁移,True,True,7a9c1d66d8f448f29133551d5af50a190b2de7bfea388cfeb604798ac6bf63ca,无此309路径差异；实施前仍检查新改动
E:/projects/codex/aether/AgentJYS-main/tests/unit/test_runtime_health.py,tests/unit/test_runtime_health.py,必须保留有效断言；按表迁移后清除旧段落/旧文件,关键依赖不可用时not-ready，非关键降级不能伪造成功；保留真实readyz HTTP门禁。,迁移有效状态约束后删除旧RuntimeHealth测试,True,True,bd759e67dde6bc4642e2cd0877148403dc3eef41868f035690a0abc2a1c31462,无此309路径差异；实施前仍检查新改动
E:/projects/codex/aether/AgentJYS-main/tests/unit/test_runtime_request_context.py,tests/unit/test_runtime_request_context.py,需要确认：旧实现专属测试退役,旧接口路径/Mock输出形状/独立Sidecar-Celery装配不保留；仍有效的授权、版本、TTL、故障保护和回执约束迁至下列当前门禁，不声称新旧产品接口等同。,随退休实现整文件删除；有效横向断言按本表迁移,True,True,510d9b1e76430828c270035944b122af035dec9d8e74482a6350288526b5083d,无此309路径差异；实施前仍检查新改动
E:/projects/codex/aether/AgentJYS-main/tests/unit/test_semantic_manager.py,tests/unit/test_semantic_manager.py,需要确认：旧实现专属测试退役,旧接口路径/Mock输出形状/独立Sidecar-Celery装配不保留；仍有效的授权、版本、TTL、故障保护和回执约束迁至下列当前门禁，不声称新旧产品接口等同。,随退休实现整文件删除；有效横向断言按本表迁移,True,True,abf3e10ae81fee42911348c16033086f7f19c039d98fe58ecc1a3df00b868223,无此309路径差异；实施前仍检查新改动
E:/projects/codex/aether/AgentJYS-main/tests/unit/test_service_model_provider.py,tests/unit/test_service_model_provider.py,必须保留：有效当前测试/合同/恢复证据,没有足够证据证明废弃；与旧实现完全绑定的测试另在删除/迁移表,保留当前失败与历史/replay边界；不按日期删除,True,True,355ef1700366ca1749d9dd1f8db6a0d2dc8ebc6a5eb5ddee5d27d5c92ede9a2d,无此309路径差异；实施前仍检查新改动
E:/projects/codex/aether/AgentJYS-main/tests/unit/test_session_context.py,tests/unit/test_session_context.py,需要确认：旧实现专属测试退役,旧接口路径/Mock输出形状/独立Sidecar-Celery装配不保留；仍有效的授权、版本、TTL、故障保护和回执约束迁至下列当前门禁，不声称新旧产品接口等同。,随退休实现整文件删除；有效横向断言按本表迁移,True,True,c1c321594a625b9c0a59cf16897f45679439ed265bf17b85bce80a507fd38f91,无此309路径差异；实施前仍检查新改动
E:/projects/codex/aether/AgentJYS-main/tests/unit/test_session_extraction_policy.py,tests/unit/test_session_extraction_policy.py,需要确认：旧实现专属测试退役,旧接口路径/Mock输出形状/独立Sidecar-Celery装配不保留；仍有效的授权、版本、TTL、故障保护和回执约束迁至下列当前门禁，不声称新旧产品接口等同。,随退休实现整文件删除；有效横向断言按本表迁移,True,True,ec6a531439968018a33e1e6f786449b95ab573f5753cfecae00e68875cfb5bec,无此309路径差异；实施前仍检查新改动
E:/projects/codex/aether/AgentJYS-main/tests/unit/test_session_extraction_worker.py,tests/unit/test_session_extraction_worker.py,必须保留有效断言；按表迁移后清除旧段落/旧文件,claim/late owner/retry语义由Temporal任务预算、stage checkpoint与失ACK门禁接替。,迁移恢复约束后删除旧 CelerySessionWorker 测试,True,True,f874a5255f436b39aa10982cf793b98f5712245f9971b3e65976fd0d2d9c6e84,无此309路径差异；实施前仍检查新改动
E:/projects/codex/aether/AgentJYS-main/tests/unit/test_session_service.py,tests/unit/test_session_service.py,需要确认：旧实现专属测试退役,旧接口路径/Mock输出形状/独立Sidecar-Celery装配不保留；仍有效的授权、版本、TTL、故障保护和回执约束迁至下列当前门禁，不声称新旧产品接口等同。,随退休实现整文件删除；有效横向断言按本表迁移,True,True,f57fef1dccdadc462015cd86f11fd8812c5cb79b816495b38edfc8f10a93c35f,无此309路径差异；实施前仍检查新改动
E:/projects/codex/aether/AgentJYS-main/tests/unit/test_signal_emitter.py,tests/unit/test_signal_emitter.py,需要确认：旧实现专属测试退役,旧接口路径/Mock输出形状/独立Sidecar-Celery装配不保留；仍有效的授权、版本、TTL、故障保护和回执约束迁至下列当前门禁，不声称新旧产品接口等同。,随退休实现整文件删除；有效横向断言按本表迁移,True,True,54d43d4cc79a1154e500c004e54873d88be1b2d7486b3d22c7f88effdd2ca02f,无此309路径差异；实施前仍检查新改动
E:/projects/codex/aether/AgentJYS-main/tests/unit/test_signal_models.py,tests/unit/test_signal_models.py,需要确认：旧实现专属测试退役,旧接口路径/Mock输出形状/独立Sidecar-Celery装配不保留；仍有效的授权、版本、TTL、故障保护和回执约束迁至下列当前门禁，不声称新旧产品接口等同。,随退休实现整文件删除；有效横向断言按本表迁移,True,True,f78ab68473548ac3567ac709d6f4c6349313b520460ffdc0f80e6f5d686b6319,无此309路径差异；实施前仍检查新改动
E:/projects/codex/aether/AgentJYS-main/tests/unit/test_signal_persistence.py,tests/unit/test_signal_persistence.py,需要确认：旧实现专属测试退役,旧接口路径/Mock输出形状/独立Sidecar-Celery装配不保留；仍有效的授权、版本、TTL、故障保护和回执约束迁至下列当前门禁，不声称新旧产品接口等同。,随退休实现整文件删除；有效横向断言按本表迁移,True,True,9bfcfb8f47aa42a47224226eeb9de1b4bf1e125de900c176a35f5d4ee2c2cb0a,无此309路径差异；实施前仍检查新改动
E:/projects/codex/aether/AgentJYS-main/tests/unit/test_skill_context.py,tests/unit/test_skill_context.py,需要确认：旧实现专属测试退役,旧接口路径/Mock输出形状/独立Sidecar-Celery装配不保留；仍有效的授权、版本、TTL、故障保护和回执约束迁至下列当前门禁，不声称新旧产品接口等同。,随退休实现整文件删除；有效横向断言按本表迁移,True,True,985fa44df1e3e3e72edbb7ffc80e4a47e18350b2955abbf7aa6fa74ee32bb14e,无此309路径差异；实施前仍检查新改动
E:/projects/codex/aether/AgentJYS-main/tests/unit/test_summarize_acceptance.py,tests/unit/test_summarize_acceptance.py,需要确认：旧实现专属测试退役,旧B1/B2汇总器专属门槛代码退出；有效合同指标/无数据不得报告通过规则保留在正式合同与报告，不用删除测试替代当前性能验收。,随退休实现整文件删除；有效横向断言按本表迁移,True,True,c95c0df6ec5784232a4f4982fa7eda084eb10a4d48bc460865b407d4f2ccf66a,无此309路径差异；实施前仍检查新改动
E:/projects/codex/aether/AgentJYS-main/tests/unit/test_task_scope.py,tests/unit/test_task_scope.py,必须保留有效断言；按表迁移后清除旧段落/旧文件,跨tenant/user/agent拒绝、无权selector不扩大scope、能力ID格式先校验；无caller scope放行旧规则退出。,迁移scope/capability断言后删除旧TaskUseCase测试,True,True,7d27b5ed94b38a13e373073e269a1804feaf3b9c14cd77ece88e5021953fd6eb,无此309路径差异；实施前仍检查新改动
E:/projects/codex/aether/AgentJYS-main/tests/unit/test_unified_retrieval.py,tests/unit/test_unified_retrieval.py,必须保留有效断言；按表迁移后清除旧段落/旧文件,Working/long-term来源融合、依赖失败不当空集、canonical候选身份；旧P2E1输出shape退出。,迁移有效来源断言后删除旧UnifiedRetrieval测试,True,True,a992723bad0eca8dca6f06299708749691fbc3bc95ad667fc829920442d588e8,无此309路径差异；实施前仍检查新改动
E:/projects/codex/aether/AgentJYS-main/tests/unit/test_validate_working_milvus.py,tests/unit/test_validate_working_milvus.py,必须保留：有效当前测试/合同/恢复证据,没有足够证据证明废弃；与旧实现完全绑定的测试另在删除/迁移表,保留当前失败与历史/replay边界；不按日期删除,True,True,5f49b2bfbd518e7d481d281d254e4fcba9a085a7f9976019c0016ffa9f5e563e,无此309路径差异；实施前仍检查新改动
E:/projects/codex/aether/AgentJYS-main/tests/unit/test_working_manager.py,tests/unit/test_working_manager.py,需要确认：旧实现专属测试退役,旧接口路径/Mock输出形状/独立Sidecar-Celery装配不保留；仍有效的授权、版本、TTL、故障保护和回执约束迁至下列当前门禁，不声称新旧产品接口等同。,随退休实现整文件删除；有效横向断言按本表迁移,True,True,4ccf3dfdff28a4beaa31a5580ee1a570212e20b3f55b4dfe4a92f0c336ea2ca9,无此309路径差异；实施前仍检查新改动
E:/projects/codex/aether/AgentJYS-main/web/.dockerignore,web/.dockerignore,必须保留：当前P4/Web实现与运行资源,当前本机使用；P4问题排障已暂停,只纳入当前必要版本，不重发故事或清数据,True,True,e57bfff05aa9c0ef986cd95db6605a55212d55a49d46f216540cd3ea43aac0fd,无此309路径差异；实施前仍检查新改动
E:/projects/codex/aether/AgentJYS-main/web/.env.example,web/.env.example,必须保留：当前P4/Web实现与运行资源,当前本机使用；P4问题排障已暂停,只纳入当前必要版本，不重发故事或清数据,True,True,5935ee9e88cb78de11ac01d858bf76610a0c52d4ccc35cdd0a72ee06062fa550,无此309路径差异；实施前仍检查新改动
E:/projects/codex/aether/AgentJYS-main/web/Dockerfile,web/Dockerfile,必须保留：当前P4/Web实现与运行资源,当前本机使用；P4问题排障已暂停,只纳入当前必要版本，不重发故事或清数据,True,True,9c45646b539dcdd2970bb7e634b7b97a85993affbe8e5bc53846f5501807e56d,纳入当前运行/Azure必需差异；实施前hash复核与限定同步
E:/projects/codex/aether/AgentJYS-main/web/README.md,web/README.md,必须保留：当前P4/Web实现与运行资源,当前本机使用；P4问题排障已暂停,只纳入当前必要版本，不重发故事或清数据,True,True,c579f1f0c8dcbb4dae33ae1a72619f6fab612b1e816ac9f0529ae5003579690d,纳入当前运行/Azure必需差异；实施前hash复核与限定同步
E:/projects/codex/aether/AgentJYS-main/web/eslint.config.js,web/eslint.config.js,必须保留：当前P4/Web实现与运行资源,当前本机使用；P4问题排障已暂停,只纳入当前必要版本，不重发故事或清数据,True,True,112d175ce7cc66cc4151bccc727c331a35a0de6efdaf3c7b2febd12511db7e28,无此309路径差异；实施前仍检查新改动
E:/projects/codex/aether/AgentJYS-main/web/index.html,web/index.html,必须保留：当前P4/Web实现与运行资源,当前本机使用；P4问题排障已暂停,只纳入当前必要版本，不重发故事或清数据,True,True,5cb198286efb4c04d8957d36c4894d7919a85cf2610c5b3f2fed42b369dd8190,无此309路径差异；实施前仍检查新改动
E:/projects/codex/aether/AgentJYS-main/web/nginx.conf,web/nginx.conf,必须保留：当前P4/Web实现与运行资源,当前本机使用；P4问题排障已暂停,只纳入当前必要版本，不重发故事或清数据,True,True,e71dab1f578ce3da276ef5a776ce1def5c307afd8635d73b867a39330a2f2cd9,纳入当前运行/Azure必需差异；实施前hash复核与限定同步
E:/projects/codex/aether/AgentJYS-main/web/nginx.p4-disabled.conf,web/nginx.p4-disabled.conf,必须保留：当前P4/Web实现与运行资源,当前本机使用；P4问题排障已暂停,只纳入当前必要版本，不重发故事或清数据,False,True,,纳入当前运行/Azure必需差异；实施前hash复核与限定同步
E:/projects/codex/aether/AgentJYS-main/web/nginx.p4-local.conf,web/nginx.p4-local.conf,必须保留：当前P4/Web实现与运行资源,当前本机使用；P4问题排障已暂停,只纳入当前必要版本，不重发故事或清数据,False,True,,纳入当前运行/Azure必需差异；实施前hash复核与限定同步
E:/projects/codex/aether/AgentJYS-main/web/package-lock.json,web/package-lock.json,必须保留：当前P4/Web实现与运行资源,当前本机使用；P4问题排障已暂停,只纳入当前必要版本，不重发故事或清数据,True,True,50b06b892efca687aa0c6235ed3f59ba32577b694a28d4d5b86ee42a4d159633,纳入当前运行/Azure必需差异；实施前hash复核与限定同步
E:/projects/codex/aether/AgentJYS-main/web/package.json,web/package.json,必须保留：当前P4/Web实现与运行资源,当前本机使用；P4问题排障已暂停,只纳入当前必要版本，不重发故事或清数据,True,True,f77d827eaf183afa1658b77e92e81683994186fafe701c0195472639ba470fee,纳入当前运行/Azure必需差异；实施前hash复核与限定同步
E:/projects/codex/aether/AgentJYS-main/web/public/silent-check-sso.html,web/public/silent-check-sso.html,必须保留：当前P4/Web实现与运行资源,当前本机使用；P4问题排障已暂停,只纳入当前必要版本，不重发故事或清数据,True,True,4aac86d963ffd56a5d837dc042f462f63f3c44b5624b23df30c4d1ef214dd444,无此309路径差异；实施前仍检查新改动
E:/projects/codex/aether/AgentJYS-main/web/src/App.test.tsx,web/src/App.test.tsx,必须保留：当前P4/Web实现与运行资源,当前本机使用；P4问题排障已暂停,只纳入当前必要版本，不重发故事或清数据,True,True,8274c48421fde25de693ded619d5674cc304809dda15fb24de5aeae90a665ca6,无此309路径差异；实施前仍检查新改动
E:/projects/codex/aether/AgentJYS-main/web/src/App.tsx,web/src/App.tsx,必须保留：当前P4/Web实现与运行资源,当前本机使用；P4问题排障已暂停,只纳入当前必要版本，不重发故事或清数据,True,True,89ce803e732fccccfa0f8848a68bc6989cd6c99cdfdc9ee7467ea1196be4527c,无此309路径差异；实施前仍检查新改动
E:/projects/codex/aether/AgentJYS-main/web/src/api/b1.test.ts,web/src/api/b1.test.ts,必须保留：当前P4/Web实现与运行资源,当前本机使用；P4问题排障已暂停,只纳入当前必要版本，不重发故事或清数据,True,True,2b7d28206ba202a0a84ac42327a04112a076bb5c4bd99405f726ca4c0c4b9082,无此309路径差异；实施前仍检查新改动
E:/projects/codex/aether/AgentJYS-main/web/src/api/b1.ts,web/src/api/b1.ts,必须保留：当前P4/Web实现与运行资源,当前本机使用；P4问题排障已暂停,只纳入当前必要版本，不重发故事或清数据,True,True,0fe2d89df535c3e3e801cd4efdbcd6d831666f1ab03fcbcfb3580bc9be8928ec,无此309路径差异；实施前仍检查新改动
E:/projects/codex/aether/AgentJYS-main/web/src/api/client.ts,web/src/api/client.ts,必须保留：当前P4/Web实现与运行资源,当前本机使用；P4问题排障已暂停,只纳入当前必要版本，不重发故事或清数据,True,True,1a97df14730622150179211e1c97ad808ad5c32e860d6aee2418753f7287a374,无此309路径差异；实施前仍检查新改动
E:/projects/codex/aether/AgentJYS-main/web/src/api/p4.test.ts,web/src/api/p4.test.ts,必须保留：当前P4/Web实现与运行资源,当前本机使用；P4问题排障已暂停,只纳入当前必要版本，不重发故事或清数据,True,True,99d4cfbf7a0c1bb938e796dd4edf7bf2ea825c54ae1668776149786d36458e86,无此309路径差异；实施前仍检查新改动
E:/projects/codex/aether/AgentJYS-main/web/src/api/p4.ts,web/src/api/p4.ts,必须保留：当前P4/Web实现与运行资源,当前本机使用；P4问题排障已暂停,只纳入当前必要版本，不重发故事或清数据,True,True,a4a25c5a3ec9b92f83e7293424a0a27666388e20b2bdfa3931058fc8a2c933fa,无此309路径差异；实施前仍检查新改动
E:/projects/codex/aether/AgentJYS-main/web/src/api/types.ts,web/src/api/types.ts,必须保留：当前P4/Web实现与运行资源,当前本机使用；P4问题排障已暂停,只纳入当前必要版本，不重发故事或清数据,True,True,eb65d4ef471ad31495a17e894ff9d57fe1ed322534e75cd91743691b4f479639,无此309路径差异；实施前仍检查新改动
E:/projects/codex/aether/AgentJYS-main/web/src/components/ActionDrawer.test.tsx,web/src/components/ActionDrawer.test.tsx,必须保留：当前P4/Web实现与运行资源,当前本机使用；P4问题排障已暂停,只纳入当前必要版本，不重发故事或清数据,True,True,9731fe3a7d88d155d131e23a829c0ae31351965f0e5973c1276cd9a4fb929472,无此309路径差异；实施前仍检查新改动
E:/projects/codex/aether/AgentJYS-main/web/src/components/ActionDrawer.tsx,web/src/components/ActionDrawer.tsx,必须保留：当前P4/Web实现与运行资源,当前本机使用；P4问题排障已暂停,只纳入当前必要版本，不重发故事或清数据,True,True,0b64cc8559a97c0bc581327f61e844e944542c7c09ff808fb7887aee9028b762,无此309路径差异；实施前仍检查新改动
E:/projects/codex/aether/AgentJYS-main/web/src/components/MemoryDrawer.test.tsx,web/src/components/MemoryDrawer.test.tsx,必须保留：当前P4/Web实现与运行资源,当前本机使用；P4问题排障已暂停,只纳入当前必要版本，不重发故事或清数据,True,True,fcdbe1e63d61c4776cbc5f00fd19ddf0881acd9ee5a5b9fd31d6c9a35a74a870,无此309路径差异；实施前仍检查新改动
E:/projects/codex/aether/AgentJYS-main/web/src/components/MemoryDrawer.tsx,web/src/components/MemoryDrawer.tsx,必须保留：当前P4/Web实现与运行资源,当前本机使用；P4问题排障已暂停,只纳入当前必要版本，不重发故事或清数据,True,True,2f8c4a1d033346e722810b099c76b916f2237d0f84d5ec9628de1a5bbc2f9f31,无此309路径差异；实施前仍检查新改动
E:/projects/codex/aether/AgentJYS-main/web/src/components/SystemStatus.test.tsx,web/src/components/SystemStatus.test.tsx,必须保留：当前P4/Web实现与运行资源,当前本机使用；P4问题排障已暂停,只纳入当前必要版本，不重发故事或清数据,True,True,f0b10baaadc1b66fc73ee2b61826e0a04b75af389d7a5a8b506d1e7195373ff8,无此309路径差异；实施前仍检查新改动
E:/projects/codex/aether/AgentJYS-main/web/src/components/SystemStatus.tsx,web/src/components/SystemStatus.tsx,必须保留：当前P4/Web实现与运行资源,当前本机使用；P4问题排障已暂停,只纳入当前必要版本，不重发故事或清数据,True,True,43bf0276b8e8e4d11397ec91726aac885200fd3f2dac0ccfcb31c0eba9965605,无此309路径差异；实施前仍检查新改动
E:/projects/codex/aether/AgentJYS-main/web/src/demo/CoveragePanel.tsx,web/src/demo/CoveragePanel.tsx,必须保留：当前P4/Web实现与运行资源,当前本机使用；P4问题排障已暂停,只纳入当前必要版本，不重发故事或清数据,True,True,0e0ceb5d6c304d78fc211a647813abaae10f80d5aaacbb988c89d09153db8f95,无此309路径差异；实施前仍检查新改动
E:/projects/codex/aether/AgentJYS-main/web/src/demo/DemoPage.test.tsx,web/src/demo/DemoPage.test.tsx,必须保留：当前P4/Web实现与运行资源,当前本机使用；P4问题排障已暂停,只纳入当前必要版本，不重发故事或清数据,True,True,367c2865caea173a952c1b8bece1ced5ef2a2b87f8687ec4178105cef0b24645,纳入当前运行/Azure必需差异；实施前hash复核与限定同步
E:/projects/codex/aether/AgentJYS-main/web/src/demo/DemoPage.tsx,web/src/demo/DemoPage.tsx,必须保留：当前P4/Web实现与运行资源,当前本机使用；P4问题排障已暂停,只纳入当前必要版本，不重发故事或清数据,True,True,a99e140515c5dbdf6529264b013889212c7b552b9289e485840ddaa9c98204c7,纳入当前运行/Azure必需差异；实施前hash复核与限定同步
E:/projects/codex/aether/AgentJYS-main/web/src/demo/api.test.ts,web/src/demo/api.test.ts,必须保留：当前P4/Web实现与运行资源,当前本机使用；P4问题排障已暂停,只纳入当前必要版本，不重发故事或清数据,True,True,2dbfe76aa7bdf538dfc4a5ca1b5290c777b0072937739be3184dcfe3ef3ab63a,纳入当前运行/Azure必需差异；实施前hash复核与限定同步
E:/projects/codex/aether/AgentJYS-main/web/src/demo/api.ts,web/src/demo/api.ts,必须保留：当前P4/Web实现与运行资源,当前本机使用；P4问题排障已暂停,只纳入当前必要版本，不重发故事或清数据,True,True,1e9d4517ec0defecc9fec07a87ac59b4c0cfe68487ad01197ed161d3b2a62292,纳入当前运行/Azure必需差异；实施前hash复核与限定同步
E:/projects/codex/aether/AgentJYS-main/web/src/demo/budgets.test.ts,web/src/demo/budgets.test.ts,必须保留：当前P4/Web实现与运行资源,当前本机使用；P4问题排障已暂停,只纳入当前必要版本，不重发故事或清数据,False,True,,纳入当前运行/Azure必需差异；实施前hash复核与限定同步
E:/projects/codex/aether/AgentJYS-main/web/src/demo/budgets.ts,web/src/demo/budgets.ts,必须保留：当前P4/Web实现与运行资源,当前本机使用；P4问题排障已暂停,只纳入当前必要版本，不重发故事或清数据,False,True,,纳入当前运行/Azure必需差异；实施前hash复核与限定同步
E:/projects/codex/aether/AgentJYS-main/web/src/demo/demo.css,web/src/demo/demo.css,必须保留：当前P4/Web实现与运行资源,当前本机使用；P4问题排障已暂停,只纳入当前必要版本，不重发故事或清数据,True,True,cd8c5eaa99d8cf0b019245b6aaf5b98387a0dde7296e1b9b7089774d0c871471,无此309路径差异；实施前仍检查新改动
E:/projects/codex/aether/AgentJYS-main/web/src/demo/story-fixtures.ts,web/src/demo/story-fixtures.ts,必须保留：当前P4/Web实现与运行资源,当前本机使用；P4问题排障已暂停,只纳入当前必要版本，不重发故事或清数据,True,True,22e953091bd45e3a125490c7abb26461d3730ce0d7acc52b6358c0ac2baf6bf4,无此309路径差异；实施前仍检查新改动
E:/projects/codex/aether/AgentJYS-main/web/src/demo/test-fixtures.ts,web/src/demo/test-fixtures.ts,必须保留：当前P4/Web实现与运行资源,当前本机使用；P4问题排障已暂停,只纳入当前必要版本，不重发故事或清数据,True,True,aa438ef8f18309b5d9b008f493bd3a364bea836892a8fd9ab53d87714a48becf,无此309路径差异；实施前仍检查新改动
E:/projects/codex/aether/AgentJYS-main/web/src/demo/types.ts,web/src/demo/types.ts,必须保留：当前P4/Web实现与运行资源,当前本机使用；P4问题排障已暂停,只纳入当前必要版本，不重发故事或清数据,True,True,550eac33effb286f76e2de4388da72846780b007d96c90d53571088387dd302f,无此309路径差异；实施前仍检查新改动
E:/projects/codex/aether/AgentJYS-main/web/src/main.tsx,web/src/main.tsx,必须保留：当前P4/Web实现与运行资源,当前本机使用；P4问题排障已暂停,只纳入当前必要版本，不重发故事或清数据,True,True,be6832ce15f8e9c6c733283b29ac426af6b1b477e0c9ca4032cda841b9e51e93,无此309路径差异；实施前仍检查新改动
E:/projects/codex/aether/AgentJYS-main/web/src/mock/data.ts,web/src/mock/data.ts,必须保留：当前P4/Web实现与运行资源,当前本机使用；P4问题排障已暂停,只纳入当前必要版本，不重发故事或清数据,True,True,dd88b74a36c59e50a913731b888c711d025411347dbed330c3183e91b8103132,无此309路径差异；实施前仍检查新改动
E:/projects/codex/aether/AgentJYS-main/web/src/monitoring/Console.tsx,web/src/monitoring/Console.tsx,必须保留：当前P4/Web实现与运行资源,当前本机使用；P4问题排障已暂停,只纳入当前必要版本，不重发故事或清数据,True,True,4dd94a3b58dc2bcdb771de8e1027018d4bdf144e11945a2c744f3e3dad77c340,无此309路径差异；实施前仍检查新改动
E:/projects/codex/aether/AgentJYS-main/web/src/monitoring/IdentityActions.test.tsx,web/src/monitoring/IdentityActions.test.tsx,必须保留：当前P4/Web实现与运行资源,当前本机使用；P4问题排障已暂停,只纳入当前必要版本，不重发故事或清数据,True,True,3a61add85d1aaa2e599d0b32f99fe91f272955f3c0611374de8f01019c120469,无此309路径差异；实施前仍检查新改动
E:/projects/codex/aether/AgentJYS-main/web/src/monitoring/IdentityActions.tsx,web/src/monitoring/IdentityActions.tsx,必须保留：当前P4/Web实现与运行资源,当前本机使用；P4问题排障已暂停,只纳入当前必要版本，不重发故事或清数据,True,True,e5f316362436e8fece7098c952d670846aed65844d8724fd739846df2d3336fa,无此309路径差异；实施前仍检查新改动
E:/projects/codex/aether/AgentJYS-main/web/src/monitoring/TraceDetail.test.tsx,web/src/monitoring/TraceDetail.test.tsx,必须保留：当前P4/Web实现与运行资源,当前本机使用；P4问题排障已暂停,只纳入当前必要版本，不重发故事或清数据,True,True,07d0bde8b76e0a107d005417ebc33bb5f2bc144888f82c839788f709776137b8,无此309路径差异；实施前仍检查新改动
E:/projects/codex/aether/AgentJYS-main/web/src/monitoring/api.test.ts,web/src/monitoring/api.test.ts,必须保留：当前P4/Web实现与运行资源,当前本机使用；P4问题排障已暂停,只纳入当前必要版本，不重发故事或清数据,True,True,7d00725dc320f9d5999c857f67476ae782e8301d519998c90236307d84759ec4,无此309路径差异；实施前仍检查新改动
E:/projects/codex/aether/AgentJYS-main/web/src/monitoring/api.ts,web/src/monitoring/api.ts,必须保留：当前P4/Web实现与运行资源,当前本机使用；P4问题排障已暂停,只纳入当前必要版本，不重发故事或清数据,True,True,36dfe3323cbec9c9c34e49273a1de557d88a6d51fadd0438077efad2772e3ceb,无此309路径差异；实施前仍检查新改动
E:/projects/codex/aether/AgentJYS-main/web/src/monitoring/console.css,web/src/monitoring/console.css,必须保留：当前P4/Web实现与运行资源,当前本机使用；P4问题排障已暂停,只纳入当前必要版本，不重发故事或清数据,True,True,71482218a747d3668e89a3b6bc568026091b5b516117971d4589be7141b8146b,无此309路径差异；实施前仍检查新改动
E:/projects/codex/aether/AgentJYS-main/web/src/monitoring/identity.test.ts,web/src/monitoring/identity.test.ts,必须保留：当前P4/Web实现与运行资源,当前本机使用；P4问题排障已暂停,只纳入当前必要版本，不重发故事或清数据,True,True,9fec93699fbae1ee9bfe6053e07ad3b391848b91a166e9bdcaee1df5d69bc372,无此309路径差异；实施前仍检查新改动
E:/projects/codex/aether/AgentJYS-main/web/src/monitoring/identity.ts,web/src/monitoring/identity.ts,必须保留：当前P4/Web实现与运行资源,当前本机使用；P4问题排障已暂停,只纳入当前必要版本，不重发故事或清数据,True,True,6dcbbd921ff21cfc9acb897f2e8ab3583d28a1c4e71afaa4612b368b3ebf1e32,无此309路径差异；实施前仍检查新改动
E:/projects/codex/aether/AgentJYS-main/web/src/monitoring/trace.test.ts,web/src/monitoring/trace.test.ts,必须保留：当前P4/Web实现与运行资源,当前本机使用；P4问题排障已暂停,只纳入当前必要版本，不重发故事或清数据,True,True,6a5bff0414c384d8e14ee326712ab8b640feb02417545ee16c923498b2f1a7f9,无此309路径差异；实施前仍检查新改动
E:/projects/codex/aether/AgentJYS-main/web/src/monitoring/trace.ts,web/src/monitoring/trace.ts,必须保留：当前P4/Web实现与运行资源,当前本机使用；P4问题排障已暂停,只纳入当前必要版本，不重发故事或清数据,True,True,54ec730fc8c7bfee25d554b072789bc9274034b17ef4a92fc36fe70e7de69a56,无此309路径差异；实施前仍检查新改动
E:/projects/codex/aether/AgentJYS-main/web/src/monitoring/useMonitor.test.tsx,web/src/monitoring/useMonitor.test.tsx,必须保留：当前P4/Web实现与运行资源,当前本机使用；P4问题排障已暂停,只纳入当前必要版本，不重发故事或清数据,True,True,7aa604c335de43ed289fdfec9fa30df55b63517c5fdd13fa59a32c814b3e6eed,无此309路径差异；实施前仍检查新改动
E:/projects/codex/aether/AgentJYS-main/web/src/monitoring/useMonitor.ts,web/src/monitoring/useMonitor.ts,必须保留：当前P4/Web实现与运行资源,当前本机使用；P4问题排障已暂停,只纳入当前必要版本，不重发故事或清数据,True,True,03c9add4a5099922a8b5bfe84a7a8f966a50fde09eb59bffa9c9e9c442f559e5,无此309路径差异；实施前仍检查新改动
E:/projects/codex/aether/AgentJYS-main/web/src/monitoring/useOperation.test.tsx,web/src/monitoring/useOperation.test.tsx,必须保留：当前P4/Web实现与运行资源,当前本机使用；P4问题排障已暂停,只纳入当前必要版本，不重发故事或清数据,True,True,313707c64195d33b73109d018ab5f910f3ea48120156ea293b68d751e2b2bc2d,无此309路径差异；实施前仍检查新改动
E:/projects/codex/aether/AgentJYS-main/web/src/test/setup.ts,web/src/test/setup.ts,必须保留：当前P4/Web实现与运行资源,当前本机使用；P4问题排障已暂停,只纳入当前必要版本，不重发故事或清数据,True,True,7419e47b1a2c56bd2621279ff8dc2fcf5c8b514a9b39645ac67a8f1f1bde72c2,无此309路径差异；实施前仍检查新改动
E:/projects/codex/aether/AgentJYS-main/web/src/utils/status.ts,web/src/utils/status.ts,必须保留：当前P4/Web实现与运行资源,当前本机使用；P4问题排障已暂停,只纳入当前必要版本，不重发故事或清数据,True,True,65adcca668fb2969482c5adc5ca4616ffba2c5f5d5ad13f53df95c6ffb7a91f9,无此309路径差异；实施前仍检查新改动
E:/projects/codex/aether/AgentJYS-main/web/src/workspace.css,web/src/workspace.css,必须保留：当前P4/Web实现与运行资源,当前本机使用；P4问题排障已暂停,只纳入当前必要版本，不重发故事或清数据,True,True,a26d94028fa108e518d7d046d9f9497952e51774628a7a3acbb456e09c3dda43,无此309路径差异；实施前仍检查新改动
E:/projects/codex/aether/AgentJYS-main/web/tsconfig.json,web/tsconfig.json,必须保留：当前P4/Web实现与运行资源,当前本机使用；P4问题排障已暂停,只纳入当前必要版本，不重发故事或清数据,True,True,efe0977c04b195d3c058cf113251cfba8d8526eea8a576bd5ad7628590994311,无此309路径差异；实施前仍检查新改动
E:/projects/codex/aether/AgentJYS-main/web/vite.config.ts,web/vite.config.ts,必须保留：当前P4/Web实现与运行资源,当前本机使用；P4问题排障已暂停,只纳入当前必要版本，不重发故事或清数据,True,True,bb1eeaa6e8eee0eeef9499909cb2389bbea2031005586201f86acf2c54e068e1,无此309路径差异；实施前仍检查新改动
